ID,MAP,type,coord_index
0,0,38100,126
1,0,30301,110
2,0,30300,103
3,0,38101,107
4,0,32102,112
5,0,32201,120
6,0,32101,116
7,0,34101,101
8,0,34300,111
9,0,34103,106
10,0,34101,104
11,0,43410,358
12,0,41000,302
13,0,41000,313
14,0,41000,300
15,0,45000,312
16,0,40008,305
17,0,43400,314
18,0,40101,301
19,0,46912,757
20,0,46643,756
21,0,49422,190
22,0,46743,761
23,0,46633,763
24,0,46562,755
25,0,46544,758
26,0,46627,754
27,0,46593,760
28,0,46722,762
29,0,46551,750
30,0,46571,759
31,0,46515,753
32,0,46050,620
33,0,46010,633
34,0,46000,655
35,0,46060,628
36,0,46030,637
37,0,46040,660
38,0,46020,658
39,0,46010,651
40,0,46030,659
41,0,46030,644
42,0,46000,645
43,0,46010,662
44,0,46040,616
45,0,46030,617
46,0,46050,643
47,0,46000,653
48,0,46030,654
49,0,46040,621
50,0,46030,627
51,0,46050,646
52,0,46030,632
53,0,46020,641
54,0,46020,661
55,0,46010,622
56,0,46040,650
57,0,46000,619
58,0,46010,648
59,0,46000,647
60,0,46000,618
61,0,46000,634
62,0,46010,638
63,0,46060,652
64,0,46010,623
65,0,46060,630
66,0,46020,640
67,0,46040,642
68,0,46060,639
69,0,46060,656
70,0,46060,631
71,0,46060,625
72,0,46050,657
73,0,46020,649
74,0,46060,635
75,0,46040,624
76,0,46050,629
77,0,46050,626
78,0,46050,615
79,0,46040,636
80,0,46605,602
81,0,46503,604
82,0,46703,606
83,0,46504,601
84,0,46604,605
85,0,46701,607
86,0,46606,603
87,0,38101,117
88,0,34101,109
89,0,34103,113
90,0,34103,100
91,0,34101,114
92,0,45000,306
93,0,40102,310
94,0,43000,307
95,1,38101,124
96,1,30301,113
97,1,30000,106
98,1,38100,100
99,1,32000,111
100,1,32100,103
101,1,32200,108
102,1,34002,116
103,1,34200,110
104,1,34100,107
105,1,34100,104
106,1,45010,356
107,1,41000,314
108,1,41000,305
109,1,41000,310
110,1,45000,312
111,1,40009,308
112,1,43400,300
113,1,43501,313
114,1,46863,757
115,1,46531,756
116,1,49434,190
117,1,46683,763
118,1,46741,750
119,1,46663,753
120,1,46633,761
121,1,46591,762
122,1,46651,758
123,1,46572,755
124,1,46553,760
125,1,46712,754
126,1,46692,759
127,1,46604,605
128,1,46505,604
129,1,46503,606
130,1,46704,601
131,1,46602,607
132,1,46700,602
133,1,46605,603
134,1,49400,712
135,1,30301,109
136,1,32100,101
137,1,32000,114
138,1,32200,117
139,1,34200,112
140,1,40103,302
141,1,40101,307
142,1,43501,301
143,2,38000,122
144,2,30301,113
145,2,30001,117
146,2,38101,101
147,2,32100,111
148,2,32001,120
149,2,32101,104
150,2,34102,108
151,2,34200,110
152,2,34103,103
153,2,34200,116
154,2,43010,351
155,2,41000,307
156,2,41000,314
157,2,41000,310
158,2,45000,306
159,2,40004,305
160,2,40102,312
161,2,43401,308
162,2,46882,757
163,2,46644,756
164,2,49412,190
165,2,46582,754
166,2,46631,763
167,2,46681,755
168,2,46524,760
169,2,46772,759
170,2,46553,753
171,2,46722,750
172,2,46653,762
173,2,46713,761
174,2,46514,758
175,2,46604,605
176,2,46504,606
177,2,46606,604
178,2,46704,601
179,2,46702,607
180,2,46605,602
181,2,46502,603
182,2,30301,106
183,2,30301,109
184,2,38000,112
185,2,34103,107
186,2,34102,114
187,2,43501,300
188,2,43401,302
189,2,43501,313
190,3,38100,129
191,3,30301,104
192,3,30001,110
193,3,38000,114
194,3,32101,101
195,3,32001,106
196,3,32201,116
197,3,34000,120
198,3,34100,112
199,3,34101,100
200,3,34101,113
201,3,43020,364
202,3,41000,306
203,3,41000,305
204,3,41000,313
205,3,45000,307
206,3,40005,302
207,3,40102,312
208,3,43501,310
209,3,46821,757
210,3,46743,756
211,3,49413,190
212,3,46522,754
213,3,46534,761
214,3,46543,763
215,3,46633,750
216,3,46653,759
217,3,46551,762
218,3,46711,755
219,3,45512,760
220,3,46571,753
221,3,46693,758
222,3,46605,604
223,3,46700,605
224,3,46602,602
225,3,46503,607
226,3,46505,601
227,3,46701,606
228,3,46604,603
229,3,34101,109
230,3,34101,117
231,3,34000,103
232,3,34000,108
233,3,34101,107
234,3,37900,308
235,3,40008,300
236,3,43000,301
237,4,38001,125
238,4,30301,107
239,4,30001,101
240,4,38000,111
241,4,32200,110
242,4,32001,116
243,4,32000,113
244,4,34200,104
245,4,34001,117
246,4,34000,106
247,4,34200,109
248,4,43010,357
249,4,41000,306
250,4,41000,301
251,4,41000,310
252,4,45000,312
253,4,40008,305
254,4,43501,313
255,4,40101,308
256,4,46952,757
257,4,46682,756
258,4,49414,190
259,4,46644,762
260,4,46583,754
261,4,46521,759
262,4,46671,750
263,4,46572,760
264,4,46652,753
265,4,46712,763
266,4,46724,758
267,4,46551,755
268,4,46593,761
269,4,46060,646
270,4,46050,661
271,4,46000,619
272,4,46040,653
273,4,46020,642
274,4,46030,625
275,4,46010,657
276,4,46040,627
277,4,46050,617
278,4,46000,628
279,4,46000,638
280,4,46050,662
281,4,46040,632
282,4,46040,654
283,4,46040,647
284,4,46020,660
285,4,46000,618
286,4,46010,615
287,4,46040,648
288,4,46060,629
289,4,46060,651
290,4,46060,624
291,4,46010,623
292,4,46030,630
293,4,46040,633
294,4,46030,649
295,4,46050,631
296,4,46060,635
297,4,46010,626
298,4,46000,639
299,4,46030,621
300,4,46000,655
301,4,46030,643
302,4,46050,659
303,4,46050,645
304,4,46060,616
305,4,46060,620
306,4,46050,644
307,4,46000,656
308,4,46020,636
309,4,46010,658
310,4,46010,641
311,4,46030,622
312,4,46010,650
313,4,46020,634
314,4,46060,640
315,4,46020,652
316,4,46030,637
317,4,46703,606
318,4,46602,602
319,4,46604,605
320,4,46605,601
321,4,46503,607
322,4,46701,604
323,4,46502,603
324,4,30301,112
325,4,32001,103
326,4,34001,120
327,4,34001,100
328,4,34200,114
329,4,37900,314
330,4,45000,302
331,4,40006,300
332,5,38001,126
333,5,30301,100
334,5,30001,111
335,5,38000,109
336,5,32001,106
337,5,32000,112
338,5,32200,120
339,5,34100,104
340,5,34000,117
341,5,34200,114
342,5,34200,103
343,5,45010,358
344,5,41000,301
345,5,41000,307
346,5,41000,312
347,5,45000,306
348,5,40009,300
349,5,40103,310
350,5,43000,313
351,5,46913,757
352,5,46561,756
353,5,49433,190
354,5,46663,759
355,5,46584,755
356,5,46742,762
357,5,46682,754
358,5,46721,758
359,5,46516,753
360,5,46591,761
361,5,46572,763
362,5,46694,750
363,5,46622,760
364,5,46060,657
365,5,46000,650
366,5,46030,652
367,5,46020,627
368,5,46040,626
369,5,46050,635
370,5,46010,616
371,5,46000,618
372,5,46000,617
373,5,46050,658
374,5,46040,619
375,5,46030,659
376,5,46040,655
377,5,46060,624
378,5,46040,636
379,5,46060,662
380,5,46060,648
381,5,46060,631
382,5,46040,643
383,5,46010,656
384,5,46040,647
385,5,46010,622
386,5,46050,645
387,5,46040,644
388,5,46000,660
389,5,46000,661
390,5,46030,651
391,5,46010,625
392,5,46020,642
393,5,46020,629
394,5,46000,620
395,5,46050,639
396,5,46030,641
397,5,46050,621
398,5,46060,632
399,5,46010,653
400,5,46010,638
401,5,46020,634
402,5,46010,633
403,5,46060,628
404,5,46050,637
405,5,46050,615
406,5,46030,646
407,5,46060,623
408,5,46000,640
409,5,46020,654
410,5,46020,630
411,5,46020,649
412,5,46605,606
413,5,46606,604
414,5,46701,601
415,5,46505,607
416,5,46703,602
417,5,46604,605
418,5,46503,603
419,5,38001,107
420,5,32001,116
421,5,32000,113
422,5,34100,101
423,5,34200,110
424,5,40005,314
425,5,40101,305
426,5,43001,302
427,6,38100,124
428,6,30301,113
429,6,30001,100
430,6,38001,101
431,6,32102,117
432,6,32001,109
433,6,32201,103
434,6,34002,104
435,6,34100,111
436,6,34003,106
437,6,34100,107
438,6,45010,356
439,6,41000,300
440,6,41000,308
441,6,41000,313
442,6,45000,302
443,6,40003,314
444,6,43000,312
445,6,43400,301
446,6,46812,757
447,6,46532,756
448,6,49423,190
449,6,46743,753
450,6,46644,758
451,6,46661,761
452,6,46583,762
453,6,46573,755
454,6,46695,754
455,6,46724,759
456,6,46551,760
457,6,46626,763
458,6,46591,750
459,6,46801,607
460,6,46605,604
461,6,46503,605
462,6,46505,602
463,6,46703,601
464,6,46602,606
465,6,46704,603
466,6,30001,116
467,6,38100,114
468,6,32201,112
469,6,34002,110
470,6,34002,108
471,6,40101,310
472,6,43400,305
473,6,43000,307
474,7,38001,128
475,7,30000,107
476,7,30300,111
477,7,38000,117
478,7,32000,112
479,7,32200,104
480,7,32001,101
481,7,34300,100
482,7,34100,109
483,7,34003,103
484,7,34003,113
485,7,43411,362
486,7,41000,308
487,7,41000,300
488,7,41000,313
489,7,45000,310
490,7,40004,302
491,7,43501,307
492,7,40101,314
493,7,46883,757
494,7,46633,756
495,7,49434,190
496,7,46743,760
497,7,46641,759
498,7,46683,754
499,7,46584,763
500,7,45513,761
501,7,46571,750
502,7,46714,762
503,7,46722,753
504,7,46553,758
505,7,46774,755
506,7,46606,602
507,7,46605,605
508,7,46502,607
509,7,46505,606
510,7,46604,604
511,7,46704,601
512,7,46701,603
513,7,38001,116
514,7,32200,110
515,7,32200,106
516,7,34300,108
517,7,34100,120
518,7,37900,305
519,7,45000,306
520,7,40001,301
521,8,30001,121
522,8,30000,116
523,8,38101,103
524,8,38001,100
525,8,32001,120
526,8,32101,112
527,8,32200,108
528,8,34200,107
529,8,34103,110
530,8,34001,114
531,8,34200,113
532,8,41010,350
533,8,41000,307
534,8,41000,301
535,8,41000,314
536,8,45000,313
537,8,40007,302
538,8,43501,310
539,8,40101,308
540,8,46881,757
541,8,46663,756
542,8,49435,190
543,8,46521,760
544,8,46581,755
545,8,46534,763
546,8,46673,758
547,8,46771,750
548,8,46573,754
549,8,46691,759
550,8,46711,762
551,8,46552,761
552,8,46511,753
553,8,46060,658
554,8,46030,639
555,8,46000,618
556,8,46010,626
557,8,46020,622
558,8,46040,645
559,8,46050,631
560,8,46030,660
561,8,46010,651
562,8,46040,615
563,8,46000,629
564,8,46020,661
565,8,46000,621
566,8,46040,640
567,8,46000,652
568,8,46000,634
569,8,46030,647
570,8,46040,623
571,8,46040,630
572,8,46000,617
573,8,46030,625
574,8,46010,641
575,8,46050,646
576,8,46030,636
577,8,46030,662
578,8,46000,633
579,8,46040,624
580,8,46030,642
581,8,46040,632
582,8,46050,653
583,8,46020,648
584,8,46020,650
585,8,46010,654
586,8,46010,619
587,8,46010,620
588,8,46050,628
589,8,46060,656
590,8,46010,659
591,8,46050,627
592,8,46060,643
593,8,46050,637
594,8,46050,638
595,8,46020,649
596,8,46060,657
597,8,46020,616
598,8,46060,635
599,8,46020,655
600,8,46060,644
601,8,46602,604
602,8,46604,601
603,8,46503,607
604,8,46704,605
605,8,46701,606
606,8,46502,602
607,8,46605,603
608,8,30000,106
609,8,38001,109
610,8,32101,117
611,8,34200,104
612,8,34200,111
613,8,37900,306
614,8,45000,305
615,8,40009,312
616,9,30301,126
617,9,30001,111
618,9,38001,104
619,9,38000,120
620,9,32001,107
621,9,32102,116
622,9,32000,112
623,9,34003,110
624,9,34101,114
625,9,34103,113
626,9,34003,100
627,9,41010,358
628,9,41000,305
629,9,41000,306
630,9,41000,300
631,9,45000,302
632,9,40003,310
633,9,43001,301
634,9,40101,312
635,9,46884,757
636,9,46641,756
637,9,49436,190
638,9,46582,755
639,9,46662,754
640,9,46672,759
641,9,46631,763
642,9,46516,760
643,9,46771,753
644,9,46711,750
645,9,46723,762
646,9,46628,758
647,9,46551,761
648,9,46605,607
649,9,46604,606
650,9,46701,601
651,9,46602,602
652,9,46504,604
653,9,46503,605
654,9,46704,603
655,9,30301,101
656,9,38001,117
657,9,32102,103
658,9,32001,106
659,9,34103,109
660,9,43001,307
661,9,43001,314
662,9,43001,313
663,10,38101,121
664,10,30001,117
665,10,30301,107
666,10,38100,110
667,10,32200,100
668,10,32102,120
669,10,32000,113
670,10,34200,106
671,10,34001,104
672,10,34103,111
673,10,34200,109
674,10,41010,350
675,10,41000,307
676,10,41000,313
677,10,41000,302
678,10,45000,314
679,10,40001,312
680,10,43001,305
681,10,40103,310
682,10,46881,757
683,10,46524,756
684,10,49411,190
685,10,46544,761
686,10,46532,754
687,10,46661,750
688,10,46741,763
689,10,46723,753
690,10,46573,758
691,10,46712,762
692,10,45514,760
693,10,46771,755
694,10,46551,759
695,10,46000,629
696,10,46010,649
697,10,46050,655
698,10,46030,620
699,10,46060,651
700,10,46020,636
701,10,46040,659
702,10,46040,660
703,10,46030,646
704,10,46000,626
705,10,46010,662
706,10,46050,622
707,10,46020,617
708,10,46000,619
709,10,46030,623
710,10,46040,618
711,10,46020,639
712,10,46000,648
713,10,46050,625
714,10,46030,650
715,10,46050,657
716,10,46050,630
717,10,46020,640
718,10,46000,652
719,10,46000,616
720,10,46030,635
721,10,46020,645
722,10,46060,656
723,10,46060,644
724,10,46040,632
725,10,46060,637
726,10,46060,624
727,10,46010,628
728,10,46020,658
729,10,46060,641
730,10,46040,653
731,10,46010,631
732,10,46020,627
733,10,46040,661
734,10,46030,638
735,10,46000,654
736,10,46040,621
737,10,46060,642
738,10,46050,615
739,10,46030,647
740,10,46050,643
741,10,46060,633
742,10,46060,634
743,10,46603,604
744,10,46606,606
745,10,46504,601
746,10,46700,605
747,10,46505,602
748,10,46604,607
749,10,46701,603
750,10,30001,114
751,10,30001,103
752,10,38101,108
753,10,32000,116
754,10,34200,112
755,10,37900,301
756,10,43001,308
757,10,43000,306
758,11,20800,109
759,11,38001,128
760,11,30301,107
761,11,30000,110
762,11,38000,101
763,11,32000,104
764,11,32001,116
765,11,32200,120
766,11,34002,111
767,11,34200,113
768,11,34104,100
769,11,34104,106
770,11,43410,362
771,11,41000,305
772,11,41000,308
773,11,41000,313
774,11,45000,301
775,11,40003,314
776,11,43001,302
777,11,43400,310
778,11,46914,757
779,11,46661,756
780,11,49424,190
781,11,46644,759
782,11,46583,755
783,11,46682,753
784,11,46633,760
785,11,45511,750
786,11,46572,761
787,11,46553,763
788,11,46628,754
789,11,46512,762
790,11,46692,758
791,11,46701,604
792,11,46503,602
793,11,46504,606
794,11,46703,605
795,11,46603,607
796,11,46606,601
797,11,46605,603
798,11,32200,117
799,11,34200,112
800,11,34104,103
801,11,34104,108
802,11,40102,306
803,11,40005,307
804,11,40101,300
805,12,38101,122
806,12,30301,116
807,12,30001,101
808,12,38000,103
809,12,32102,111
810,12,32101,113
811,12,32000,109
812,12,34102,106
813,12,34100,117
814,12,34002,108
815,12,34002,114
816,12,43010,351
817,12,41000,306
818,12,41000,300
819,12,41000,313
820,12,45000,314
821,12,40002,310
822,12,43501,312
823,12,40102,302
824,12,46813,757
825,12,46741,756
826,12,49421,190
827,12,46642,755
828,12,46661,760
829,12,46681,754
830,12,46561,759
831,12,46691,761
832,12,46551,763
833,12,46721,750
834,12,46516,758
835,12,46592,753
836,12,46651,762
837,12,46602,604
838,12,46703,602
839,12,46502,607
840,12,46505,605
841,12,46603,606
842,12,46702,601
843,12,46606,603
844,12,30301,104
845,12,30301,110
846,12,32102,120
847,12,34102,107
848,12,34002,112
849,12,45000,305
850,12,40103,308
851,12,40009,307
852,13,38101,121
853,13,30300,110
854,13,30000,107
855,13,38001,104
856,13,32200,112
857,13,32102,109
858,13,32000,103
859,13,34003,108
860,13,34002,106
861,13,34000,114
862,13,34002,120
863,13,43010,350
864,13,41000,306
865,13,41000,313
866,13,41000,307
867,13,45000,305
868,13,40001,308
869,13,40103,310
870,13,43501,301
871,13,46873,757
872,13,46673,756
873,13,49425,190
874,13,46632,760
875,13,46682,755
876,13,46581,753
877,13,46641,762
878,13,46551,758
879,13,46714,761
880,13,46621,750
881,13,46724,763
882,13,46591,754
883,13,46651,759
884,13,46801,603
885,13,46605,604
886,13,46503,605
887,13,46704,606
888,13,46502,601
889,13,46606,607
890,13,46700,602
891,13,30000,100
892,13,32200,113
893,13,32200,117
894,13,32102,111
895,13,34000,116
896,13,37900,302
897,13,43501,312
898,13,43000,314
899,14,38101,121
900,14,30300,103
901,14,30000,104
902,14,38000,116
903,14,32200,113
904,14,32001,111
905,14,32000,106
906,14,34003,114
907,14,34103,112
908,14,34100,108
909,14,34100,107
910,14,43411,350
911,14,41000,308
912,14,41000,302
913,14,41000,305
914,14,45000,301
915,14,40008,310
916,14,43001,307
917,14,43401,314
918,14,46822,757
919,14,46742,756
920,14,49426,190
921,14,46681,758
922,14,46643,755
923,14,46544,753
924,14,46524,762
925,14,46573,763
926,14,46552,754
927,14,46693,760
928,14,46592,750
929,14,46773,759
930,14,46651,761
931,14,46703,602
932,14,46605,601
933,14,46503,604
934,14,46502,607
935,14,46602,606
936,14,46701,605
937,14,46604,603
938,14,49400,713
939,14,30000,109
940,14,38101,110
941,14,32001,100
942,14,34100,117
943,14,34103,120
944,14,40102,306
945,14,43401,312
946,14,43401,313
947,15,38100,127
948,15,30300,113
949,15,30001,100
950,15,38101,106
951,15,32101,107
952,15,32200,111
953,15,32102,103
954,15,34100,109
955,15,34200,120
956,15,34101,104
957,15,34101,108
958,15,43411,360
959,15,41000,302
960,15,41000,312
961,15,41000,308
962,15,45000,306
963,15,40101,305
964,15,40102,300
965,15,43401,313
966,15,46814,757
967,15,46632,756
968,15,49437,190
969,15,46674,763
970,15,46581,750
971,15,46543,754
972,15,46741,761
973,15,46774,760
974,15,46512,753
975,15,46713,759
976,15,46628,755
977,15,46652,762
978,15,46554,758
979,15,46605,601
980,15,46704,607
981,15,46606,603
982,15,46504,605
983,15,46701,606
984,15,46505,604
985,15,46603,602
986,15,30300,117
987,15,30300,116
988,15,32102,101
989,15,34101,110
990,15,34200,114
991,15,45000,314
992,15,40007,301
993,15,40009,307
994,16,21000,110
995,16,30001,126
996,16,30301,113
997,16,38000,111
998,16,38100,120
999,16,32200,109
1000,16,32201,106
1001,16,32102,117
1002,16,34101,101
1003,16,34300,103
1004,16,34002,104
1005,16,34101,107
1006,16,43020,360
1007,16,41000,306
1008,16,41000,313
1009,16,41000,307
1010,16,45000,301
1011,16,40004,305
1012,16,43501,308
1013,16,43400,314
1014,16,46911,757
1015,16,46683,756
1016,16,49427,190
1017,16,46741,759
1018,16,46521,762
1019,16,46673,754
1020,16,46662,760
1021,16,46516,763
1022,16,45512,755
1023,16,46712,761
1024,16,46551,753
1025,16,46592,758
1026,16,46572,750
1027,16,46605,602
1028,16,46704,604
1029,16,46505,607
1030,16,46502,606
1031,16,46703,601
1032,16,46602,605
1033,16,46603,603
1034,16,30301,112
1035,16,30301,114
1036,16,38100,100
1037,16,32102,116
1038,16,40000,302
1039,16,43400,300
1040,16,40101,312
1041,17,30301,129
1042,17,30300,104
1043,17,38000,106
1044,17,38001,112
1045,17,32101,100
1046,17,32100,117
1047,17,32001,114
1048,17,34104,108
1049,17,34103,110
1050,17,34000,101
1051,17,34000,103
1052,17,43020,364
1053,17,41000,308
1054,17,41000,307
1055,17,41000,301
1056,17,45000,300
1057,17,40009,305
1058,17,40102,312
1059,17,43501,306
1060,17,46823,757
1061,17,46642,756
1062,17,49415,190
1063,17,46524,753
1064,17,46541,761
1065,17,46674,758
1066,17,46584,755
1067,17,46592,759
1068,17,46627,763
1069,17,46652,760
1070,17,46712,750
1071,17,46694,754
1072,17,46771,762
1073,17,46800,601
1074,17,46604,605
1075,17,46701,602
1076,17,46606,604
1077,17,46503,607
1078,17,46505,606
1079,17,46703,603
1080,17,30300,120
1081,17,38000,116
1082,17,32001,107
1083,17,34104,113
1084,17,34000,109
1085,17,45000,313
1086,17,40000,310
1087,17,43000,302
1088,18,20600,107
1089,18,38000,124
1090,18,30000,110
1091,18,30300,108
1092,18,38101,103
1093,18,32000,104
1094,18,32100,109
1095,18,32200,111
1096,18,34102,116
1097,18,34100,100
1098,18,34001,106
1099,18,34102,117
1100,18,43020,356
1101,18,41000,312
1102,18,41000,308
1103,18,41000,310
1104,18,45000,301
1105,18,40000,302
1106,18,43501,305
1107,18,40102,313
1108,18,46824,757
1109,18,46662,756
1110,18,49428,190
1111,18,46632,763
1112,18,46682,761
1113,18,46584,754
1114,18,46672,750
1115,18,46714,759
1116,18,46571,755
1117,18,46592,762
1118,18,46772,753
1119,18,45513,760
1120,18,46551,758
1121,18,46801,603
1122,18,46604,606
1123,18,46701,607
1124,18,46606,602
1125,18,46504,604
1126,18,46503,601
1127,18,46703,605
1128,18,30300,114
1129,18,38101,113
1130,18,32000,101
1131,18,34102,112
1132,18,43000,300
1133,18,43501,314
1134,18,43000,307
1135,19,30001,123
1136,19,30300,108
1137,19,38001,107
1138,19,38000,104
1139,19,32000,111
1140,19,32102,100
1141,19,32101,109
1142,19,34300,113
1143,19,34200,110
1144,19,34100,112
1145,19,34300,114
1146,19,45010,352
1147,19,41000,314
1148,19,41000,306
1149,19,41000,307
1150,19,45000,313
1151,19,40001,312
1152,19,43001,305
1153,19,40102,300
1154,19,46882,757
1155,19,46681,756
1156,19,49438,190
1157,19,46673,750
1158,19,46534,760
1159,19,46633,763
1160,19,46581,754
1161,19,46627,761
1162,19,46652,755
1163,19,46516,762
1164,19,46571,758
1165,19,46554,753
1166,19,45514,759
1167,19,46504,602
1168,19,46503,606
1169,19,46602,601
1170,19,46703,604
1171,19,46606,605
1172,19,46700,607
1173,19,46605,603
1174,19,30001,103
1175,19,32102,106
1176,19,34300,101
1177,19,34300,116
1178,19,34200,117
1179,19,40008,308
1180,19,43001,310
1181,19,43001,301
1182,20,30301,129
1183,20,30300,104
1184,20,38001,109
1185,20,38100,100
1186,20,32000,114
1187,20,32102,108
1188,20,32000,112
1189,20,34200,101
1190,20,34300,113
1191,20,34200,117
1192,20,41010,364
1193,20,41000,307
1194,20,41000,312
1195,20,41000,301
1196,20,40001,305
1197,20,40101,310
1198,20,43501,308
1199,20,46821,757
1200,20,46663,756
1201,20,49416,190
1202,20,46681,762
1203,20,46524,761
1204,20,46671,755
1205,20,46653,760
1206,20,45511,763
1207,20,46573,750
1208,20,46050,652
1209,20,46020,642
1210,20,46060,617
1211,20,46030,662
1212,20,46040,640
1213,20,46000,648
1214,20,46010,628
1215,20,46010,659
1216,20,46020,647
1217,20,46010,655
1218,20,46060,641
1219,20,46020,627
1220,20,46020,618
1221,20,46040,615
1222,20,46000,656
1223,20,46000,645
1224,20,46060,644
1225,20,46000,654
1226,20,46030,646
1227,20,46040,632
1228,20,46030,631
1229,20,46060,629
1230,20,46040,649
1231,20,46050,643
1232,20,46000,639
1233,20,46060,660
1234,20,46000,651
1235,20,46010,630
1236,20,46040,653
1237,20,46030,620
1238,20,46060,650
1239,20,46040,661
1240,20,46605,606
1241,20,46700,607
1242,20,46602,605
1243,20,46503,602
1244,20,49400,718
1245,20,30301,116
1246,20,34300,110
1247,20,43501,300
1248,20,43000,313
1249,21,20900,111
1250,21,30300,125
1251,21,30001,100
1252,21,38001,116
1253,21,38100,101
1254,21,32100,104
1255,21,32000,114
1256,21,32000,110
1257,21,34001,117
1258,21,34000,113
1259,21,34000,109
1260,21,43011,357
1261,21,41000,310
1262,21,41000,300
1263,21,41000,314
1264,21,40004,308
1265,21,40101,305
1266,21,43401,313
1267,21,46953,757
1268,21,46674,756
1269,21,49421,190
1270,21,46522,763
1271,21,46662,755
1272,21,46591,760
1273,21,46721,761
1274,21,46584,762
1275,21,46713,750
1276,21,46606,602
1277,21,46700,605
1278,21,46504,607
1279,21,46603,606
1280,21,38001,112
1281,21,45000,312
1282,21,40102,301
1283,22,38101,122
1284,22,30301,101
1285,22,30300,112
1286,22,38000,108
1287,22,32001,109
1288,22,32100,113
1289,22,32001,111
1290,22,34003,116
1291,22,34200,104
1292,22,34003,110
1293,22,43020,351
1294,22,41000,307
1295,22,41000,314
1296,22,41000,300
1297,22,40007,312
1298,22,40102,308
1299,22,43401,305
1300,22,46862,757
1301,22,46682,756
1302,22,49422,190
1303,22,46644,763
1304,22,46742,755
1305,22,46522,760
1306,22,46573,761
1307,22,45512,762
1308,22,46627,750
1309,22,46700,602
1310,22,46505,607
1311,22,46605,605
1312,22,46602,606
1313,22,30300,114
1314,22,38000,117
1315,22,45000,313
1316,22,40005,310
1317,23,38001,129
1318,23,30301,101
1319,23,30000,112
1320,23,38100,110
1321,23,32101,100
1322,23,32000,116
1323,23,32000,108
1324,23,34200,109
1325,23,34000,113
1326,23,34000,117
1327,23,44010,364
1328,23,41000,307
1329,23,41000,300
1330,23,41000,313
1331,23,40007,312
1332,23,40103,305
1333,23,43401,301
1334,23,46861,757
1335,23,46631,756
1336,23,49417,190
1337,23,46531,761
1338,23,46541,762
1339,23,46581,755
1340,23,46696,763
1341,23,46573,760
1342,23,46714,750
1343,23,46800,606
1344,23,46606,605
1345,23,46505,602
1346,23,46703,607
1347,23,49400,715
1348,23,38001,104
1349,23,32101,114
1350,23,37900,310
1351,23,43001,308
1352,24,38101,129
1353,24,30301,112
1354,24,30000,116
1355,24,38100,108
1356,24,32000,100
1357,24,32101,113
1358,24,32000,109
1359,24,34100,114
1360,24,34001,101
1361,24,34001,117
1362,24,43010,364
1363,24,41000,308
1364,24,41000,313
1365,24,41000,307
1366,24,40008,310
1367,24,43000,312
1368,24,40101,301
1369,24,46822,757
1370,24,46683,756
1371,24,49423,190
1372,24,46642,762
1373,24,46563,755
1374,24,46741,760
1375,24,45513,750
1376,24,46628,763
1377,24,46592,761
1378,24,46604,607
1379,24,46603,602
1380,24,46503,605
1381,24,46700,606
1382,24,34001,104
1383,24,34001,110
1384,24,37900,305
1385,24,45000,300
1386,25,30300,125
1387,25,30000,101
1388,25,38000,116
1389,25,38001,103
1390,25,32101,113
1391,25,32000,100
1392,25,34100,114
1393,25,34200,120
1394,25,34100,104
1395,25,45010,357
1396,25,41000,308
1397,25,41000,305
1398,25,41000,313
1399,25,40000,314
1400,25,40102,302
1401,25,43400,312
1402,25,46912,757
1403,25,46661,756
1404,25,49424,190
1405,25,46581,762
1406,25,46741,753
1407,25,46644,755
1408,25,46591,763
1409,25,46571,754
1410,25,45514,750
1411,25,46605,605
1412,25,46701,607
1413,25,46502,601
1414,25,46603,602
1415,25,30000,117
1416,25,38001,109
1417,25,37900,301
1418,25,45000,300
1419,26,38001,121
1420,26,30000,109
1421,26,30001,113
1422,26,38000,103
1423,26,32101,120
1424,26,32100,117
1425,26,34200,116
1426,26,34101,100
1427,26,34101,108
1428,26,43020,350
1429,26,41000,312
1430,26,41000,308
1431,26,41000,301
1432,26,40008,305
1433,26,43001,307
1434,26,43400,302
1435,26,46883,757
1436,26,46643,756
1437,26,49425,190
1438,26,46742,753
1439,26,46671,763
1440,26,46524,750
1441,26,46572,755
1442,26,46713,762
1443,26,46624,754
1444,26,46606,602
1445,26,46604,605
1446,26,46503,601
1447,26,46700,607
1448,26,49400,718
1449,26,32101,114
1450,26,34200,104
1451,26,40101,313
1452,26,43400,314
1453,27,30300,126
1454,27,30301,120
1455,27,38100,109
1456,27,38101,100
1457,27,32000,113
1458,27,32001,101
1459,27,34000,103
1460,27,34100,104
1461,27,34000,114
1462,27,45010,358
1463,27,41000,307
1464,27,41000,302
1465,27,41000,300
1466,27,40004,314
1467,27,43001,313
1468,27,40101,301
1469,27,46863,757
1470,27,46644,756
1471,27,49418,190
1472,27,46631,753
1473,27,46662,750
1474,27,46563,763
1475,27,46511,762
1476,27,46691,754
1477,27,46651,755
1478,27,46802,607
1479,27,46703,605
1480,27,46603,602
1481,27,46504,601
1482,27,30300,117
1483,27,32000,116
1484,27,37900,312
1485,27,40103,305
1486,28,38101,123
1487,28,30000,108
1488,28,30001,101
1489,28,38100,100
1490,28,32001,114
1491,28,32102,104
1492,28,34000,117
1493,28,34101,113
1494,28,34000,109
1495,28,45010,352
1496,28,41000,307
1497,28,41000,312
1498,28,41000,308
1499,28,40002,301
1500,28,40101,314
1501,28,43400,300
1502,28,46811,757
1503,28,46743,756
1504,28,49431,190
1505,28,46533,755
1506,28,46674,754
1507,28,46633,763
1508,28,46572,762
1509,28,46711,750
1510,28,46551,753
1511,28,46040,652
1512,28,46030,642
1513,28,46060,617
1514,28,46000,640
1515,28,46050,657
1516,28,46020,625
1517,28,46010,660
1518,28,46000,622
1519,28,46040,618
1520,28,46040,656
1521,28,46030,616
1522,28,46060,620
1523,28,46010,661
1524,28,46010,644
1525,28,46040,641
1526,28,46050,623
1527,28,46020,639
1528,28,46060,632
1529,28,46020,653
1530,28,46060,654
1531,28,46050,662
1532,28,46040,629
1533,28,46010,630
1534,28,46020,631
1535,28,46050,619
1536,28,46040,643
1537,28,46020,628
1538,28,46060,659
1539,28,46030,651
1540,28,46050,655
1541,28,46040,615
1542,28,46050,658
1543,28,46505,607
1544,28,46604,605
1545,28,46603,602
1546,28,46704,601
1547,28,38100,116
1548,28,34101,103
1549,28,37900,305
1550,28,45000,313
1551,29,20100,100
1552,29,30301,123
1553,29,30000,109
1554,29,38000,101
1555,29,38101,103
1556,29,32100,114
1557,29,32000,113
1558,29,34003,108
1559,29,34300,116
1560,29,34003,117
1561,29,43011,352
1562,29,41000,308
1563,29,41000,300
1564,29,41000,313
1565,29,40007,307
1566,29,43400,312
1567,29,40102,301
1568,29,46913,757
1569,29,46671,756
1570,29,49426,190
1571,29,46632,753
1572,29,46582,750
1573,29,46523,763
1574,29,46513,762
1575,29,46592,754
1576,29,45511,755
1577,29,46604,601
1578,29,46703,607
1579,29,46504,602
1580,29,46605,605
1581,29,49400,715
1582,29,30301,104
1583,29,43001,305
1584,29,43400,314
1585,30,30301,129
1586,30,30300,117
1587,30,38101,107
1588,30,38000,103
1589,30,32000,112
1590,30,32102,110
1591,30,32102,101
1592,30,34100,116
1593,30,34300,100
1594,30,34100,120
1595,30,44010,364
1596,30,41000,306
1597,30,41000,310
1598,30,41000,305
1599,30,40004,301
1600,30,40101,300
1601,30,46812,757
1602,30,46741,756
1603,30,49431,190
1604,30,46672,320
1605,30,46631,317
1606,30,46534,322
1607,30,46563,318
1608,30,46683,315
1609,30,46641,309
1610,30,46663,760
1611,30,46582,754
1612,30,46627,759
1613,30,46712,755
1614,30,46516,753
1615,30,46553,761
1616,30,46722,758
1617,30,46571,750
1618,30,46800,603
1619,30,46604,606
1620,30,46505,607
1621,30,46602,604
1622,30,46701,602
1623,30,46704,601
1624,30,41300,321
1625,30,43300,319
1626,30,43301,316
1627,30,30300,104
1628,30,38101,106
1629,30,45000,313
1630,30,40002,302
1631,31,30000,123
1632,31,30300,116
1633,31,38101,112
1634,31,38001,110
1635,31,32100,107
1636,31,32000,100
1637,31,32100,111
1638,31,34300,104
1639,31,34102,101
1640,31,34300,117
1641,31,41010,352
1642,31,41000,305
1643,31,41000,300
1644,31,41000,306
1645,31,40007,310
1646,31,40103,301
1647,31,46864,757
1648,31,46742,756
1649,31,49432,190
1650,31,46561,317
1651,31,46661,320
1652,31,46673,322
1653,31,46763,316
1654,31,46682,318
1655,31,46642,309
1656,31,46524,755
1657,31,46532,759
1658,31,46651,750
1659,31,46722,761
1660,31,46627,754
1661,31,45512,760
1662,31,46714,753
1663,31,46692,758
1664,31,46502,603
1665,31,46701,601
1666,31,46603,607
1667,31,46505,604
1668,31,46606,602
1669,31,46702,606
1670,31,41300,321
1671,31,43300,315
1672,31,43301,319
1673,31,32000,103
1674,31,34300,106
1675,31,37900,314
1676,31,45000,313
1677,32,21500,117
1678,32,38001,129
1679,32,30000,101
1680,32,30301,107
1681,32,38101,106
1682,32,32201,112
1683,32,32100,110
1684,32,32100,120
1685,32,34104,116
1686,32,34003,103
1687,32,34003,104
1688,32,43410,364
1689,32,41000,310
1690,32,41000,300
1691,32,41000,306
1692,32,40009,301
1693,32,40101,313
1694,32,46861,757
1695,32,46662,756
1696,32,49411,190
1697,32,46682,316
1698,32,46531,322
1699,32,46673,317
1700,32,46751,320
1701,32,46631,309
1702,32,46643,318
1703,32,46742,759
1704,32,46521,753
1705,32,45513,760
1706,32,46512,754
1707,32,46652,750
1708,32,46571,761
1709,32,46721,755
1710,32,46623,758
1711,32,46602,607
1712,32,46701,606
1713,32,46604,604
1714,32,46502,602
1715,32,46603,601
1716,32,46700,603
1717,32,41300,321
1718,32,43301,319
1719,32,43300,315
1720,32,38001,100
1721,32,45000,302
1722,32,43401,305
1723,33,38001,129
1724,33,30000,107
1725,33,30301,110
1726,33,38101,116
1727,33,32000,101
1728,33,32201,104
1729,33,32000,106
1730,33,34102,117
1731,33,34100,120
1732,33,34102,100
1733,33,43020,364
1734,33,41000,300
1735,33,41000,310
1736,33,41000,305
1737,33,40002,313
1738,33,40102,306
1739,33,46823,757
1740,33,46641,756
1741,33,49412,190
1742,33,46533,320
1743,33,46672,315
1744,33,46632,319
1745,33,46683,318
1746,33,46521,316
1747,33,46661,309
1748,33,46743,759
1749,33,46563,754
1750,33,45514,750
1751,33,46627,753
1752,33,46714,758
1753,33,46693,760
1754,33,46551,761
1755,33,46722,755
1756,33,46020,619
1757,33,46050,645
1758,33,46030,621
1759,33,46060,629
1760,33,46010,637
1761,33,46040,657
1762,33,46000,660
1763,33,46010,646
1764,33,46000,634
1765,33,46010,626
1766,33,46000,623
1767,33,46040,622
1768,33,46030,627
1769,33,46000,631
1770,33,46040,659
1771,33,46020,647
1772,33,46010,649
1773,33,46040,617
1774,33,46020,632
1775,33,46040,633
1776,33,46000,624
1777,33,46040,625
1778,33,46030,616
1779,33,46030,635
1780,33,46040,638
1781,33,46020,618
1782,33,46030,650
1783,33,46050,615
1784,33,46030,628
1785,33,46020,620
1786,33,46060,630
1787,33,46010,662
1788,33,46602,601
1789,33,46702,606
1790,33,46503,607
1791,33,46703,604
1792,33,46605,602
1793,33,46502,603
1794,33,41300,321
1795,33,43300,322
1796,33,43301,317
1797,33,30000,112
1798,33,32201,103
1799,33,40103,302
1800,33,43501,301
1801,34,30001,122
1802,34,30301,111
1803,34,38001,106
1804,34,38101,104
1805,34,32001,101
1806,34,32201,116
1807,34,32001,117
1808,34,34003,120
1809,34,34300,110
1810,34,34300,112
1811,34,45010,351
1812,34,41000,302
1813,34,41000,314
1814,34,41000,310
1815,34,40008,306
1816,34,40101,305
1817,34,46954,757
1818,34,46743,756
1819,34,49413,190
1820,34,46752,318
1821,34,46631,322
1822,34,46641,316
1823,34,46671,309
1824,34,46524,319
1825,34,46662,317
1826,34,46583,754
1827,34,46682,759
1828,34,46652,758
1829,34,46511,761
1830,34,46713,755
1831,34,45511,753
1832,34,46723,750
1833,34,46592,760
1834,34,46602,607
1835,34,46504,601
1836,34,46604,606
1837,34,46700,604
1838,34,46701,602
1839,34,46503,603
1840,34,41300,321
1841,34,43301,320
1842,34,43300,315
1843,34,49400,711
1844,34,30001,107
1845,34,38101,103
1846,34,37900,313
1847,34,40007,300
1848,35,30300,124
1849,35,30301,113
1850,35,38101,103
1851,35,38000,117
1852,35,32201,106
1853,35,32200,112
1854,35,32000,114
1855,35,34100,116
1856,35,34002,110
1857,35,34101,107
1858,35,43410,356
1859,35,41000,307
1860,35,41000,302
1861,35,41000,313
1862,35,40005,310
1863,35,40102,308
1864,35,46671,760
1865,35,46584,754
1866,35,46631,763
1867,35,45512,758
1868,35,46511,753
1869,35,46723,761
1870,35,46694,762
1871,35,46572,759
1872,35,46010,657
1873,35,46060,623
1874,35,46020,626
1875,35,46000,661
1876,35,46040,645
1877,35,46050,641
1878,35,46030,648
1879,35,46040,651
1880,35,46020,638
1881,35,46010,622
1882,35,46020,662
1883,35,46050,654
1884,35,46040,656
1885,35,46020,642
1886,35,46020,646
1887,35,46020,644
1888,35,46020,655
1889,35,46000,639
1890,35,46060,624
1891,35,46040,633
1892,35,46010,635
1893,35,46010,625
1894,35,46000,658
1895,35,46060,650
1896,35,46030,640
1897,35,46010,634
1898,35,46050,660
1899,35,46050,659
1900,35,46503,606
1901,35,46700,605
1902,35,46603,604
1903,35,46505,607
1904,35,46602,601
1905,35,46704,603
1906,35,30301,109
1907,35,34101,108
1908,35,34101,111
1909,35,37900,314
1910,35,43400,312
1911,36,30300,127
1912,36,30001,107
1913,36,38001,108
1914,36,38101,114
1915,36,32201,103
1916,36,32001,113
1917,36,32100,117
1918,36,34300,109
1919,36,34100,120
1920,36,34002,106
1921,36,43411,360
1922,36,41000,302
1923,36,41000,308
1924,36,41000,312
1925,36,40007,306
1926,36,43400,307
1927,36,46534,753
1928,36,46682,762
1929,36,46632,761
1930,36,46572,758
1931,36,46653,763
1932,36,46627,760
1933,36,46593,754
1934,36,46695,759
1935,36,46700,607
1936,36,46503,604
1937,36,46602,605
1938,36,46701,606
1939,36,46603,601
1940,36,46502,603
1941,36,49400,717
1942,36,30001,111
1943,36,38101,110
1944,36,32100,116
1945,36,37900,314
1946,36,40103,313
1947,37,21300,114
1948,37,30300,126
1949,37,30001,111
1950,37,38100,112
1951,37,38001,109
1952,37,32101,106
1953,37,32201,117
1954,37,32102,116
1955,37,34101,113
1956,37,34002,120
1957,37,34104,110
1958,37,43410,358
1959,37,41000,313
1960,37,41000,302
1961,37,41000,307
1962,37,40009,312
1963,37,40102,314
1964,37,46511,760
1965,37,46641,758
1966,37,46743,753
1967,37,46583,761
1968,37,46713,754
1969,37,46691,763
1970,37,46721,759
1971,37,46653,762
1972,37,46801,606
1973,37,46504,603
1974,37,46703,605
1975,37,46701,601
1976,37,46605,607
1977,37,46602,604
1978,37,30001,103
1979,37,34002,107
1980,37,43401,306
1981,37,43401,310
1982,38,38000,128
1983,38,30000,113
1984,38,30001,120
1985,38,38001,106
1986,38,32000,116
1987,38,32102,108
1988,38,32100,117
1989,38,34101,111
1990,38,34003,103
1991,38,34200,109
1992,38,43010,362
1993,38,41000,302
1994,38,41000,308
1995,38,41000,313
1996,38,40008,307
1997,38,40103,310
1998,38,46562,759
1999,38,46743,762
2000,38,46522,753
2001,38,45513,761
2002,38,46511,763
2003,38,46653,758
2004,38,46571,760
2005,38,46714,754
2006,38,46505,603
2007,38,46602,607
2008,38,46605,601
2009,38,46502,605
2010,38,46704,606
2011,38,46701,604
2012,38,30000,112
2013,38,38000,110
2014,38,32102,107
2015,38,37900,314
2016,38,40009,306
2017,39,30301,126
2018,39,30001,103
2019,39,38101,113
2020,39,38001,120
2021,39,32101,109
2022,39,32200,107
2023,39,32102,117
2024,39,34101,110
2025,39,34100,114
2026,39,34102,112
2027,39,43010,358
2028,39,41000,312
2029,39,41000,307
2030,39,41000,306
2031,39,40003,314
2032,39,40102,310
2033,39,46572,760
2034,39,46643,762
2035,39,46533,759
2036,39,45514,761
2037,39,46581,754
2038,39,46713,763
2039,39,46552,753
2040,39,46692,758
2041,39,46700,607
2042,39,46604,606
2043,39,46703,601
2044,39,46503,605
2045,39,46603,604
2046,39,46505,603
2047,39,30001,116
2048,39,32200,106
2049,39,34101,111
2050,39,37900,313
2051,39,43400,302
2052,40,38000,125
2053,40,30301,113
2054,40,30300,110
2055,40,38001,114
2056,40,32201,111
2057,40,32101,101
2058,40,32100,103
2059,40,34200,116
2060,40,34300,107
2061,40,34002,104
2062,40,34002,112
2063,40,43011,357
2064,40,41000,300
2065,40,41000,314
2066,40,41000,310
2067,40,45000,306
2068,40,40102,305
2069,40,40103,302
2070,40,43401,312
2071,40,46955,757
2072,40,46741,756
2073,40,49427,190
2074,40,46633,750
2075,40,46671,761
2076,40,46641,753
2077,40,46681,763
2078,40,46553,762
2079,40,45511,754
2080,40,46771,760
2081,40,46593,759
2082,40,46573,755
2083,40,46723,758
2084,40,46702,601
2085,40,46602,607
2086,40,46502,606
2087,40,46503,602
2088,40,46603,604
2089,40,46605,605
2090,40,46701,603
2091,40,30300,120
2092,40,38000,117
2093,40,32101,109
2094,40,32100,100
2095,40,34200,106
2096,40,40007,308
2097,40,40004,301
2098,40,43400,313
2099,41,30001,123
2100,41,30000,108
2101,41,38101,106
2102,41,38001,117
2103,41,32200,113
2104,41,32101,111
2105,41,32201,104
2106,41,34000,100
2107,41,34002,110
2108,41,34003,103
2109,41,34003,114
2110,41,43020,352
2111,41,41000,313
2112,41,41000,306
2113,41,41000,305
2114,41,45000,312
2115,41,40004,310
2116,41,43401,314
2117,41,40101,300
2118,41,46874,757
2119,41,46533,756
2120,41,49414,190
2121,41,46663,763
2122,41,46631,760
2123,41,46541,758
2124,41,46523,753
2125,41,45512,754
2126,41,46653,750
2127,41,46714,762
2128,41,46724,761
2129,41,46774,759
2130,41,46592,755
2131,41,46505,603
2132,41,46502,605
2133,41,46605,607
2134,41,46604,601
2135,41,46602,606
2136,41,46703,604
2137,41,46704,602
2138,41,30001,101
2139,41,30001,112
2140,41,32200,107
2141,41,32201,109
2142,41,32201,116
2143,41,40006,307
2144,41,40103,308
2145,41,43401,301
2146,42,38100,122
2147,42,30001,108
2148,42,30300,114
2149,42,38101,117
2150,42,32201,104
2151,42,32200,116
2152,42,32001,101
2153,42,34101,106
2154,42,34001,111
2155,42,34100,109
2156,42,34101,120
2157,42,43010,351
2158,42,41000,305
2159,42,41000,300
2160,42,41000,314
2161,42,45000,306
2162,42,40101,312
2163,42,40103,307
2164,42,43401,313
2165,42,46871,757
2166,42,46672,756
2167,42,49433,190
2168,42,46661,759
2169,42,46632,760
2170,42,46531,763
2171,42,46541,753
2172,42,46573,758
2173,42,46724,762
2174,42,46552,750
2175,42,46771,761
2176,42,45513,755
2177,42,46516,754
2178,42,46802,606
2179,42,46700,604
2180,42,46604,607
2181,42,46702,601
2182,42,46605,602
2183,42,46503,605
2184,42,46505,603
2185,42,32200,107
2186,42,32200,112
2187,42,34101,113
2188,42,34101,110
2189,42,34100,103
2190,42,45000,310
2191,42,40000,308
2192,42,40006,302
2193,43,30300,129
2194,43,30301,116
2195,43,38100,114
2196,43,38001,110
2197,43,32200,100
2198,43,32201,113
2199,43,32101,106
2200,43,34102,101
2201,43,34103,108
2202,43,34003,112
2203,43,34003,107
2204,43,43010,364
2205,43,41000,302
2206,43,41000,307
2207,43,41000,308
2208,43,45000,305
2209,43,40008,310
2210,43,40101,300
2211,43,43000,313
2212,43,46862,757
2213,43,46633,756
2214,43,49434,190
2215,43,46542,760
2216,43,46672,763
2217,43,46683,755
2218,43,46742,754
2219,43,46573,759
2220,43,46693,762
2221,43,46653,753
2222,43,46712,750
2223,43,46772,761
2224,43,45514,758
2225,43,46780,550
2226,43,46780,547
2227,43,46780,543
2228,43,46780,541
2229,43,46780,544
2230,43,46780,548
2231,43,46780,546
2232,43,46780,549
2233,43,46703,601
2234,43,46503,602
2235,43,46504,607
2236,43,46605,605
2237,43,46604,606
2238,43,46702,604
2239,43,46606,603
2240,43,30300,104
2241,43,30300,120
2242,43,38100,103
2243,43,34102,109
2244,43,34102,117
2245,43,45000,312
2246,43,43000,306
2247,43,43400,301
2248,44,38001,129
2249,44,30001,100
2250,44,30300,107
2251,44,38100,116
2252,44,32000,120
2253,44,32101,108
2254,44,32201,106
2255,44,34002,101
2256,44,34103,113
2257,44,34003,110
2258,44,34003,104
2259,44,43411,364
2260,44,41000,306
2261,44,41000,312
2262,44,41000,300
2263,44,45000,305
2264,44,40006,313
2265,44,40101,310
2266,44,43001,308
2267,44,46871,757
2268,44,46642,756
2269,44,49415,190
2270,44,46542,762
2271,44,46742,760
2272,44,46533,754
2273,44,46662,759
2274,44,46724,753
2275,44,46651,750
2276,44,46511,758
2277,44,46628,761
2278,44,46592,763
2279,44,46694,755
2280,44,46602,605
2281,44,46704,606
2282,44,46700,607
2283,44,46605,601
2284,44,46502,602
2285,44,46505,604
2286,44,46606,603
2287,44,38001,112
2288,44,32201,117
2289,44,32101,114
2290,44,32201,109
2291,44,34103,103
2292,44,43501,301
2293,44,43001,307
2294,44,43001,302
2295,45,30000,125
2296,45,30300,101
2297,45,38000,113
2298,45,38100,120
2299,45,32201,117
2300,45,32000,116
2301,45,32200,103
2302,45,34200,104
2303,45,34003,110
2304,45,34102,107
2305,45,34003,114
2306,45,45010,357
2307,45,41000,313
2308,45,41000,308
2309,45,41000,301
2310,45,45000,310
2311,45,40009,314
2312,45,43400,306
2313,45,43501,312
2314,45,46812,757
2315,45,46673,756
2316,45,49435,190
2317,45,46561,754
2318,45,46531,760
2319,45,46742,750
2320,45,46631,762
2321,45,46554,761
2322,45,46696,758
2323,45,46714,755
2324,45,46572,753
2325,45,46651,763
2326,45,46771,759
2327,45,46780,550
2328,45,46780,542
2329,45,46780,547
2330,45,46780,545
2331,45,46780,548
2332,45,46780,540
2333,45,46780,541
2334,45,46780,546
2335,45,46502,603
2336,45,46602,601
2337,45,46702,607
2338,45,46605,605
2339,45,46604,602
2340,45,46503,606
2341,45,46700,604
2342,45,30300,106
2343,45,32200,100
2344,45,34102,112
2345,45,34102,109
2346,45,34200,111
2347,45,40103,305
2348,45,40102,300
2349,45,43400,302
2350,46,38101,125
2351,46,30000,117
2352,46,30301,116
2353,46,38001,114
2354,46,32000,113
2355,46,32201,107
2356,46,32200,110
2357,46,34300,104
2358,46,34104,111
2359,46,34001,103
2360,46,34104,109
2361,46,44010,357
2362,46,41000,308
2363,46,41000,301
2364,46,41000,305
2365,46,45000,302
2366,46,40008,306
2367,46,40101,313
2368,46,43001,300
2369,46,46863,757
2370,46,46742,756
2371,46,49416,190
2372,46,46673,759
2373,46,46682,763
2374,46,46524,753
2375,46,46642,760
2376,46,46772,755
2377,46,46591,754
2378,46,46573,762
2379,46,46721,761
2380,46,46651,758
2381,46,45511,750
2382,46,46606,602
2383,46,46702,604
2384,46,46700,605
2385,46,46604,607
2386,46,46503,601
2387,46,46602,606
2388,46,46504,603
2389,46,49400,718
2390,46,30301,100
2391,46,30301,120
2392,46,38101,101
2393,46,32000,112
2394,46,32201,106
2395,46,37900,312
2396,46,43001,310
2397,46,43001,314
2398,47,38100,123
2399,47,30001,114
2400,47,30301,107
2401,47,38000,116
2402,47,32001,117
2403,47,32100,104
2404,47,32102,109
2405,47,34002,110
2406,47,34102,106
2407,47,34300,112
2408,47,34002,100
2409,47,43020,352
2410,47,41000,305
2411,47,41000,314
2412,47,41000,301
2413,47,45000,312
2414,47,40007,306
2415,47,43001,300
2416,47,43501,307
2417,47,46822,757
2418,47,46643,756
2419,47,49428,190
2420,47,46683,750
2421,47,46672,760
2422,47,46522,759
2423,47,46582,753
2424,47,45512,754
2425,47,46722,761
2426,47,46653,755
2427,47,46711,762
2428,47,46571,758
2429,47,46691,763
2430,47,46505,604
2431,47,46604,605
2432,47,46703,602
2433,47,46700,606
2434,47,46602,601
2435,47,46603,607
2436,47,46502,603
2437,47,49400,713
2438,47,30001,101
2439,47,30301,103
2440,47,34102,113
2441,47,34002,111
2442,47,34300,108
2443,47,37900,308
2444,47,43501,313
2445,47,40103,310
2446,48,38101,124
2447,48,30301,111
2448,48,30300,106
2449,48,38001,100
2450,48,32102,116
2451,48,32201,113
2452,48,32200,101
2453,48,34101,103
2454,48,34104,108
2455,48,34100,112
2456,48,34100,114
2457,48,43410,356
2458,48,41000,312
2459,48,41000,310
2460,48,41000,302
2461,48,45000,308
2462,48,40002,301
2463,48,40101,314
2464,48,43001,307
2465,48,46951,757
2466,48,46663,756
2467,48,49421,190
2468,48,46534,755
2469,48,46741,753
2470,48,46672,761
2471,48,46683,762
2472,48,46571,759
2473,48,45513,750
2474,48,46774,763
2475,48,46593,760
2476,48,46711,754
2477,48,46652,758
2478,48,46702,606
2479,48,46605,604
2480,48,46603,601
2481,48,46602,602
2482,48,46701,605
2483,48,46503,607
2484,48,46502,603
2485,48,30300,104
2486,48,38101,107
2487,48,34100,110
2488,48,34104,117
2489,48,34100,109
2490,48,45000,313
2491,48,40103,305
2492,48,43001,300
2493,49,30001,121
2494,49,30301,108
2495,49,38000,106
2496,49,38101,104
2497,49,32100,117
2498,49,32200,113
2499,49,32001,116
2500,49,34300,103
2501,49,34001,100
2502,49,34002,109
2503,49,34001,107
2504,49,41010,350
2505,49,41000,302
2506,49,41000,310
2507,49,41000,308
2508,49,45000,305
2509,49,40000,313
2510,49,40103,307
2511,49,43001,301
2512,49,46821,757
2513,49,46521,756
2514,49,49417,190
2515,49,46534,759
2516,49,46633,753
2517,49,46582,762
2518,49,46642,750
2519,49,46627,758
2520,49,46711,761
2521,49,46773,755
2522,49,46554,763
2523,49,46572,754
2524,49,46651,760
2525,49,46606,607
2526,49,46701,606
2527,49,46505,602
2528,49,46603,601
2529,49,46503,604
2530,49,46702,605
2531,49,46602,603
2532,49,30301,120
2533,49,34001,112
2534,49,34001,114
2535,49,34002,111
2536,49,34300,110
2537,49,37900,314
2538,49,40006,306
2539,49,40102,312
2540,50,30000,128
2541,50,30301,100
2542,50,38100,110
2543,50,38001,116
2544,50,32201,101
2545,50,32001,109
2546,50,32101,113
2547,50,34103,120
2548,50,34101,117
2549,50,34100,106
2550,50,34103,108
2551,50,45010,362
2552,50,41000,314
2553,50,41000,307
2554,50,41000,300
2555,50,45000,305
2556,50,40103,301
2557,50,40101,306
2558,50,43001,310
2559,50,46884,757
2560,50,46681,756
2561,50,49436,190
2562,50,46743,750
2563,50,46532,762
2564,50,46663,759
2565,50,46633,760
2566,50,46573,753
2567,50,45514,755
2568,50,46714,763
2569,50,46773,761
2570,50,46628,758
2571,50,46511,754
2572,50,46602,604
2573,50,46606,602
2574,50,46703,601
2575,50,46605,605
2576,50,46504,606
2577,50,46505,607
2578,50,46704,603
2579,50,30301,112
2580,50,30000,107
2581,50,38001,104
2582,50,32101,103
2583,50,32001,111
2584,50,37900,308
2585,50,45000,313
2586,50,40008,302
2587,51,30001,126
2588,51,30300,120
2589,51,38001,112
2590,51,38100,106
2591,51,32101,111
2592,51,32102,101
2593,51,32000,104
2594,51,34101,107
2595,51,34002,113
2596,51,34300,117
2597,51,34101,100
2598,51,45010,358
2599,51,41000,307
2600,51,41000,300
2601,51,41000,313
2602,51,45000,305
2603,51,40000,312
2604,51,40101,310
2605,51,43501,306
2606,51,46913,757
2607,51,46661,756
2608,51,49422,190
2609,51,46561,763
2610,51,46521,750
2611,51,46673,760
2612,51,46534,754
2613,51,46722,759
2614,51,46571,753
2615,51,46692,755
2616,51,46772,762
2617,51,46515,758
2618,51,46712,761
2619,51,46606,607
2620,51,46505,602
2621,51,46605,605
2622,51,46700,606
2623,51,46702,601
2624,51,46603,604
2625,51,46503,603
2626,51,34300,109
2627,51,34002,103
2628,51,34101,110
2629,51,34101,116
2630,51,34101,114
2631,51,37900,314
2632,51,45000,302
2633,51,40008,301
2634,52,21100,112
2635,52,38100,128
2636,52,30001,106
2637,52,30300,101
2638,52,38101,103
2639,52,32100,108
2640,52,32101,120
2641,52,32000,110
2642,52,34100,111
2643,52,34104,113
2644,52,34103,104
2645,52,34100,109
2646,52,44010,362
2647,52,41000,313
2648,52,41000,308
2649,52,41000,307
2650,52,45000,301
2651,52,40003,302
2652,52,43001,300
2653,52,43000,305
2654,52,46864,757
2655,52,46644,756
2656,52,49418,190
2657,52,46631,760
2658,52,46742,763
2659,52,46661,759
2660,52,46681,750
2661,52,46513,754
2662,52,46693,761
2663,52,46721,762
2664,52,46651,755
2665,52,46711,758
2666,52,46572,753
2667,52,46700,603
2668,52,46703,605
2669,52,46606,601
2670,52,46503,607
2671,52,46604,604
2672,52,46605,602
2673,52,46505,606
2674,52,32101,116
2675,52,32000,100
2676,52,32000,117
2677,52,34100,107
2678,52,40103,314
2679,52,43001,310
2680,52,40101,306
2681,53,38000,125
2682,53,30000,111
2683,53,30301,120
2684,53,38001,100
2685,53,32000,107
2686,53,32200,116
2687,53,32101,113
2688,53,34001,114
2689,53,34200,103
2690,53,34101,112
2691,53,34001,101
2692,53,41010,351
2693,53,41000,302
2694,53,41000,300
2695,53,41000,308
2696,53,45000,314
2697,53,40005,312
2698,53,43000,306
2699,53,43501,305
2700,53,46911,757
2701,53,46522,756
2702,53,49411,190
2703,53,46662,759
2704,53,46632,763
2705,53,46671,754
2706,53,46682,750
2707,53,46773,762
2708,53,46711,753
2709,53,46623,755
2710,53,46723,761
2711,53,46694,758
2712,53,46551,760
2713,53,46780,542
2714,53,46780,549
2715,53,46780,547
2716,53,46780,548
2717,53,46780,541
2718,53,46780,540
2719,53,46780,550
2720,53,46780,544
2721,53,46801,607
2722,53,46502,602
2723,53,46602,606
2724,53,46606,604
2725,53,46700,601
2726,53,46504,605
2727,53,46701,603
2728,53,30301,106
2729,53,32000,117
2730,53,32000,104
2731,53,32200,109
2732,53,34200,110
2733,53,45000,310
2734,53,43000,313
2735,53,40103,307
2736,54,30001,125
2737,54,30300,101
2738,54,38101,110
2739,54,38001,112
2740,54,32102,104
2741,54,32201,103
2742,54,32001,117
2743,54,34100,109
2744,54,34003,107
2745,54,34104,113
2746,54,34003,111
2747,54,41010,360
2748,54,41000,305
2749,54,41000,312
2750,54,41000,301
2751,54,45000,308
2752,54,40007,302
2753,54,43000,306
2754,54,43401,300
2755,54,46881,757
2756,54,46743,756
2757,54,49437,190
2758,54,46641,763
2759,54,46544,754
2760,54,46674,759
2761,54,46683,750
2762,54,46695,755
2763,54,46553,760
2764,54,46516,758
2765,54,46651,762
2766,54,46712,753
2767,54,46724,761
2768,54,46603,603
2769,54,46703,607
2770,54,46605,605
2771,54,46604,601
2772,54,46700,602
2773,54,46505,604
2774,54,46503,606
2775,54,30001,106
2776,54,38101,116
2777,54,32102,114
2778,54,34104,100
2779,54,34100,120
2780,54,37900,307
2781,54,45000,313
2782,54,40102,314
2783,55,38101,127
2784,55,30000,100
2785,55,30300,109
2786,55,38000,111
2787,55,32200,108
2788,55,32000,110
2789,55,32102,116
2790,55,34002,101
2791,55,34200,106
2792,55,34000,104
2793,55,34002,117
2794,55,43011,360
2795,55,41000,305
2796,55,41000,306
2797,55,41000,301
2798,55,45000,308
2799,55,40001,302
2800,55,40103,307
2801,55,43501,314
2802,55,46872,757
2803,55,46523,756
2804,55,49438,190
2805,55,46743,763
2806,55,46681,750
2807,55,46542,761
2808,55,46672,754
2809,55,46593,762
2810,55,46651,753
2811,55,46571,755
2812,55,46721,760
2813,55,46628,759
2814,55,46772,758
2815,55,46801,607
2816,55,46700,603
2817,55,46605,605
2818,55,46504,601
2819,55,46704,604
2820,55,46604,606
2821,55,46502,602
2822,55,49400,718
2823,55,30000,103
2824,55,38101,120
2825,55,32200,107
2826,55,37900,300
2827,55,40002,313
2828,55,40102,312
2829,55,21200,113
2830,55,21300,114
2831,56,38100,128
2832,56,30300,100
2833,56,30000,107
2834,56,38000,120
2835,56,32102,104
2836,56,32200,110
2837,56,32000,113
2838,56,34200,108
2839,56,34000,116
2840,56,34100,112
2841,56,34100,103
2842,56,43010,362
2843,56,41000,302
2844,56,41000,310
2845,56,41000,314
2846,56,45000,301
2847,56,40002,306
2848,56,40101,305
2849,56,43001,300
2850,56,46861,757
2851,56,46562,756
2852,56,49431,190
2853,56,46673,761
2854,56,46661,763
2855,56,46584,758
2856,56,46642,753
2857,56,46724,750
2858,56,45511,762
2859,56,46591,760
2860,56,46516,754
2861,56,46625,759
2862,56,46652,755
2863,56,46602,601
2864,56,46703,603
2865,56,46503,605
2866,56,46603,607
2867,56,46704,604
2868,56,46504,602
2869,56,46605,606
2870,56,49400,716
2871,56,32200,101
2872,56,34100,106
2873,56,34100,117
2874,56,34100,109
2875,56,34000,111
2876,56,37900,313
2877,56,45000,308
2878,56,40004,307
2879,57,30001,124
2880,57,30301,112
2881,57,38100,107
2882,57,38101,109
2883,57,32200,111
2884,57,32101,106
2885,57,32100,108
2886,57,34103,117
2887,57,34101,113
2888,57,34100,101
2889,57,34103,103
2890,57,41010,356
2891,57,41000,300
2892,57,41000,313
2893,57,41000,308
2894,57,45000,301
2895,57,40004,310
2896,57,40102,314
2897,57,43400,302
2898,57,46862,757
2899,57,46524,756
2900,57,49423,190
2901,57,46673,753
2902,57,46531,755
2903,57,46583,762
2904,57,46683,761
2905,57,46652,760
2906,57,46712,758
2907,57,46621,763
2908,57,46511,750
2909,57,46573,754
2910,57,46723,759
2911,57,46780,542
2912,57,46780,550
2913,57,46780,547
2914,57,46780,548
2915,57,46780,545
2916,57,46780,540
2917,57,46780,549
2918,57,46780,543
2919,57,46801,607
2920,57,46604,605
2921,57,46502,601
2922,57,46701,602
2923,57,46504,606
2924,57,46603,604
2925,57,46703,603
2926,57,32100,100
2927,57,32100,104
2928,57,32100,116
2929,57,34100,114
2930,57,34100,110
2931,57,40101,307
2932,57,40001,312
2933,57,43400,305
2934,58,38100,121
2935,58,30300,100
2936,58,30301,111
2937,58,38001,114
2938,58,32001,110
2939,58,32200,112
2940,58,32100,106
2941,58,34200,109
2942,58,34001,104
2943,58,34000,107
2944,58,34000,103
2945,58,43410,350
2946,58,41000,307
2947,58,41000,314
2948,58,41000,306
2949,58,45000,301
2950,58,40006,308
2951,58,43401,310
2952,58,43000,312
2953,58,46882,757
2954,58,46563,756
2955,58,49424,190
2956,58,46521,758
2957,58,46628,760
2958,58,46644,762
2959,58,46663,755
2960,58,46691,761
2961,58,46583,750
2962,58,46512,763
2963,58,46573,753
2964,58,46553,759
2965,58,46721,754
2966,58,46780,541
2967,58,46780,549
2968,58,46780,540
2969,58,46780,547
2970,58,46780,544
2971,58,46780,548
2972,58,46780,542
2973,58,46780,546
2974,58,46800,603
2975,58,46504,601
2976,58,46605,607
2977,58,46602,602
2978,58,46703,605
2979,58,46502,606
2980,58,46702,604
2981,58,30300,120
2982,58,30301,113
2983,58,38100,117
2984,58,32100,116
2985,58,34001,108
2986,58,37900,302
2987,58,43401,305
2988,58,40103,313
2989,59,30301,129
2990,59,30000,106
2991,59,38000,103
2992,59,38001,100
2993,59,32101,104
2994,59,32201,112
2995,59,32200,114
2996,59,34300,101
2997,59,34102,109
2998,59,34200,117
2999,59,34102,113
3000,59,43011,364
3001,59,41000,306
3002,59,41000,307
3003,59,41000,310
3004,59,45000,302
3005,59,40000,301
3006,59,40102,308
3007,59,43000,313
3008,59,46952,757
3009,59,46662,756
3010,59,49432,190
3011,59,46674,760
3012,59,46643,750
3013,59,46562,763
3014,59,46531,758
3015,59,46511,755
3016,59,46628,753
3017,59,46551,761
3018,59,46774,762
3019,59,46652,754
3020,59,46591,759
3021,59,46703,606
3022,59,46505,605
3023,59,46604,602
3024,59,46603,607
3025,59,46602,601
3026,59,46700,604
3027,59,46502,603
3028,59,30000,116
3029,59,38001,107
3030,59,32200,120
3031,59,32200,110
3032,59,32101,108
3033,59,45000,305
3034,59,43501,300
3035,59,43000,312
3036,60,30001,129
3037,60,30300,100
3038,60,38000,101
3039,60,38101,116
3040,60,32201,113
3041,60,32000,109
3042,60,32000,117
3043,60,34102,114
3044,60,34300,104
3045,60,34102,112
3046,60,44010,364
3047,60,41000,301
3048,60,41000,308
3049,60,41000,310
3050,60,40004,313
3051,60,43400,300
3052,60,43401,305
3053,60,46822,757
3054,60,46641,756
3055,60,49412,190
3056,60,46681,761
3057,60,46561,755
3058,60,46632,762
3059,60,46771,763
3060,60,46712,760
3061,60,46551,750
3062,60,46701,602
3063,60,46503,605
3064,60,46605,606
3065,60,46606,607
3066,60,30001,108
3067,60,32000,110
3068,60,43401,312
3069,60,40103,307
3070,61,20400,104
3071,61,38000,121
3072,61,30301,113
3073,61,30000,116
3074,61,38101,117
3075,61,32101,100
3076,61,32102,109
3077,61,32102,112
3078,61,34200,108
3079,61,34003,110
3080,61,34003,114
3081,61,43410,350
3082,61,41000,314
3083,61,41000,301
3084,61,41000,307
3085,61,40002,305
3086,61,40103,310
3087,61,43501,312
3088,61,46814,757
3089,61,46534,756
3090,61,49425,190
3091,61,46582,755
3092,61,46631,760
3093,61,46522,762
3094,61,46572,750
3095,61,46692,763
3096,61,46512,761
3097,61,46602,607
3098,61,46701,606
3099,61,46605,602
3100,61,46502,605
3101,61,38000,111
3102,61,37900,308
3103,61,43401,313
3104,62,30000,129
3105,62,30301,113
3106,62,38001,117
3107,62,38000,109
3108,62,32000,116
3109,62,32201,108
3110,62,32000,110
3111,62,34003,104
3112,62,34104,101
3113,62,34104,112
3114,62,45010,364
3115,62,41000,301
3116,62,41000,312
3117,62,41000,305
3118,62,40000,310
3119,62,43001,300
3120,62,40103,308
3121,62,46883,757
3122,62,46663,756
3123,62,49433,190
3124,62,46741,762
3125,62,46682,750
3126,62,46543,760
3127,62,46774,755
3128,62,46516,761
3129,62,46551,763
3130,62,46603,602
3131,62,46503,605
3132,62,46602,607
3133,62,46700,606
3134,62,49400,712
3135,62,34003,114
3136,62,34104,100
3137,62,37900,307
3138,62,45000,313
3139,63,38100,126
3140,63,30300,101
3141,63,30301,112
3142,63,38101,110
3143,63,32102,113
3144,63,32000,111
3145,63,32000,109
3146,63,34002,114
3147,63,34103,117
3148,63,34002,100
3149,63,43411,358
3150,63,41000,305
3151,63,41000,314
3152,63,41000,300
3153,63,40000,310
3154,63,43501,307
3155,63,40102,313
3156,63,46953,757
3157,63,46561,756
3158,63,49413,190
3159,63,46631,750
3160,63,46584,761
3161,63,46533,762
3162,63,46772,763
3163,63,46627,755
3164,63,46573,760
3165,63,46780,548
3166,63,46780,550
3167,63,46780,547
3168,63,46780,553
3169,63,46780,540
3170,63,46780,542
3171,63,46780,546
3172,63,46780,549
3173,63,46602,607
3174,63,46503,602
3175,63,46703,605
3176,63,46603,606
3177,63,30301,104
3178,63,34103,116
3179,63,40101,312
3180,63,43501,301
3181,64,30301,128
3182,64,30000,100
3183,64,38000,109
3184,64,38001,113
3185,64,32102,111
3186,64,32000,108
3187,64,32102,101
3188,64,34001,117
3189,64,34103,116
3190,64,34103,104
3191,64,41010,362
3192,64,41000,300
3193,64,41000,313
3194,64,41000,307
3195,64,40003,310
3196,64,43501,301
3197,64,40102,314
3198,64,46873,757
3199,64,46531,756
3200,64,49414,190
3201,64,46742,762
3202,64,46663,750
3203,64,46543,761
3204,64,46514,755
3205,64,46693,760
3206,64,45512,763
3207,64,46605,602
3208,64,46602,606
3209,64,46505,607
3210,64,46700,605
3211,64,30301,112
3212,64,34001,110
3213,64,43401,305
3214,64,43401,308
3215,65,30000,126
3216,65,30300,113
3217,65,38101,103
3218,65,38100,104
3219,65,32100,116
3220,65,32101,120
3221,65,34102,117
3222,65,34104,109
3223,65,34104,100
3224,65,44010,358
3225,65,41000,314
3226,65,41000,302
3227,65,41000,305
3228,65,40006,313
3229,65,43000,312
3230,65,40103,307
3231,65,46911,757
3232,65,46561,756
3233,65,49434,190
3234,65,46583,755
3235,65,46742,753
3236,65,46532,763
3237,65,46772,750
3238,65,46712,754
3239,65,46626,762
3240,65,46802,601
3241,65,46602,605
3242,65,46702,602
3243,65,46502,607
3244,65,32101,114
3245,65,34102,101
3246,65,37900,301
3247,65,45000,300
3248,65,49400,718
3249,66,30301,125
3250,66,30000,103
3251,66,38001,101
3252,66,38101,104
3253,66,32001,117
3254,66,32000,120
3255,66,34100,113
3256,66,34300,100
3257,66,34100,109
3258,66,43410,357
3259,66,41000,302
3260,66,41000,313
3261,66,41000,308
3262,66,40008,305
3263,66,43501,300
3264,66,40102,312
3265,66,46912,757
3266,66,46562,756
3267,66,49426,190
3268,66,46534,762
3269,66,46522,750
3270,66,46632,753
3271,66,46773,763
3272,66,46723,755
3273,66,46694,754
3274,66,46800,601
3275,66,46703,607
3276,66,46604,605
3277,66,46502,602
3278,66,38001,116
3279,66,32000,114
3280,66,45000,301
3281,66,43501,314
3282,67,38001,126
3283,67,30300,103
3284,67,30301,100
3285,67,38000,116
3286,67,32001,117
3287,67,32102,113
3288,67,34200,120
3289,67,34000,114
3290,67,34000,104
3291,67,43011,358
3292,67,41000,305
3293,67,41000,312
3294,67,41000,302
3295,67,40000,300
3296,67,43001,301
3297,67,40102,313
3298,67,46954,757
3299,67,46633,756
3300,67,49435,190
3301,67,46673,754
3302,67,46531,762
3303,67,46641,755
3304,67,46552,763
3305,67,46713,750
3306,67,46652,753
3307,67,46780,542
3308,67,46780,549
3309,67,46780,548
3310,67,46780,541
3311,67,46780,554
3312,67,46780,540
3313,67,46780,550
3314,67,46780,544
3315,67,46603,602
3316,67,46503,605
3317,67,46604,607
3318,67,46704,601
3319,67,38000,101
3320,67,32102,109
3321,67,40103,314
3322,67,43001,307
3323,68,38000,129
3324,68,30301,114
3325,68,30000,113
3326,68,38100,116
3327,68,32000,117
3328,68,32001,101
3329,68,34003,104
3330,68,34002,103
3331,68,34002,109
3332,68,43010,364
3333,68,41000,301
3334,68,41000,305
3335,68,41000,313
3336,68,40003,312
3337,68,40101,308
3338,68,43401,302
3339,68,46881,757
3340,68,46741,756
3341,68,49427,190
3342,68,46531,753
3343,68,46633,763
3344,68,46542,750
3345,68,46713,754
3346,68,46722,762
3347,68,46628,755
3348,68,46700,605
3349,68,46503,602
3350,68,46602,601
3351,68,46605,607
3352,68,38000,100
3353,68,34003,108
3354,68,34002,120
3355,68,37900,307
3356,68,45000,300
3357,69,30000,121
3358,69,30001,114
3359,69,38100,103
3360,69,38101,100
3361,69,32100,113
3362,69,32200,109
3363,69,34104,108
3364,69,34002,120
3365,69,34002,117
3366,69,43011,350
3367,69,41000,307
3368,69,41000,308
3369,69,41000,313
3370,69,40009,312
3371,69,40101,301
3372,69,43401,305
3373,69,46881,757
3374,69,46642,756
3375,69,49428,190
3376,69,46632,755
3377,69,46523,762
3378,69,46532,753
3379,69,46551,754
3380,69,46512,750
3381,69,46652,763
3382,69,46503,607
3383,69,46701,601
3384,69,46603,602
3385,69,46605,605
3386,69,30001,104
3387,69,38101,116
3388,69,45000,314
3389,69,40004,302
3390,70,30001,124
3391,70,30301,112
3392,70,38000,106
3393,70,38001,117
3394,70,32101,111
3395,70,32200,100
3396,70,32101,107
3397,70,34200,101
3398,70,34103,103
3399,70,34200,104
3400,70,43411,356
3401,70,41000,314
3402,70,41000,302
3403,70,41000,310
3404,70,40004,301
3405,70,40102,300
3406,70,46955,757
3407,70,46521,756
3408,70,49421,190
3409,70,46561,315
3410,70,46764,309
3411,70,46682,322
3412,70,46632,318
3413,70,46644,319
3414,70,46532,317
3415,70,46742,761
3416,70,46543,750
3417,70,46593,753
3418,70,46572,759
3419,70,46624,755
3420,70,46713,760
3421,70,45513,754
3422,70,46724,758
3423,70,46503,601
3424,70,46700,602
3425,70,46505,604
3426,70,46606,606
3427,70,46703,607
3428,70,46603,603
3429,70,41300,321
3430,70,43300,316
3431,70,43301,320
3432,70,38001,116
3433,70,32200,110
3434,70,45000,305
3435,70,43501,313
3436,71,38001,129
3437,71,30300,112
3438,71,30301,100
3439,71,38100,103
3440,71,32200,107
3441,71,32000,101
3442,71,32200,110
3443,71,34104,106
3444,71,34200,104
3445,71,34200,116
3446,71,44010,364
3447,71,41000,300
3448,71,41000,313
3449,71,41000,306
3450,71,40003,301
3451,71,40103,305
3452,71,46951,757
3453,71,46522,756
3454,71,49415,190
3455,71,46663,315
3456,71,46643,309
3457,71,46742,322
3458,71,46674,317
3459,71,46531,319
3460,71,46754,320
3461,71,46631,761
3462,71,46562,754
3463,71,46551,753
3464,71,46653,760
3465,71,46516,755
3466,71,46624,758
3467,71,46773,750
3468,71,46592,759
3469,71,46780,544
3470,71,46780,541
3471,71,46780,543
3472,71,46780,548
3473,71,46780,551
3474,71,46780,547
3475,71,46780,552
3476,71,46780,540
3477,71,46504,604
3478,71,46503,602
3479,71,46704,601
3480,71,46602,606
3481,71,46703,607
3482,71,46605,603
3483,71,41300,321
3484,71,43300,318
3485,71,43301,316
3486,71,32200,117
3487,71,34200,120
3488,71,45000,302
3489,71,43400,310
3490,72,20400,104
3491,72,38101,122
3492,72,30301,106
3493,72,30300,120
3494,72,38001,110
3495,72,32101,111
3496,72,32200,107
3497,72,32101,101
3498,72,34002,103
3499,72,34103,112
3500,72,34103,116
3501,72,43011,351
3502,72,41000,306
3503,72,41000,310
3504,72,41000,314
3505,72,40001,302
3506,72,43401,300
3507,72,46863,757
3508,72,46643,756
3509,72,49436,190
3510,72,46663,318
3511,72,46681,315
3512,72,46673,316
3513,72,46523,322
3514,72,46632,309
3515,72,46561,320
3516,72,46541,754
3517,72,46532,761
3518,72,46714,750
3519,72,46592,760
3520,72,46653,753
3521,72,46724,759
3522,72,46773,758
3523,72,46572,755
3524,72,46703,604
3525,72,46503,606
3526,72,46505,607
3527,72,46605,602
3528,72,46700,601
3529,72,46604,603
3530,72,41300,321
3531,72,43301,319
3532,72,43300,317
3533,72,30300,117
3534,72,37900,305
3535,72,40101,313
3536,73,30301,129
3537,73,30000,100
3538,73,38101,116
3539,73,38001,103
3540,73,32101,120
3541,73,32001,117
3542,73,32001,106
3543,73,34200,104
3544,73,34003,112
3545,73,34003,110
3546,73,43410,364
3547,73,41000,305
3548,73,41000,310
3549,73,41000,306
3550,73,40006,301
3551,73,40101,313
3552,73,46952,757
3553,73,46532,756
3554,73,49422,190
3555,73,46681,309
3556,73,46661,315
3557,73,46644,318
3558,73,46742,319
3559,73,46524,322
3560,73,46751,317
3561,73,46671,760
3562,73,46561,753
3563,73,46511,754
3564,73,45514,750
3565,73,46652,759
3566,73,46713,761
3567,73,46627,758
3568,73,46593,755
3569,73,46606,606
3570,73,46605,607
3571,73,46704,604
3572,73,46703,601
3573,73,46503,602
3574,73,46502,603
3575,73,41300,321
3576,73,43301,316
3577,73,43300,320
3578,73,38101,107
3579,73,34200,101
3580,73,43001,302
3581,73,43001,300
3582,74,30001,122
3583,74,30000,112
3584,74,38100,101
3585,74,38001,106
3586,74,32100,117
3587,74,32102,104
3588,74,32100,107
3589,74,34103,110
3590,74,34300,116
3591,74,34300,103
3592,74,43010,351
3593,74,41000,313
3594,74,41000,306
3595,74,41000,310
3596,74,40003,314
3597,74,40103,305
3598,74,46822,757
3599,74,46674,756
3600,74,49437,190
3601,74,46663,317
3602,74,46681,319
3603,74,46743,322
3604,74,46531,316
3605,74,46752,315
3606,74,46641,318
3607,74,46523,760
3608,74,46632,758
3609,74,46571,754
3610,74,46653,759
3611,74,46696,750
3612,74,46714,761
3613,74,46591,755
3614,74,45511,753
3615,74,46704,604
3616,74,46504,601
3617,74,46505,606
3618,74,46602,602
3619,74,46606,607
3620,74,46703,603
3621,74,41300,321
3622,74,43301,320
3623,74,43300,309
3624,74,49400,717
3625,74,34103,120
3626,74,34300,111
3627,74,45000,302
3628,74,40004,300
3629,75,38100,127
3630,75,30000,117
3631,75,30301,120
3632,75,38000,113
3633,75,32200,116
3634,75,32102,107
3635,75,32000,110
3636,75,34101,106
3637,75,34104,111
3638,75,34103,109
3639,75,41010,360
3640,75,41000,306
3641,75,41000,314
3642,75,41000,307
3643,75,40003,308
3644,75,40103,302
3645,75,46673,763
3646,75,46561,760
3647,75,46631,753
3648,75,46774,761
3649,75,46627,762
3650,75,46653,758
3651,75,46592,754
3652,75,46511,759
3653,75,46704,606
3654,75,46503,601
3655,75,46606,607
3656,75,46505,605
3657,75,46603,604
3658,75,46702,603
3659,75,38000,103
3660,75,34101,114
3661,75,34101,108
3662,75,37900,312
3663,75,40101,313
3664,76,38001,127
3665,76,30000,106
3666,76,30300,111
3667,76,38000,114
3668,76,32102,107
3669,76,32101,103
3670,76,32000,108
3671,76,34100,116
3672,76,34000,110
3673,76,34001,120
3674,76,44010,360
3675,76,41000,308
3676,76,41000,302
3677,76,41000,313
3678,76,40005,307
3679,76,40101,312
3680,76,46544,763
3681,76,46683,759
3682,76,46523,754
3683,76,46593,760
3684,76,45512,758
3685,76,46516,762
3686,76,46691,753
3687,76,46721,761
3688,76,46605,607
3689,76,46704,605
3690,76,46603,601
3691,76,46700,603
3692,76,46502,604
3693,76,46505,606
3694,76,30000,113
3695,76,32101,117
3696,76,32101,109
3697,76,45000,306
3698,76,43001,314
3699,77,38100,123
3700,77,30300,111
3701,77,30301,109
3702,77,38001,108
3703,77,32100,113
3704,77,32102,103
3705,77,32201,110
3706,77,34103,116
3707,77,34101,117
3708,77,34000,107
3709,77,44010,352
3710,77,41000,310
3711,77,41000,306
3712,77,41000,313
3713,77,40006,307
3714,77,40103,308
3715,77,46674,761
3716,77,46533,763
3717,77,46743,754
3718,77,46711,759
3719,77,46571,762
3720,77,46692,753
3721,77,46591,760
3722,77,46628,758
3723,77,46602,606
3724,77,46503,601
3725,77,46702,607
3726,77,46504,605
3727,77,46605,604
3728,77,46701,603
3729,77,49400,718
3730,77,30301,106
3731,77,38001,112
3732,77,32102,114
3733,77,37900,312
3734,77,45000,314
3735,78,38000,128
3736,78,30301,107
3737,78,30000,111
3738,78,38100,120
3739,78,32100,109
3740,78,32001,117
3741,78,32201,113
3742,78,34003,112
3743,78,34200,116
3744,78,34100,110
3745,78,43020,362
3746,78,41000,302
3747,78,41000,314
3748,78,41000,310
3749,78,40006,313
3750,78,40101,307
3751,78,46743,761
3752,78,46524,754
3753,78,46674,763
3754,78,46721,758
3755,78,46651,760
3756,78,46551,762
3757,78,46693,753
3758,78,46772,759
3759,78,46780,547
3760,78,46780,549
3761,78,46780,556
3762,78,46780,548
3763,78,46780,541
3764,78,46780,555
3765,78,46780,545
3766,78,46780,550
3767,78,46504,603
3768,78,46701,601
3769,78,46704,607
3770,78,46606,605
3771,78,46605,606
3772,78,46505,604
3773,78,38100,106
3774,78,32001,103
3775,78,34200,108
3776,78,43001,308
3777,78,43400,306
3778,79,30000,125
3779,79,30300,106
3780,79,38101,116
3781,79,38001,110
3782,79,32201,103
3783,79,32101,107
3784,79,32100,111
3785,79,34200,112
3786,79,34002,120
3787,79,34003,114
3788,79,44010,357
3789,79,41000,313
3790,79,41000,302
3791,79,41000,310
3792,79,40007,308
3793,79,43400,312
3794,79,46743,760
3795,79,46712,759
3796,79,46583,753
3797,79,46774,763
3798,79,46653,754
3799,79,46622,761
3800,79,46511,762
3801,79,46542,758
3802,79,46604,601
3803,79,46606,607
3804,79,46505,603
3805,79,46702,605
3806,79,46700,606
3807,79,46504,604
3808,79,49400,711
3809,79,32101,113
3810,79,32201,109
3811,79,34002,117
3812,79,40102,306
3813,79,43001,314
3814,80,30300,126
3815,80,30001,109
3816,80,38001,106
3817,80,38100,117
3818,80,32102,111
3819,80,32201,107
3820,80,32000,113
3821,80,34003,114
3822,80,34300,104
3823,80,34102,101
3824,80,34300,103
3825,80,43010,358
3826,80,41000,302
3827,80,41000,312
3828,80,41000,307
3829,80,45000,300
3830,80,40008,301
3831,80,43401,310
3832,80,40102,314
3833,80,46824,757
3834,80,46632,756
3835,80,49438,190
3836,80,46563,763
3837,80,46531,759
3838,80,46521,753
3839,80,46672,760
3840,80,46774,750
3841,80,46722,758
3842,80,46572,761
3843,80,46554,762
3844,80,46711,755
3845,80,46593,754
3846,80,46602,607
3847,80,46505,603
3848,80,46503,601
3849,80,46605,605
3850,80,46703,606
3851,80,46701,604
3852,80,46606,602
3853,80,30300,120
3854,80,38001,116
3855,80,34300,110
3856,80,34003,112
3857,80,34003,100
3858,80,37900,313
3859,80,40005,305
3860,80,40103,306
3861,81,38101,123
3862,81,30300,111
3863,81,30301,106
3864,81,38000,104
3865,81,32102,109
3866,81,32100,113
3867,81,32201,103
3868,81,34101,101
3869,81,34300,117
3870,81,34104,114
3871,81,34101,107
3872,81,41010,352
3873,81,41000,306
3874,81,41000,313
3875,81,41000,307
3876,81,45000,308
3877,81,40001,310
3878,81,43400,305
3879,81,40101,314
3880,81,46821,757
3881,81,46533,756
3882,81,49423,190
3883,81,46674,753
3884,81,46581,763
3885,81,46544,761
3886,81,46642,755
3887,81,46772,760
3888,81,46652,762
3889,81,46553,750
3890,81,46694,759
3891,81,46572,754
3892,81,46593,758
3893,81,46505,606
3894,81,46606,607
3895,81,46700,604
3896,81,46703,602
3897,81,46603,601
3898,81,46604,605
3899,81,46504,603
3900,81,30300,100
3901,81,32102,112
3902,81,34101,108
3903,81,34104,116
3904,81,34104,110
3905,81,43400,301
3906,81,43400,300
3907,81,43400,312
3908,82,38001,127
3909,82,30000,114
3910,82,30300,104
3911,82,38100,110
3912,82,32000,103
3913,82,32100,116
3914,82,32102,101
3915,82,34104,100
3916,82,34101,113
3917,82,34103,107
3918,82,34103,109
3919,82,41010,360
3920,82,41000,313
3921,82,41000,301
3922,82,41000,307
3923,82,45000,305
3924,82,40007,312
3925,82,43001,314
3926,82,40101,300
3927,82,46882,757
3928,82,46644,756
3929,82,49416,190
3930,82,46661,758
3931,82,46671,763
3932,82,46681,760
3933,82,46584,755
3934,82,46572,762
3935,82,46714,754
3936,82,46551,759
3937,82,46771,750
3938,82,45513,753
3939,82,46652,761
3940,82,45520,570
3941,82,45520,561
3942,82,45520,562
3943,82,45520,560
3944,82,45520,567
3945,82,45520,568
3946,82,45520,564
3947,82,45520,566
3948,82,46703,603
3949,82,46605,605
3950,82,46503,607
3951,82,46602,601
3952,82,46604,606
3953,82,46700,602
3954,82,46502,604
3955,82,38100,108
3956,82,32102,117
3957,82,34101,111
3958,82,34103,120
3959,82,34104,106
3960,82,37900,306
3961,82,45000,308
3962,82,43000,302
3963,83,30300,124
3964,83,30301,108
3965,83,38000,109
3966,83,38101,106
3967,83,32102,117
3968,83,32100,113
3969,83,32000,116
3970,83,34000,112
3971,83,34002,101
3972,83,34104,114
3973,83,34000,110
3974,83,43011,356
3975,83,41000,300
3976,83,41000,314
3977,83,41000,310
3978,83,45000,301
3979,83,40005,305
3980,83,40103,313
3981,83,43401,308
3982,83,46883,757
3983,83,46534,756
3984,83,49424,190
3985,83,46682,760
3986,83,46563,754
3987,83,46582,763
3988,83,46674,750
3989,83,46651,758
3990,83,46628,762
3991,83,46513,753
3992,83,45514,761
3993,83,46771,755
3994,83,46554,759
3995,83,46703,604
3996,83,46603,605
3997,83,46602,601
3998,83,46700,607
3999,83,46504,602
4000,83,46606,606
4001,83,46505,603
4002,83,34104,104
4003,83,34104,107
4004,83,34000,103
4005,83,34104,100
4006,83,34002,111
4007,83,37900,312
4008,83,40102,302
4009,83,40002,307
4010,84,30001,128
4011,84,30301,116
4012,84,38000,113
4013,84,38101,111
4014,84,32000,104
4015,84,32200,101
4016,84,32100,110
4017,84,34104,109
4018,84,34101,106
4019,84,34200,112
4020,84,34104,100
4021,84,43010,362
4022,84,41000,306
4023,84,41000,313
4024,84,41000,305
4025,84,45000,300
4026,84,40009,301
4027,84,43401,302
4028,84,40102,314
4029,84,46953,757
4030,84,46563,756
4031,84,49425,190
4032,84,46661,750
4033,84,46644,754
4034,84,46532,760
4035,84,46683,763
4036,84,46772,755
4037,84,45511,753
4038,84,46511,758
4039,84,46722,761
4040,84,46712,762
4041,84,46651,759
4042,84,46502,601
4043,84,46603,606
4044,84,46504,607
4045,84,46605,604
4046,84,46701,602
4047,84,46704,605
4048,84,46604,603
4049,84,38101,107
4050,84,32000,103
4051,84,34104,120
4052,84,34101,108
4053,84,34104,117
4054,84,37900,307
4055,84,45000,310
4056,84,40003,308
4057,85,38001,128
4058,85,30000,113
4059,85,30301,110
4060,85,38100,112
4061,85,32001,116
4062,85,32200,104
4063,85,32201,103
4064,85,34104,109
4065,85,34103,117
4066,85,34100,100
4067,85,34100,106
4068,85,43410,362
4069,85,41000,306
4070,85,41000,313
4071,85,41000,305
4072,85,45000,302
4073,85,40002,301
4074,85,40101,310
4075,85,43401,300
4076,85,46864,757
4077,85,46632,756
4078,85,49426,190
4079,85,46741,754
4080,85,46532,762
4081,85,46683,760
4082,85,46563,759
4083,85,46711,761
4084,85,46695,758
4085,85,46516,753
4086,85,45512,755
4087,85,46771,763
4088,85,46721,750
4089,85,46780,549
4090,85,46780,545
4091,85,46780,543
4092,85,46780,546
4093,85,46780,547
4094,85,46780,548
4095,85,46780,550
4096,85,46780,542
4097,85,46802,607
4098,85,46504,606
4099,85,46704,604
4100,85,46602,605
4101,85,46605,601
4102,85,46703,602
4103,85,46503,603
4104,85,49400,718
4105,85,34100,120
4106,85,34100,111
4107,85,34103,107
4108,85,34103,108
4109,85,34103,101
4110,85,40007,308
4111,85,43401,314
4112,85,43000,307
4113,86,38000,126
4114,86,30001,112
4115,86,30300,101
4116,86,38001,120
4117,86,32100,117
4118,86,32001,100
4119,86,32201,109
4120,86,34102,111
4121,86,34200,104
4122,86,34002,107
4123,86,34002,113
4124,86,43410,358
4125,86,41000,306
4126,86,41000,301
4127,86,41000,305
4128,86,45000,300
4129,86,40008,314
4130,86,43000,312
4131,86,40102,302
4132,86,46881,757
4133,86,46633,756
4134,86,49431,190
4135,86,46741,758
4136,86,46561,763
4137,86,46581,761
4138,86,46543,755
4139,86,46571,753
4140,86,46652,750
4141,86,46713,762
4142,86,46691,760
4143,86,46551,759
4144,86,45513,754
4145,86,46602,601
4146,86,46703,604
4147,86,46604,605
4148,86,46505,602
4149,86,46605,606
4150,86,46502,607
4151,86,46702,603
4152,86,32201,103
4153,86,32201,114
4154,86,32201,116
4155,86,34102,110
4156,86,34102,106
4157,86,37900,310
4158,86,45000,307
4159,86,43401,313
4160,87,30301,126
4161,87,30300,116
4162,87,38100,110
4163,87,38101,100
4164,87,32102,103
4165,87,32100,107
4166,87,32201,101
4167,87,34002,109
4168,87,34001,120
4169,87,34102,106
4170,87,34102,111
4171,87,44010,358
4172,87,41000,301
4173,87,41000,305
4174,87,41000,314
4175,87,45000,300
4176,87,40005,306
4177,87,40102,312
4178,87,43000,307
4179,87,46954,757
4180,87,46661,756
4181,87,49427,190
4182,87,46544,760
4183,87,46682,758
4184,87,46532,755
4185,87,46583,763
4186,87,46711,754
4187,87,46652,759
4188,87,46628,750
4189,87,45514,762
4190,87,46511,753
4191,87,46573,761
4192,87,46504,604
4193,87,46605,602
4194,87,46602,601
4195,87,46700,605
4196,87,46603,606
4197,87,46503,607
4198,87,46703,603
4199,87,30301,104
4200,87,38101,113
4201,87,32102,112
4202,87,34002,117
4203,87,34002,114
4204,87,37900,310
4205,87,40103,313
4206,87,40000,302
4207,88,30001,125
4208,88,30000,110
4209,88,38001,101
4210,88,38000,114
4211,88,32201,116
4212,88,32001,107
4213,88,32102,113
4214,88,34102,112
4215,88,34000,100
4216,88,34101,120
4217,88,34101,109
4218,88,43020,357
4219,88,41000,314
4220,88,41000,300
4221,88,41000,310
4222,88,45000,305
4223,88,40101,312
4224,88,43400,301
4225,88,40102,313
4226,88,46861,757
4227,88,46632,756
4228,88,49428,190
4229,88,46742,754
4230,88,46672,763
4231,88,46523,759
4232,88,46562,760
4233,88,46627,755
4234,88,46721,753
4235,88,46713,758
4236,88,46771,762
4237,88,46571,761
4238,88,46692,750
4239,88,46780,547
4240,88,46780,549
4241,88,46780,548
4242,88,46780,546
4243,88,46780,545
4244,88,46780,543
4245,88,46780,544
4246,88,46780,540
4247,88,46503,605
4248,88,46704,602
4249,88,46602,604
4250,88,46606,607
4251,88,46700,606
4252,88,46603,601
4253,88,46502,603
4254,88,30001,103
4255,88,38001,117
4256,88,32201,104
4257,88,32001,106
4258,88,34102,111
4259,88,37900,306
4260,88,45000,308
4261,88,40000,302
4262,89,30001,125
4263,89,30301,110
4264,89,38100,112
4265,89,38101,114
4266,89,32102,104
4267,89,32101,107
4268,89,32200,117
4269,89,34104,106
4270,89,34003,116
4271,89,34000,100
4272,89,34104,120
4273,89,45010,357
4274,89,41000,306
4275,89,41000,314
4276,89,41000,300
4277,89,45000,310
4278,89,40103,302
4279,89,40101,301
4280,89,43000,308
4281,89,46822,757
4282,89,46561,756
4283,89,49421,190
4284,89,46673,760
4285,89,46642,759
4286,89,46581,755
4287,89,46633,754
4288,89,46621,753
4289,89,46572,761
4290,89,46652,758
4291,89,46693,762
4292,89,46772,750
4293,89,46721,763
4294,89,46606,605
4295,89,46703,607
4296,89,46504,601
4297,89,46704,604
4298,89,46604,602
4299,89,46502,606
4300,89,46602,603
4301,89,30001,113
4302,89,30001,101
4303,89,38100,103
4304,89,32200,109
4305,89,32200,111
4306,89,37900,313
4307,89,45000,312
4308,89,40007,305
4309,90,30000,122
4310,90,30001,103
4311,90,38000,111
4312,90,38101,113
4313,90,32100,110
4314,90,32101,108
4315,90,32200,112
4316,90,34102,106
4317,90,34000,120
4318,90,34100,117
4319,90,34000,114
4320,90,40908,307
4321,90,43011,351
4322,90,41000,313
4323,90,41000,305
4324,90,41000,310
4325,90,45000,308
4326,90,40006,314
4327,90,43001,312
4328,90,43401,300
4329,90,46862,757
4330,90,46523,756
4331,90,49417,190
4332,90,46683,758
4333,90,46743,762
4334,90,46671,753
4335,90,46662,761
4336,90,45511,763
4337,90,46694,750
4338,90,46651,754
4339,90,46571,760
4340,90,46721,759
4341,90,46773,755
4342,90,46502,601
4343,90,46704,606
4344,90,46703,605
4345,90,46503,602
4346,90,46606,604
4347,90,46603,607
4348,90,46605,603
4349,90,30000,107
4350,90,38101,104
4351,90,32100,116
4352,90,32101,109
4353,90,32100,101
4354,90,40102,302
4355,90,40101,306
4356,91,38001,125
4357,91,30301,103
4358,91,30000,109
4359,91,38100,111
4360,91,32001,114
4361,91,32100,101
4362,91,32101,112
4363,91,34103,120
4364,91,34300,104
4365,91,34200,116
4366,91,34300,106
4367,91,43410,357
4368,91,41000,306
4369,91,41000,308
4370,91,41000,305
4371,91,45000,300
4372,91,40103,314
4373,91,43400,302
4374,91,40101,310
4375,91,46823,757
4376,91,46662,756
4377,91,49432,190
4378,91,46533,761
4379,91,46584,750
4380,91,46524,763
4381,91,46671,758
4382,91,46712,755
4383,91,46772,762
4384,91,46652,754
4385,91,46722,759
4386,91,46592,760
4387,91,46553,753
4388,91,46802,601
4389,91,46604,607
4390,91,46504,604
4391,91,46503,606
4392,91,46606,602
4393,91,46701,605
4394,91,46700,603
4395,91,30301,100
4396,91,30301,117
4397,91,38100,113
4398,91,34103,110
4399,91,34103,107
4400,91,37900,312
4401,91,45000,313
4402,91,40005,301
4403,92,38101,129
4404,92,30300,120
4405,92,30000,106
4406,92,38000,112
4407,92,32200,103
4408,92,32001,104
4409,92,32102,116
4410,92,34003,108
4411,92,34102,101
4412,92,34104,110
4413,92,34003,107
4414,92,44010,364
4415,92,41000,305
4416,92,41000,313
4417,92,41000,302
4418,92,45000,307
4419,92,40002,308
4420,92,40103,306
4421,92,43400,312
4422,92,46955,757
4423,92,46742,756
4424,92,49418,190
4425,92,46632,750
4426,92,46524,760
4427,92,46532,759
4428,92,46681,754
4429,92,46723,758
4430,92,46573,761
4431,92,46593,763
4432,92,46552,755
4433,92,46773,753
4434,92,46653,762
4435,92,46605,606
4436,92,46603,601
4437,92,46604,604
4438,92,46700,602
4439,92,46503,607
4440,92,46702,605
4441,92,46502,603
4442,92,32200,117
4443,92,34102,114
4444,92,34003,109
4445,92,34102,113
4446,92,34104,100
4447,92,45000,301
4448,92,40008,300
4449,92,43400,310
4450,93,38000,129
4451,93,30001,104
4452,93,30300,120
4453,93,38100,113
4454,93,32000,110
4455,93,32102,106
4456,93,32001,116
4457,93,34000,107
4458,93,34001,108
4459,93,34101,112
4460,93,34000,103
4461,93,45010,364
4462,93,41000,313
4463,93,41000,300
4464,93,41000,308
4465,93,45000,305
4466,93,40003,301
4467,93,43401,310
4468,93,40101,302
4469,93,46811,757
4470,93,46531,756
4471,93,49422,190
4472,93,46741,759
4473,93,46674,760
4474,93,46523,750
4475,93,46542,753
4476,93,46571,763
4477,93,46771,761
4478,93,46653,754
4479,93,46696,755
4480,93,46551,762
4481,93,46591,758
4482,93,46502,601
4483,93,46703,604
4484,93,46604,606
4485,93,46602,605
4486,93,46702,602
4487,93,46603,607
4488,93,46503,603
4489,93,30300,114
4490,93,30300,117
4491,93,32000,101
4492,93,34101,100
4493,93,34101,109
4494,93,37900,307
4495,93,40005,306
4496,93,40103,312
4497,94,38100,128
4498,94,30300,101
4499,94,30001,111
4500,94,38000,109
4501,94,32100,112
4502,94,32001,104
4503,94,32200,103
4504,94,34101,100
4505,94,34002,117
4506,94,34200,106
4507,94,34200,120
4508,94,43020,362
4509,94,41000,308
4510,94,41000,300
4511,94,41000,302
4512,94,45000,307
4513,94,40004,305
4514,94,40103,313
4515,94,43001,310
4516,94,46874,757
4517,94,46641,756
4518,94,49433,190
4519,94,46541,760
4520,94,46524,762
4521,94,46633,750
4522,94,46663,759
4523,94,46592,755
4524,94,46722,753
4525,94,46653,758
4526,94,46712,761
4527,94,46691,763
4528,94,46773,754
4529,94,45520,560
4530,94,45520,562
4531,94,45520,561
4532,94,45520,570
4533,94,45520,568
4534,94,45520,567
4535,94,45520,565
4536,94,45520,566
4537,94,46605,607
4538,94,46505,605
4539,94,46603,606
4540,94,46700,602
4541,94,46602,604
4542,94,46704,601
4543,94,46503,603
4544,94,49400,710
4545,94,30300,113
4546,94,30001,107
4547,94,32001,116
4548,94,32001,110
4549,94,34002,108
4550,94,43401,306
4551,94,43001,301
4552,94,43001,314
4553,95,38001,129
4554,95,30300,116
4555,95,30001,100
4556,95,38000,112
4557,95,32101,113
4558,95,32000,110
4559,95,32001,114
4560,95,34101,109
4561,95,34200,106
4562,95,34102,104
4563,95,34101,101
4564,95,43410,364
4565,95,41000,313
4566,95,41000,306
4567,95,41000,300
4568,95,45000,305
4569,95,40101,312
4570,95,43400,301
4571,95,43001,307
4572,95,46912,757
4573,95,46642,756
4574,95,49423,190
4575,95,46561,758
4576,95,46672,753
4577,95,46581,750
4578,95,46663,761
4579,95,46551,760
4580,95,46628,755
4581,95,46772,763
4582,95,46573,754
4583,95,45512,759
4584,95,46692,762
4585,95,46703,606
4586,95,46701,605
4587,95,46605,604
4588,95,46603,601
4589,95,46504,602
4590,95,46604,607
4591,95,46505,603
4592,95,30300,108
4593,95,32000,107
4594,95,32001,103
4595,95,32000,120
4596,95,34101,117
4597,95,40002,302
4598,95,40102,310
4599,95,43001,308
4600,96,30000,121
4601,96,30300,104
4602,96,38000,111
4603,96,38100,103
4604,96,32102,112
4605,96,32001,108
4606,96,32101,100
4607,96,34100,107
4608,96,34300,109
4609,96,34000,117
4610,96,34300,113
4611,96,41011,350
4612,96,41000,306
4613,96,41000,307
4614,96,41000,312
4615,96,45000,314
4616,96,40005,302
4617,96,40102,301
4618,96,43000,310
4619,96,46881,757
4620,96,46671,756
4621,96,49434,190
4622,96,46663,754
4623,96,46741,760
4624,96,46533,759
4625,96,46541,763
4626,96,46511,761
4627,96,45513,758
4628,96,46774,753
4629,96,46573,755
4630,96,46552,762
4631,96,46722,750
4632,96,45520,562
4633,96,45520,561
4634,96,45520,569
4635,96,45520,567
4636,96,45520,568
4637,96,45520,560
4638,96,45520,564
4639,96,45520,563
4640,96,46505,601
4641,96,46605,603
4642,96,46503,607
4643,96,46604,605
4644,96,46701,606
4645,96,46603,602
4646,96,46700,604
4647,96,32101,120
4648,96,34100,106
4649,96,34000,114
4650,96,34300,116
4651,96,34100,110
4652,96,37900,305
4653,96,40101,313
4654,96,43400,308
4655,97,38000,129
4656,97,30000,103
4657,97,30300,113
4658,97,38001,101
4659,97,32200,114
4660,97,32100,106
4661,97,32201,120
4662,97,34104,110
4663,97,34003,108
4664,97,34000,100
4665,97,34000,112
4666,97,41010,364
4667,97,41000,306
4668,97,41000,300
4669,97,41000,308
4670,97,45000,313
4671,97,40000,312
4672,97,40103,302
4673,97,43400,305
4674,97,46951,757
4675,97,46672,756
4676,97,49435,190
4677,97,46544,750
4678,97,46581,758
4679,97,46521,760
4680,97,46643,753
4681,97,46653,763
4682,97,46552,761
4683,97,46774,755
4684,97,46712,754
4685,97,45514,759
4686,97,46723,762
4687,97,46605,601
4688,97,46602,606
4689,97,46503,607
4690,97,46505,605
4691,97,46700,602
4692,97,46704,604
4693,97,46603,603
4694,97,49400,717
4695,97,30300,107
4696,97,38000,104
4697,97,34104,116
4698,97,34003,109
4699,97,34104,117
4700,97,45000,310
4701,97,40006,307
4702,97,40102,301
4703,98,38100,122
4704,98,30301,120
4705,98,30300,109
4706,98,38001,111
4707,98,32000,106
4708,98,32101,108
4709,98,32200,113
4710,98,34000,112
4711,98,34102,110
4712,98,34100,114
4713,98,34000,101
4714,98,43410,351
4715,98,41000,312
4716,98,41000,307
4717,98,41000,308
4718,98,45000,313
4719,98,40008,305
4720,98,40103,300
4721,98,43501,310
4722,98,46871,757
4723,98,46663,756
4724,98,49436,190
4725,98,46632,753
4726,98,46534,761
4727,98,46521,755
4728,98,46584,763
4729,98,46653,759
4730,98,46591,762
4731,98,46623,760
4732,98,46774,754
4733,98,46711,750
4734,98,45511,758
4735,98,46702,604
4736,98,46605,607
4737,98,46603,605
4738,98,46505,601
4739,98,46701,606
4740,98,46801,603
4741,98,46503,602
4742,98,38001,107
4743,98,32101,117
4744,98,32101,116
4745,98,32101,103
4746,98,34000,104
4747,98,45000,306
4748,98,43501,314
4749,98,43501,302
4750,99,38000,124
4751,99,30301,101
4752,99,30000,109
4753,99,38100,117
4754,99,32001,111
4755,99,32200,106
4756,99,32000,108
4757,99,34103,104
4758,99,34100,114
4759,99,34003,103
4760,99,34100,107
4761,99,45010,356
4762,99,41000,300
4763,99,41000,307
4764,99,41000,302
4765,99,45000,305
4766,99,40006,313
4767,99,43400,312
4768,99,43501,308
4769,99,46823,757
4770,99,46532,756
4771,99,49437,190
4772,99,46631,759
4773,99,46544,755
4774,99,46584,762
4775,99,46743,754
4776,99,46693,760
4777,99,46773,750
4778,99,45512,763
4779,99,46651,753
4780,99,46572,758
4781,99,46713,761
4782,99,45520,560
4783,99,45520,565
4784,99,45520,567
4785,99,45520,570
4786,99,45520,568
4787,99,45520,562
4788,99,45520,569
4789,99,45520,566
4790,99,46702,602
4791,99,46605,605
4792,99,46504,606
4793,99,46602,607
4794,99,46505,604
4795,99,46802,601
4796,99,46700,603
4797,99,30000,113
4798,99,30301,112
4799,99,38100,116
4800,99,34100,110
4801,99,34103,100
4802,99,45000,301
4803,99,40009,310
4804,99,40101,314
4805,100,30300,128
4806,100,30301,110
4807,100,38100,100
4808,100,38000,113
4809,100,32101,116
4810,100,32102,108
4811,100,32101,112
4812,100,34200,117
4813,100,34100,104
4814,100,34200,109
4815,100,43411,362
4816,100,41000,310
4817,100,41000,305
4818,100,41000,308
4819,100,40003,313
4820,100,43501,301
4821,100,40103,307
4822,100,46872,757
4823,100,46533,756
4824,100,49411,190
4825,100,46661,761
4826,100,46582,755
4827,100,46633,762
4828,100,46627,760
4829,100,46551,750
4830,100,46694,763
4831,100,46603,606
4832,100,46503,605
4833,100,46604,602
4834,100,46702,607
4835,100,34100,101
4836,100,34100,111
4837,100,37900,300
4838,100,45000,314
4839,101,38000,128
4840,101,30001,104
4841,101,30300,116
4842,101,38101,108
4843,101,32102,117
4844,101,32100,109
4845,101,32100,100
4846,101,34300,113
4847,101,34104,111
4848,101,34104,101
4849,101,43411,362
4850,101,41000,310
4851,101,41000,307
4852,101,41000,300
4853,101,40005,308
4854,101,43401,313
4855,101,40102,305
4856,101,46952,757
4857,101,46743,756
4858,101,49438,190
4859,101,46583,755
4860,101,46631,763
4861,101,46522,760
4862,101,46592,762
4863,101,46571,761
4864,101,46554,750
4865,101,46602,605
4866,101,46703,606
4867,101,46503,607
4868,101,46605,602
4869,101,30300,112
4870,101,38000,110
4871,101,37900,301
4872,101,40002,314
4873,102,30300,129
4874,102,30001,104
4875,102,38100,100
4876,102,38101,112
4877,102,32000,108
4878,102,32001,116
4879,102,32000,117
4880,102,34002,114
4881,102,34101,113
4882,102,34002,101
4883,102,43010,364
4884,102,41000,310
4885,102,41000,300
4886,102,41000,312
4887,102,40003,307
4888,102,43501,308
4889,102,43001,301
4890,102,46812,757
4891,102,46562,756
4892,102,49412,190
4893,102,46541,761
4894,102,46582,750
4895,102,46641,762
4896,102,46593,760
4897,102,46724,755
4898,102,46627,763
4899,102,46780,544
4900,102,46780,550
4901,102,46780,547
4902,102,46780,540
4903,102,46780,548
4904,102,46780,549
4905,102,46780,542
4906,102,46780,543
4907,102,46602,607
4908,102,46505,606
4909,102,46605,602
4910,102,46701,605
4911,102,49400,710
4912,102,32000,110
4913,102,34101,109
4914,102,43501,305
4915,102,40101,313
4916,103,30000,128
4917,103,30301,101
4918,103,38001,113
4919,103,38100,112
4920,103,32100,116
4921,103,32201,100
4922,103,32100,110
4923,103,34002,111
4924,103,34103,108
4925,103,34002,117
4926,103,43020,362
4927,103,41000,310
4928,103,41000,307
4929,103,41000,300
4930,103,40006,308
4931,103,40102,301
4932,103,43401,305
4933,103,46813,757
4934,103,46534,756
4935,103,49424,190
4936,103,46642,762
4937,103,46662,761
4938,103,46671,750
4939,103,46571,755
4940,103,46591,763
4941,103,46722,760
4942,103,46602,605
4943,103,46505,607
4944,103,46603,602
4945,103,46703,606
4946,103,49400,715
4947,103,30000,109
4948,103,38001,104
4949,103,45000,314
4950,103,43401,313
4951,104,30300,126
4952,104,30001,101
4953,104,38001,111
4954,104,38100,109
4955,104,32200,113
4956,104,32001,117
4957,104,32200,100
4958,104,34104,116
4959,104,34300,104
4960,104,34300,112
4961,104,41011,358
4962,104,41000,305
4963,104,41000,313
4964,104,41000,301
4965,104,40003,300
4966,104,40103,310
4967,104,43401,307
4968,104,46914,757
4969,104,46524,756
4970,104,49425,190
4971,104,46682,761
4972,104,46643,762
4973,104,46531,750
4974,104,46572,760
4975,104,45513,755
4976,104,46516,763
4977,104,45520,560
4978,104,45520,567
4979,104,45520,568
4980,104,45520,570
4981,104,45520,573
4982,104,45520,562
4983,104,45520,569
4984,104,45520,566
4985,104,46700,602
4986,104,46606,607
4987,104,46504,606
4988,104,46605,605
4989,104,30300,114
4990,104,38001,110
4991,104,40005,314
4992,104,43401,312
4993,105,30300,129
4994,105,30001,103
4995,105,38001,116
4996,105,38100,108
4997,105,32102,104
4998,105,32000,120
4999,105,34001,114
5000,105,34102,117
5001,105,34102,100
5002,105,43011,364
5003,105,41000,312
5004,105,41000,308
5005,105,41000,302
5006,105,40000,301
5007,105,43001,305
5008,105,43501,313
5009,105,46911,757
5010,105,46643,756
5011,105,49431,190
5012,105,46673,763
5013,105,46562,753
5014,105,46632,750
5015,105,46572,755
5016,105,46771,754
5017,105,46695,762
5018,105,46505,605
5019,105,46604,607
5020,105,46605,601
5021,105,46701,602
5022,105,49400,710
5023,105,32000,109
5024,105,34001,113
5025,105,34001,101
5026,105,43001,300
5027,105,40102,307
5028,106,30301,128
5029,106,30000,103
5030,106,38000,116
5031,106,38001,117
5032,106,32100,113
5033,106,32200,109
5034,106,34100,104
5035,106,34200,120
5036,106,34100,108
5037,106,43411,362
5038,106,41000,308
5039,106,41000,313
5040,106,41000,305
5041,106,40005,300
5042,106,43501,301
5043,106,43400,314
5044,106,46953,757
5045,106,46673,756
5046,106,49432,190
5047,106,46633,755
5048,106,46521,762
5049,106,46682,754
5050,106,46711,763
5051,106,46627,753
5052,106,46774,750
5053,106,45520,569
5054,106,45520,562
5055,106,45520,568
5056,106,45520,574
5057,106,45520,561
5058,106,45520,560
5059,106,45520,566
5060,106,45520,570
5061,106,46502,601
5062,106,46605,607
5063,106,46604,605
5064,106,46703,602
5065,106,32200,100
5066,106,34100,101
5067,106,37900,302
5068,106,40101,307
5069,107,30301,123
5070,107,30300,101
5071,107,38001,103
5072,107,38101,109
5073,107,32101,117
5074,107,32000,116
5075,107,34100,100
5076,107,34200,114
5077,107,34200,108
5078,107,44010,352
5079,107,41000,308
5080,107,41000,300
5081,107,41000,312
5082,107,40101,307
5083,107,40103,313
5084,107,43001,305
5085,107,46863,757
5086,107,46661,756
5087,107,49413,190
5088,107,46683,750
5089,107,46562,763
5090,107,46542,754
5091,107,46621,762
5092,107,45514,753
5093,107,46511,755
5094,107,46502,605
5095,107,46604,607
5096,107,46703,602
5097,107,46605,601
5098,107,30301,104
5099,107,34200,113
5100,107,45000,301
5101,107,40002,314
5102,108,30301,128
5103,108,30001,103
5104,108,38101,104
5105,108,38100,109
5106,108,32100,117
5107,108,32200,116
5108,108,34104,101
5109,108,34002,113
5110,108,34104,108
5111,108,44010,362
5112,108,41000,305
5113,108,41000,300
5114,108,41000,313
5115,108,40008,307
5116,108,40101,302
5117,108,43000,308
5118,108,46954,757
5119,108,46531,756
5120,108,49426,190
5121,108,46584,753
5122,108,46662,763
5123,108,46562,755
5124,108,45511,754
5125,108,46593,750
5126,108,46627,762
5127,108,46702,607
5128,108,46604,605
5129,108,46502,601
5130,108,46602,602
5131,108,34002,120
5132,108,34002,100
5133,108,37900,301
5134,108,40002,314
5135,109,30300,122
5136,109,30000,108
5137,109,38101,120
5138,109,38100,104
5139,109,32102,117
5140,109,32100,101
5141,109,34100,109
5142,109,34102,103
5143,109,34100,113
5144,109,43411,351
5145,109,41000,305
5146,109,41000,302
5147,109,41000,308
5148,109,40006,300
5149,109,40102,313
5150,109,43400,307
5151,109,46911,757
5152,109,46741,756
5153,109,49427,190
5154,109,46633,754
5155,109,46533,755
5156,109,46674,763
5157,109,46516,750
5158,109,45512,753
5159,109,46628,762
5160,109,46800,601
5161,109,46704,607
5162,109,46502,605
5163,109,46605,602
5164,109,30300,116
5165,109,38100,114
5166,109,37900,314
5167,109,45000,312
5168,110,38100,121
5169,110,30000,110
5170,110,30001,116
5171,110,38001,117
5172,110,32101,120
5173,110,32100,104
5174,110,32100,112
5175,110,34001,106
5176,110,34100,111
5177,110,34001,100
5178,110,44010,350
5179,110,41000,310
5180,110,41000,314
5181,110,41000,301
5182,110,40001,306
5183,110,40103,305
5184,110,46873,757
5185,110,46521,756
5186,110,49433,190
5187,110,46682,319
5188,110,46661,317
5189,110,46532,322
5190,110,46743,318
5191,110,46753,316
5192,110,46633,309
5193,110,46643,759
5194,110,46674,754
5195,110,46771,755
5196,110,46591,753
5197,110,46573,760
5198,110,45513,758
5199,110,46511,750
5200,110,46723,761
5201,110,46701,601
5202,110,46502,606
5203,110,46603,607
5204,110,46703,602
5205,110,46606,604
5206,110,46504,603
5207,110,41300,321
5208,110,43300,315
5209,110,43301,320
5210,110,32101,103
5211,110,34100,107
5212,110,45000,302
5213,110,40005,313
5214,111,38001,121
5215,111,30301,104
5216,111,30001,110
5217,111,38000,116
5218,111,32101,111
5219,111,32001,100
5220,111,32101,120
5221,111,34200,107
5222,111,34104,117
5223,111,34104,103
5224,111,43020,350
5225,111,41000,313
5226,111,41000,310
5227,111,41000,305
5228,111,40004,302
5229,111,40101,301
5230,111,46862,757
5231,111,46644,756
5232,111,49428,190
5233,111,46671,317
5234,111,46561,319
5235,111,46521,322
5236,111,46681,318
5237,111,46632,320
5238,111,46531,309
5239,111,46661,754
5240,111,46742,759
5241,111,46653,761
5242,111,46771,753
5243,111,46515,755
5244,111,45514,758
5245,111,46622,750
5246,111,46691,760
5247,111,46605,603
5248,111,46702,607
5249,111,46606,601
5250,111,46503,602
5251,111,46700,606
5252,111,46502,604
5253,111,41300,321
5254,111,43300,316
5255,111,43301,315
5256,111,49400,712
5257,111,30001,106
5258,111,38001,112
5259,111,37900,314
5260,111,40005,306
5261,112,30001,127
5262,112,30301,110
5263,112,38101,100
5264,112,38001,111
5265,112,32201,101
5266,112,32001,117
5267,112,32201,106
5268,112,34104,104
5269,112,34103,103
5270,112,34104,116
5271,112,40907,302
5272,112,44010,360
5273,112,41000,305
5274,112,41000,313
5275,112,41000,300
5276,112,40101,314
5277,112,40102,301
5278,112,46821,757
5279,112,46632,756
5280,112,49411,190
5281,112,46642,316
5282,112,46562,322
5283,112,46742,317
5284,112,46662,320
5285,112,46681,318
5286,112,46532,309
5287,112,46543,754
5288,112,46672,750
5289,112,46692,761
5290,112,46724,758
5291,112,46772,753
5292,112,46625,755
5293,112,46714,760
5294,112,45511,759
5295,112,46800,603
5296,112,46603,602
5297,112,46704,606
5298,112,46505,607
5299,112,46605,601
5300,112,46702,604
5301,112,41300,321
5302,112,43300,315
5303,112,43301,319
5304,112,30301,120
5305,112,32201,107
5306,112,40008,306
5307,113,30300,127
5308,113,30001,120
5309,113,38000,107
5310,113,38100,100
5311,113,32200,104
5312,113,32201,116
5313,113,32200,117
5314,113,34102,103
5315,113,34100,111
5316,113,34102,101
5317,113,43011,360
5318,113,41000,302
5319,113,41000,305
5320,113,41000,313
5321,113,40004,314
5322,113,40103,301
5323,113,46882,757
5324,113,46742,756
5325,113,49421,190
5326,113,46672,309
5327,113,46661,322
5328,113,46533,315
5329,113,46641,319
5330,113,46633,318
5331,113,46562,317
5332,113,46582,758
5333,113,46681,760
5334,113,46551,750
5335,113,46652,753
5336,113,46724,761
5337,113,45512,754
5338,113,46713,759
5339,113,46516,755
5340,113,46780,551
5341,113,46780,541
5342,113,46780,543
5343,113,46780,547
5344,113,46780,548
5345,113,46780,552
5346,113,46780,544
5347,113,46780,542
5348,113,46800,606
5349,113,46604,601
5350,113,46703,604
5351,113,46704,607
5352,113,46504,602
5353,113,46603,603
5354,113,41300,321
5355,113,43301,316
5356,113,43300,320
5357,113,38100,110
5358,113,34102,106
5359,113,37900,306
5360,113,40006,300
5361,114,38001,123
5362,114,30301,106
5363,114,30300,117
5364,114,38000,101
5365,114,32200,110
5366,114,32201,104
5367,114,32200,112
5368,114,34200,103
5369,114,34100,116
5370,114,34100,100
5371,114,43020,352
5372,114,41000,305
5373,114,41000,306
5374,114,41000,300
5375,114,40008,301
5376,114,43501,314
5377,114,46861,757
5378,114,46532,756
5379,114,49414,190
5380,114,46522,315
5381,114,46753,309
5382,114,46563,322
5383,114,46631,318
5384,114,46673,320
5385,114,46641,317
5386,114,46681,755
5387,114,46743,753
5388,114,45513,758
5389,114,46712,750
5390,114,46651,761
5391,114,46627,759
5392,114,46693,754
5393,114,46571,760
5394,114,46606,604
5395,114,46602,607
5396,114,46700,601
5397,114,46703,606
5398,114,46502,602
5399,114,46504,603
5400,114,41300,321
5401,114,43300,319
5402,114,43301,316
5403,114,34100,107
5404,114,34100,111
5405,114,37900,313
5406,114,40101,310
5407,115,38101,129
5408,115,30300,112
5409,115,30000,113
5410,115,38001,110
5411,115,32200,108
5412,115,32000,107
5413,115,32001,116
5414,115,34100,109
5415,115,34102,120
5416,115,34101,106
5417,115,41010,364
5418,115,41000,310
5419,115,41000,302
5420,115,41000,313
5421,115,40008,312
5422,115,40103,308
5423,115,46662,758
5424,115,46673,753
5425,115,46581,762
5426,115,46551,763
5427,115,46723,760
5428,115,46694,754
5429,115,46628,759
5430,115,46652,761
5431,115,45520,577
5432,115,45520,565
5433,115,45520,570
5434,115,45520,567
5435,115,45520,568
5436,115,45520,576
5437,115,45520,569
5438,115,45520,561
5439,115,46702,605
5440,115,46606,601
5441,115,46603,606
5442,115,46504,604
5443,115,46700,607
5444,115,46502,603
5445,115,38001,114
5446,115,32000,117
5447,115,32000,103
5448,115,43001,307
5449,115,43001,306
5450,115,49400,713
5451,116,30300,129
5452,116,30301,116
5453,116,38000,117
5454,116,38100,107
5455,116,32102,108
5456,116,32101,114
5457,116,32001,110
5458,116,34101,103
5459,116,34103,112
5460,116,34104,113
5461,116,43410,364
5462,116,41000,312
5463,116,41000,306
5464,116,41000,308
5465,116,40008,307
5466,116,40101,313
5467,116,46663,761
5468,116,46543,762
5469,116,46562,758
5470,116,46552,759
5471,116,46628,754
5472,116,46773,760
5473,116,46722,763
5474,116,46514,753
5475,116,46504,606
5476,116,46702,607
5477,116,46605,605
5478,116,46703,604
5479,116,46503,601
5480,116,46602,603
5481,116,38100,109
5482,116,34104,120
5483,116,34101,106
5484,116,37900,302
5485,116,45000,310
5486,117,38101,126
5487,117,30001,106
5488,117,30000,109
5489,117,38100,112
5490,117,32101,116
5491,117,32200,103
5492,117,32001,107
5493,117,34000,117
5494,117,34101,120
5495,117,34003,114
5496,117,43410,358
5497,117,41000,306
5498,117,41000,312
5499,117,41000,307
5500,117,40005,302
5501,117,40102,313
5502,117,46533,762
5503,117,46632,761
5504,117,46522,758
5505,117,46652,760
5506,117,46593,759
5507,117,46772,754
5508,117,45514,763
5509,117,46713,753
5510,117,46780,547
5511,117,46780,548
5512,117,46780,555
5513,117,46780,541
5514,117,46780,549
5515,117,46780,545
5516,117,46780,550
5517,117,46780,556
5518,117,46604,603
5519,117,46504,607
5520,117,46505,601
5521,117,46606,605
5522,117,46702,604
5523,117,46704,606
5524,117,38101,110
5525,117,32001,113
5526,117,34101,111
5527,117,37900,314
5528,117,40006,310
5529,118,38000,123
5530,118,30000,113
5531,118,30001,110
5532,118,38101,111
5533,118,32001,103
5534,118,32101,116
5535,118,32100,107
5536,118,34103,117
5537,118,34102,114
5538,118,34300,106
5539,118,44010,352
5540,118,41000,313
5541,118,41000,310
5542,118,41000,307
5543,118,40005,314
5544,118,40101,312
5545,118,46682,759
5546,118,46521,754
5547,118,46661,760
5548,118,46721,758
5549,118,46573,762
5550,118,46773,753
5551,118,46551,761
5552,118,46628,763
5553,118,46802,603
5554,118,46702,606
5555,118,46503,604
5556,118,46604,607
5557,118,46703,605
5558,118,46605,601
5559,118,32101,112
5560,118,34103,108
5561,118,34300,109
5562,118,45000,308
5563,118,40002,306
5564,119,30001,125
5565,119,30301,113
5566,119,38000,116
5567,119,38100,117
5568,119,32201,109
5569,119,32100,112
5570,119,32200,103
5571,119,34001,110
5572,119,34003,114
5573,119,34200,106
5574,119,43410,357
5575,119,41000,302
5576,119,41000,310
5577,119,41000,308
5578,119,40103,313
5579,119,40102,314
5580,119,46742,758
5581,119,46633,761
5582,119,46581,753
5583,119,46551,762
5584,119,46651,759
5585,119,46713,754
5586,119,46628,760
5587,119,46592,763
5588,119,46606,606
5589,119,46504,605
5590,119,46605,601
5591,119,46702,607
5592,119,46703,604
5593,119,46505,603
5594,119,30001,111
5595,119,38100,120
5596,119,34003,107
5597,119,45000,306
5598,119,40001,312
5599,120,38101,125
5600,120,30000,104
5601,120,30301,112
5602,120,38100,116
5603,120,32201,107
5604,120,32100,111
5605,120,32001,113
5606,120,34100,106
5607,120,34001,101
5608,120,34300,109
5609,120,34001,117
5610,120,43011,357
5611,120,41000,301
5612,120,41000,314
5613,120,41000,305
5614,120,45000,306
5615,120,40008,308
5616,120,40101,300
5617,120,43001,310
5618,120,46822,757
5619,120,46563,756
5620,120,49415,190
5621,120,46531,761
5622,120,46544,754
5623,120,46632,762
5624,120,46522,755
5625,120,46712,763
5626,120,46592,758
5627,120,46653,750
5628,120,45511,753
5629,120,46696,760
5630,120,46723,759
5631,120,46700,601
5632,120,46703,606
5633,120,46605,602
5634,120,46604,605
5635,120,46504,607
5636,120,46603,604
5637,120,46502,603
5638,120,32201,100
5639,120,34001,110
5640,120,34001,103
5641,120,34300,114
5642,120,34300,120
5643,120,40103,302
5644,120,43400,313
5645,120,43001,312
5646,121,38001,127
5647,121,30000,109
5648,121,30001,101
5649,121,38000,114
5650,121,32102,110
5651,121,32001,116
5652,121,32200,104
5653,121,34103,107
5654,121,34104,108
5655,121,34100,111
5656,121,34104,103
5657,121,41010,360
5658,121,41000,314
5659,121,41000,301
5660,121,41000,305
5661,121,45000,312
5662,121,40101,308
5663,121,43000,306
5664,121,40102,300
5665,121,46912,757
5666,121,46522,756
5667,121,49435,190
5668,121,46584,755
5669,121,46673,762
5670,121,46631,754
5671,121,46683,761
5672,121,46774,760
5673,121,46573,758
5674,121,46723,750
5675,121,46713,763
5676,121,46516,753
5677,121,46691,759
5678,121,45530,525
5679,121,45530,526
5680,121,45530,523
5681,121,45530,529
5682,121,45530,528
5683,121,45530,527
5684,121,45530,530
5685,121,45530,524
5686,121,46603,604
5687,121,46605,601
5688,121,46704,605
5689,121,46604,602
5690,121,46703,607
5691,121,46502,606
5692,121,46505,603
5693,121,30000,117
5694,121,30001,106
5695,121,32001,120
5696,121,32001,113
5697,121,32001,100
5698,121,45000,307
5699,121,40005,302
5700,121,40009,313
5701,122,30000,125
5702,122,30300,111
5703,122,38100,103
5704,122,38001,109
5705,122,32200,101
5706,122,32201,110
5707,122,32100,107
5708,122,34003,116
5709,122,34102,112
5710,122,34000,104
5711,122,34000,106
5712,122,41010,357
5713,122,41000,313
5714,122,41000,300
5715,122,41000,305
5716,122,45000,308
5717,122,40008,310
5718,122,40103,312
5719,122,43000,302
5720,122,46955,757
5721,122,46633,756
5722,122,49416,190
5723,122,46581,755
5724,122,46681,763
5725,122,46522,753
5726,122,46561,759
5727,122,46572,761
5728,122,46514,754
5729,122,46714,762
5730,122,46724,750
5731,122,46653,760
5732,122,46625,758
5733,122,45530,529
5734,122,45530,527
5735,122,45530,525
5736,122,45530,526
5737,122,45530,520
5738,122,45530,528
5739,122,45530,523
5740,122,45530,521
5741,122,46700,606
5742,122,46605,605
5743,122,46604,604
5744,122,46505,602
5745,122,46603,607
5746,122,46703,601
5747,122,46503,603
5748,122,30000,120
5749,122,38001,113
5750,122,34102,114
5751,122,34003,117
5752,122,34102,100
5753,122,40003,314
5754,122,43000,301
5755,122,43400,306
5756,123,38001,121
5757,123,30001,104
5758,123,30000,112
5759,123,38100,108
5760,123,32000,107
5761,123,32102,110
5762,123,32101,113
5763,123,34200,109
5764,123,34103,106
5765,123,34101,100
5766,123,34103,120
5767,123,41010,350
5768,123,41000,302
5769,123,41000,305
5770,123,41000,310
5771,123,45000,306
5772,123,40008,308
5773,123,40101,312
5774,123,43501,307
5775,123,46874,757
5776,123,46662,756
5777,123,49422,190
5778,123,46683,754
5779,123,46583,750
5780,123,46644,761
5781,123,46544,762
5782,123,46572,760
5783,123,45512,755
5784,123,46774,753
5785,123,46651,758
5786,123,46723,763
5787,123,46512,759
5788,123,46703,606
5789,123,46503,602
5790,123,46602,607
5791,123,46704,605
5792,123,46605,604
5793,123,46505,601
5794,123,46603,603
5795,123,30001,116
5796,123,30000,103
5797,123,32000,114
5798,123,34200,117
5799,123,34101,111
5800,123,37900,301
5801,123,45000,313
5802,123,40000,314
5803,124,30000,128
5804,124,30300,104
5805,124,38000,113
5806,124,38100,101
5807,124,32100,120
5808,124,32000,106
5809,124,32201,110
5810,124,34200,116
5811,124,34300,107
5812,124,34003,100
5813,124,34200,117
5814,124,43010,362
5815,124,41000,308
5816,124,41000,306
5817,124,41000,307
5818,124,45000,305
5819,124,40002,301
5820,124,43501,314
5821,124,40101,310
5822,124,46862,757
5823,124,46533,756
5824,124,49417,190
5825,124,46631,763
5826,124,46541,755
5827,124,46523,753
5828,124,46681,758
5829,124,46516,754
5830,124,46651,760
5831,124,46573,750
5832,124,46714,759
5833,124,45513,762
5834,124,46593,761
5835,124,46604,607
5836,124,46502,604
5837,124,46702,605
5838,124,46602,602
5839,124,46505,601
5840,124,46603,606
5841,124,46704,603
5842,124,30300,111
5843,124,38100,112
5844,124,32000,108
5845,124,32201,103
5846,124,34003,109
5847,124,37900,302
5848,124,40000,313
5849,124,40102,300
5850,125,30001,121
5851,125,30000,103
5852,125,38000,113
5853,125,38001,104
5854,125,32001,111
5855,125,32200,107
5856,125,32102,100
5857,125,34000,109
5858,125,34101,106
5859,125,34001,120
5860,125,34000,112
5861,125,43410,350
5862,125,41000,312
5863,125,41000,302
5864,125,41000,307
5865,125,45000,313
5866,125,40001,306
5867,125,43401,314
5868,125,43400,301
5869,125,46911,757
5870,125,46631,756
5871,125,49436,190
5872,125,46742,760
5873,125,46521,763
5874,125,46671,759
5875,125,46563,755
5876,125,46771,753
5877,125,46591,761
5878,125,46622,762
5879,125,46722,758
5880,125,45514,750
5881,125,46714,754
5882,125,46502,602
5883,125,46602,605
5884,125,46606,606
5885,125,46505,607
5886,125,46603,601
5887,125,46700,604
5888,125,46704,603
5889,125,49400,712
5890,125,38001,117
5891,125,34000,116
5892,125,34101,110
5893,125,34000,114
5894,125,34101,108
5895,125,45000,310
5896,125,40103,305
5897,125,40102,308
5898,126,38000,125
5899,126,30001,113
5900,126,30301,110
5901,126,38101,111
5902,126,32100,120
5903,126,32201,116
5904,126,32101,112
5905,126,34001,109
5906,126,34101,100
5907,126,34104,103
5908,126,34101,117
5909,126,43410,357
5910,126,41000,308
5911,126,41000,302
5912,126,41000,313
5913,126,45000,306
5914,126,40102,312
5915,126,40101,300
5916,126,43401,314
5917,126,46883,757
5918,126,46523,756
5919,126,49423,190
5920,126,46644,762
5921,126,46674,753
5922,126,46543,758
5923,126,46631,750
5924,126,46692,759
5925,126,46573,760
5926,126,46721,755
5927,126,46714,763
5928,126,46773,754
5929,126,45511,761
5930,126,46603,603
5931,126,46702,601
5932,126,46700,605
5933,126,46606,607
5934,126,46503,606
5935,126,46505,602
5936,126,46602,604
5937,126,30001,104
5938,126,30001,106
5939,126,38000,101
5940,126,32100,107
5941,126,32201,114
5942,126,45000,305
5943,126,40000,310
5944,126,43001,301
5945,127,38100,124
5946,127,30300,104
5947,127,30001,116
5948,127,38101,110
5949,127,32101,117
5950,127,32102,103
5951,127,32201,114
5952,127,34003,111
5953,127,34102,113
5954,127,34200,109
5955,127,34200,106
5956,127,43411,356
5957,127,41000,312
5958,127,41000,302
5959,127,41000,308
5960,127,45000,313
5961,127,40009,301
5962,127,43501,314
5963,127,40102,310
5964,127,46911,757
5965,127,46534,756
5966,127,49437,190
5967,127,46522,754
5968,127,46632,763
5969,127,46741,750
5970,127,46542,760
5971,127,46713,755
5972,127,45512,753
5973,127,46552,758
5974,127,46772,761
5975,127,46571,762
5976,127,46591,759
5977,127,46504,604
5978,127,46505,602
5979,127,46603,607
5980,127,46602,606
5981,127,46605,601
5982,127,46702,605
5983,127,46703,603
5984,127,30001,107
5985,127,30001,112
5986,127,34003,100
5987,127,34102,108
5988,127,34102,101
5989,127,37900,305
5990,127,45000,307
5991,127,40003,300
5992,128,20300,103
5993,128,38100,125
5994,128,30000,117
5995,128,30001,120
5996,128,38101,113
5997,128,32102,101
5998,128,32001,109
5999,128,32100,111
6000,128,34102,116
6001,128,34200,104
6002,128,34003,112
6003,128,34102,107
6004,128,43010,351
6005,128,41000,302
6006,128,41000,305
6007,128,41000,308
6008,128,45000,314
6009,128,40102,306
6010,128,43000,300
6011,128,43401,310
6012,128,46871,757
6013,128,46674,756
6014,128,49438,190
6015,128,46663,758
6016,128,46542,761
6017,128,46743,755
6018,128,46682,763
6019,128,46552,750
6020,128,46592,759
6021,128,46711,762
6022,128,46515,760
6023,128,46651,754
6024,128,46572,753
6025,128,46504,607
6026,128,46602,603
6027,128,46503,605
6028,128,46704,601
6029,128,46603,606
6030,128,46604,604
6031,128,46703,602
6032,128,30000,114
6033,128,30000,100
6034,128,38100,110
6035,128,32100,106
6036,128,40004,312
6037,128,40101,313
6038,128,43000,307
6039,129,38100,123
6040,129,30300,113
6041,129,30000,101
6042,129,38000,103
6043,129,32200,100
6044,129,32201,117
6045,129,32101,108
6046,129,34300,111
6047,129,34103,104
6048,129,34100,107
6049,129,34103,109
6050,129,43011,352
6051,129,41000,301
6052,129,41000,314
6053,129,41000,305
6054,129,45000,313
6055,129,40008,310
6056,129,40102,312
6057,129,43501,306
6058,129,46814,757
6059,129,46663,756
6060,129,49424,190
6061,129,46681,761
6062,129,46632,754
6063,129,46741,755
6064,129,46562,762
6065,129,46724,759
6066,129,46551,750
6067,129,46711,763
6068,129,46571,760
6069,129,46592,753
6070,129,46652,758
6071,129,46603,604
6072,129,46504,606
6073,129,46701,607
6074,129,46704,601
6075,129,46605,605
6076,129,46602,602
6077,129,46503,603
6078,129,38100,112
6079,129,34300,114
6080,129,34103,110
6081,129,34100,106
6082,129,34300,116
6083,129,45000,308
6084,129,40103,307
6085,129,40001,300
6086,130,38000,125
6087,130,30000,101
6088,130,30300,109
6089,130,38100,111
6090,130,32102,117
6091,130,32201,107
6092,130,32000,100
6093,130,34102,103
6094,130,34200,114
6095,130,34100,112
6096,130,34102,110
6097,130,43011,358
6098,130,41000,305
6099,130,41000,312
6100,130,41000,310
6101,130,45000,307
6102,130,40000,300
6103,130,43000,313
6104,130,43400,306
6105,130,46811,757
6106,130,46661,756
6107,130,49425,190
6108,130,46541,754
6109,130,46561,761
6110,130,46671,763
6111,130,46682,755
6112,130,46723,753
6113,130,46553,750
6114,130,46514,762
6115,130,46572,760
6116,130,46626,759
6117,130,46653,758
6118,130,46802,606
6119,130,46704,604
6120,130,46702,602
6121,130,46604,601
6122,130,46505,605
6123,130,46606,607
6124,130,46503,603
6125,130,30300,106
6126,130,38000,120
6127,130,32201,113
6128,130,32201,116
6129,130,32000,104
6130,130,37900,301
6131,130,45000,302
6132,130,40102,314
6133,131,38101,129
6134,131,30301,103
6135,131,30300,108
6136,131,38001,113
6137,131,32001,101
6138,131,32201,104
6139,131,32100,109
6140,131,34100,112
6141,131,34002,110
6142,131,34300,107
6143,131,34300,116
6144,131,41010,364
6145,131,41000,308
6146,131,41000,310
6147,131,41000,305
6148,131,45000,313
6149,131,40005,307
6150,131,40101,300
6151,131,43000,302
6152,131,46951,757
6153,131,46743,756
6154,131,49418,190
6155,131,46561,750
6156,131,46674,762
6157,131,46523,754
6158,131,46532,761
6159,131,46627,755
6160,131,46724,763
6161,131,46516,760
6162,131,46593,758
6163,131,46551,753
6164,131,46652,759
6165,131,46504,603
6166,131,46704,601
6167,131,46702,607
6168,131,46502,605
6169,131,46602,606
6170,131,46604,604
6171,131,46603,602
6172,131,49400,715
6173,131,32201,117
6174,131,34002,100
6175,131,34100,114
6176,131,34300,120
6177,131,34100,106
6178,131,37900,312
6179,131,40006,306
6180,131,40102,301
6181,132,38001,123
6182,132,30000,116
6183,132,30301,101
6184,132,38101,113
6185,132,32000,100
6186,132,32201,110
6187,132,32102,107
6188,132,34001,106
6189,132,34100,112
6190,132,34300,114
6191,132,34001,104
6192,132,43011,352
6193,132,41000,307
6194,132,41000,308
6195,132,41000,310
6196,132,45000,300
6197,132,40002,301
6198,132,43400,305
6199,132,43401,313
6200,132,46823,757
6201,132,46662,756
6202,132,49426,190
6203,132,46683,755
6204,132,46531,754
6205,132,46563,763
6206,132,46641,761
6207,132,46693,750
6208,132,46573,753
6209,132,46651,762
6210,132,45513,759
6211,132,46624,760
6212,132,46714,758
6213,132,46801,607
6214,132,46503,605
6215,132,46505,606
6216,132,46602,602
6217,132,46703,601
6218,132,46605,604
6219,132,46700,603
6220,132,30301,108
6221,132,32102,103
6222,132,32000,111
6223,132,32102,117
6224,132,34300,109
6225,132,40007,312
6226,132,40102,306
6227,132,40103,314
6228,133,30000,127
6229,133,30001,120
6230,133,38101,103
6231,133,38000,110
6232,133,32102,109
6233,133,32201,100
6234,133,32100,111
6235,133,34000,104
6236,133,34101,106
6237,133,34200,114
6238,133,34200,113
6239,133,43011,360
6240,133,41000,301
6241,133,41000,305
6242,133,41000,314
6243,133,45000,313
6244,133,40001,306
6245,133,40103,312
6246,133,43400,300
6247,133,46884,757
6248,133,46741,756
6249,133,49427,190
6250,133,46671,761
6251,133,46524,750
6252,133,46683,753
6253,133,46563,758
6254,133,45514,762
6255,133,46625,754
6256,133,46711,759
6257,133,46771,760
6258,133,46511,755
6259,133,46572,763
6260,133,46703,607
6261,133,46504,606
6262,133,46604,605
6263,133,46503,602
6264,133,46605,601
6265,133,46702,604
6266,133,46606,603
6267,133,32201,107
6268,133,34101,101
6269,133,34000,117
6270,133,34200,108
6271,133,34200,116
6272,133,45000,302
6273,133,40007,307
6274,133,43400,308
6275,134,21500,117
6276,134,38001,121
6277,134,30301,110
6278,134,30300,103
6279,134,38100,113
6280,134,32101,108
6281,134,32200,114
6282,134,32100,106
6283,134,34100,100
6284,134,34003,111
6285,134,34102,109
6286,134,34003,107
6287,134,45010,350
6288,134,41000,301
6289,134,41000,306
6290,134,41000,310
6291,134,45000,307
6292,134,40003,305
6293,134,43501,313
6294,134,40102,302
6295,134,46912,757
6296,134,46682,756
6297,134,49431,190
6298,134,46662,760
6299,134,46644,753
6300,134,46672,759
6301,134,46562,750
6302,134,45511,754
6303,134,46516,762
6304,134,46553,761
6305,134,46573,755
6306,134,46622,763
6307,134,46591,758
6308,134,46700,603
6309,134,46505,605
6310,134,46606,601
6311,134,46602,607
6312,134,46603,606
6313,134,46503,602
6314,134,46704,604
6315,134,32200,112
6316,134,32100,120
6317,134,32100,104
6318,134,34003,116
6319,134,37900,308
6320,134,43501,312
6321,134,43501,314
6322,135,30000,123
6323,135,30301,109
6324,135,38100,111
6325,135,38001,107
6326,135,32000,104
6327,135,32001,106
6328,135,32201,110
6329,135,34100,116
6330,135,34300,103
6331,135,34003,112
6332,135,34003,108
6333,135,43011,352
6334,135,41000,310
6335,135,41000,308
6336,135,41000,301
6337,135,45000,300
6338,135,40101,312
6339,135,43401,313
6340,135,43501,306
6341,135,46913,757
6342,135,46531,756
6343,135,49428,190
6344,135,46522,763
6345,135,46672,761
6346,135,46642,758
6347,135,46582,753
6348,135,46694,755
6349,135,46627,754
6350,135,46511,762
6351,135,46721,759
6352,135,46711,760
6353,135,46571,750
6354,135,46050,646
6355,135,46040,621
6356,135,46000,656
6357,135,46020,661
6358,135,46030,615
6359,135,46060,637
6360,135,46010,642
6361,135,46010,653
6362,135,46000,622
6363,135,46000,616
6364,135,46040,654
6365,135,46020,630
6366,135,46020,662
6367,135,46010,617
6368,135,46050,632
6369,135,46040,618
6370,135,46050,643
6371,135,46020,641
6372,135,46010,635
6373,135,46030,625
6374,135,46060,640
6375,135,46000,619
6376,135,46000,626
6377,135,46030,639
6378,135,46010,645
6379,135,46060,649
6380,135,46030,659
6381,135,46040,647
6382,135,46000,655
6383,135,46030,650
6384,135,46050,620
6385,135,46060,652
6386,135,46020,648
6387,135,46030,629
6388,135,46020,623
6389,135,46060,627
6390,135,46030,631
6391,135,46020,651
6392,135,46050,633
6393,135,46010,624
6394,135,46000,636
6395,135,46060,660
6396,135,46050,638
6397,135,46060,628
6398,135,46040,644
6399,135,46060,634
6400,135,46010,657
6401,135,46060,658
6402,135,46606,603
6403,135,46602,607
6404,135,46701,605
6405,135,46702,601
6406,135,46504,606
6407,135,46603,602
6408,135,46502,604
6409,135,30000,117
6410,135,30301,100
6411,135,38001,101
6412,135,32000,113
6413,135,34003,114
6414,135,45000,307
6415,135,40009,305
6416,135,40103,314
6417,136,38000,127
6418,136,30000,114
6419,136,30301,108
6420,136,38001,100
6421,136,32200,109
6422,136,32201,120
6423,136,32101,106
6424,136,34101,107
6425,136,34104,117
6426,136,34200,103
6427,136,34101,113
6428,136,45010,360
6429,136,41000,305
6430,136,41000,308
6431,136,41000,300
6432,136,45000,301
6433,136,40004,314
6434,136,43400,306
6435,136,43401,313
6436,136,46881,757
6437,136,46683,756
6438,136,49432,190
6439,136,46741,761
6440,136,46671,754
6441,136,46532,750
6442,136,46541,762
6443,136,46516,759
6444,136,46551,755
6445,136,46627,760
6446,136,46773,763
6447,136,46653,753
6448,136,46711,758
6449,136,45530,525
6450,136,45530,529
6451,136,45530,528
6452,136,45530,526
6453,136,45530,520
6454,136,45530,527
6455,136,45530,521
6456,136,45530,522
6457,136,46703,606
6458,136,46701,602
6459,136,46503,604
6460,136,46603,605
6461,136,46606,601
6462,136,46800,607
6463,136,46505,603
6464,136,30000,110
6465,136,30000,101
6466,136,38001,111
6467,136,34200,116
6468,136,34200,104
6469,136,40103,307
6470,136,43401,302
6471,136,43400,312
6472,137,38100,129
6473,137,30301,116
6474,137,30001,110
6475,137,38000,109
6476,137,32101,117
6477,137,32200,106
6478,137,32201,101
6479,137,34104,103
6480,137,34101,108
6481,137,34003,114
6482,137,34101,100
6483,137,43410,364
6484,137,41000,305
6485,137,41000,312
6486,137,41000,302
6487,137,45000,307
6488,137,40007,308
6489,137,43501,306
6490,137,43001,310
6491,137,46824,757
6492,137,46561,756
6493,137,49433,190
6494,137,46633,763
6495,137,46641,754
6496,137,46673,759
6497,137,46743,760
6498,137,46592,761
6499,137,46713,750
6500,137,46553,762
6501,137,46723,758
6502,137,46695,753
6503,137,46772,755
6504,137,46040,661
6505,137,46030,648
6506,137,46050,621
6507,137,46000,643
6508,137,46010,651
6509,137,46060,626
6510,137,46020,632
6511,137,46030,640
6512,137,46050,645
6513,137,46000,658
6514,137,46040,635
6515,137,46030,657
6516,137,46040,616
6517,137,46010,646
6518,137,46050,650
6519,137,46020,642
6520,137,46060,641
6521,137,46060,638
6522,137,46040,623
6523,137,46020,654
6524,137,46030,659
6525,137,46040,644
6526,137,46050,639
6527,137,46050,628
6528,137,46030,655
6529,137,46050,660
6530,137,46010,629
6531,137,46050,633
6532,137,46000,622
6533,137,46020,656
6534,137,46020,653
6535,137,46060,619
6536,137,46000,625
6537,137,46030,615
6538,137,46000,620
6539,137,46020,634
6540,137,46020,617
6541,137,46040,624
6542,137,46010,630
6543,137,46030,631
6544,137,46000,649
6545,137,46010,627
6546,137,46060,662
6547,137,46060,637
6548,137,46000,636
6549,137,46060,647
6550,137,46040,652
6551,137,46010,618
6552,137,46700,606
6553,137,46502,605
6554,137,46602,602
6555,137,46701,604
6556,137,46604,607
6557,137,46606,601
6558,137,46503,603
6559,137,30001,120
6560,137,38000,113
6561,137,32201,104
6562,137,32201,112
6563,137,32201,107
6564,137,45000,300
6565,137,40005,301
6566,137,40103,313
6567,138,38000,121
6568,138,30301,103
6569,138,30001,100
6570,138,38100,114
6571,138,32101,108
6572,138,32001,111
6573,138,32100,120
6574,138,34000,110
6575,138,34003,116
6576,138,34001,106
6577,138,34000,104
6578,138,43411,350
6579,138,41000,310
6580,138,41000,308
6581,138,41000,301
6582,138,45000,313
6583,138,40000,305
6584,138,43001,307
6585,138,43000,302
6586,138,46872,757
6587,138,46532,756
6588,138,49434,190
6589,138,46671,753
6590,138,46641,762
6591,138,46661,761
6592,138,46544,758
6593,138,46571,755
6594,138,46511,760
6595,138,45512,759
6596,138,46628,754
6597,138,46721,763
6598,138,46714,750
6599,138,46602,602
6600,138,46505,605
6601,138,46502,604
6602,138,46701,607
6603,138,46604,606
6604,138,46802,601
6605,138,46704,603
6606,138,38100,117
6607,138,32100,107
6608,138,32101,112
6609,138,34003,113
6610,138,34003,109
6611,138,45000,306
6612,138,43001,312
6613,138,40101,314
6614,139,30300,128
6615,139,30001,107
6616,139,38000,116
6617,139,38100,112
6618,139,32101,109
6619,139,32201,111
6620,139,32102,106
6621,139,34101,110
6622,139,34003,113
6623,139,34000,100
6624,139,34003,120
6625,139,44010,362
6626,139,41000,313
6627,139,41000,306
6628,139,41000,310
6629,139,45000,307
6630,139,40001,302
6631,139,43501,301
6632,139,40101,314
6633,139,46863,757
6634,139,46524,756
6635,139,49411,190
6636,139,46662,761
6637,139,46542,763
6638,139,46681,755
6639,139,46741,754
6640,139,46691,762
6641,139,46512,760
6642,139,46712,758
6643,139,46651,753
6644,139,46591,750
6645,139,46722,759
6646,139,45530,520
6647,139,45530,526
6648,139,45530,528
6649,139,45530,521
6650,139,45530,527
6651,139,45530,529
6652,139,45530,524
6653,139,45530,525
6654,139,46703,604
6655,139,46700,605
6656,139,46605,601
6657,139,46505,607
6658,139,46602,606
6659,139,46503,602
6660,139,46801,603
6661,139,49400,715
6662,139,30001,108
6663,139,30001,117
6664,139,38100,104
6665,139,34003,101
6666,139,34101,103
6667,139,45000,300
6668,139,40007,308
6669,139,43001,305
6670,140,30300,121
6671,140,30001,117
6672,140,38100,114
6673,140,38000,110
6674,140,32101,113
6675,140,32000,100
6676,140,32101,109
6677,140,34003,104
6678,140,34102,111
6679,140,34102,112
6680,140,43411,350
6681,140,41000,305
6682,140,41000,313
6683,140,41000,301
6684,140,40002,310
6685,140,43400,308
6686,140,40101,307
6687,140,46821,757
6688,140,46632,756
6689,140,49435,190
6690,140,46541,762
6691,140,46563,750
6692,140,46671,760
6693,140,45513,763
6694,140,46773,761
6695,140,46714,755
6696,140,46040,640
6697,140,46030,643
6698,140,46010,661
6699,140,46060,649
6700,140,46000,619
6701,140,46020,651
6702,140,46050,658
6703,140,46030,641
6704,140,46040,629
6705,140,46040,630
6706,140,46020,648
6707,140,46050,631
6708,140,46030,620
6709,140,46030,645
6710,140,46030,656
6711,140,46050,654
6712,140,46010,653
6713,140,46050,655
6714,140,46000,639
6715,140,46000,662
6716,140,46030,659
6717,140,46050,646
6718,140,46010,660
6719,140,46040,644
6720,140,46000,650
6721,140,46040,616
6722,140,46020,618
6723,140,46020,632
6724,140,46020,617
6725,140,46060,642
6726,140,46000,657
6727,140,46040,628
6728,140,46606,607
6729,140,46502,606
6730,140,46602,605
6731,140,46701,602
6732,140,30001,108
6733,140,38100,116
6734,140,45000,314
6735,140,40102,312
6736,140,49400,717
6737,141,30000,125
6738,141,30300,110
6739,141,38100,104
6740,141,38000,101
6741,141,32200,109
6742,141,32001,100
6743,141,32200,113
6744,141,34000,117
6745,141,34103,116
6746,141,34103,114
6747,141,44010,357
6748,141,41000,308
6749,141,41000,300
6750,141,41000,312
6751,141,40007,305
6752,141,40103,313
6753,141,43001,310
6754,141,46812,757
6755,141,46641,756
6756,141,49421,190
6757,141,46672,760
6758,141,46523,755
6759,141,46681,762
6760,141,46513,761
6761,141,46592,750
6762,141,46553,763
6763,141,46801,606
6764,141,46703,602
6765,141,46602,607
6766,141,46504,605
6767,141,30300,112
6768,141,34103,111
6769,141,45000,301
6770,141,40005,314
6771,142,30300,121
6772,142,30000,111
6773,142,38101,110
6774,142,38100,116
6775,142,32200,117
6776,142,32101,109
6777,142,32101,104
6778,142,34002,114
6779,142,34100,113
6780,142,34002,100
6781,142,43010,350
6782,142,41000,310
6783,142,41000,308
6784,142,41000,305
6785,142,40009,314
6786,142,40101,312
6787,142,43501,307
6788,142,46913,757
6789,142,46633,756
6790,142,49436,190
6791,142,46522,762
6792,142,46541,750
6793,142,46582,761
6794,142,46591,760
6795,142,46512,755
6796,142,46722,763
6797,142,46503,606
6798,142,46602,607
6799,142,46603,602
6800,142,46702,605
6801,142,38100,112
6802,142,32101,108
6803,142,37900,301
6804,142,40000,313
6805,143,30001,125
6806,143,30000,104
6807,143,38001,100
6808,143,38100,114
6809,143,32000,110
6810,143,32101,101
6811,143,32101,112
6812,143,34102,111
6813,143,34200,109
6814,143,34102,113
6815,143,43020,357
6816,143,41000,301
6817,143,41000,310
6818,143,41000,308
6819,143,40004,300
6820,143,43400,314
6821,143,40103,305
6822,143,46873,757
6823,143,46631,756
6824,143,49412,190
6825,143,46672,763
6826,143,46681,750
6827,143,46543,760
6828,143,46724,762
6829,143,46628,755
6830,143,46551,761
6831,143,45530,526
6832,143,45530,533
6833,143,45530,523
6834,143,45530,527
6835,143,45530,529
6836,143,45530,528
6837,143,45530,524
6838,143,45530,530
6839,143,46503,607
6840,143,46701,605
6841,143,46605,606
6842,143,46604,602
6843,143,30000,117
6844,143,32000,116
6845,143,43400,312
6846,143,43400,313
6847,144,38000,128
6848,144,30301,116
6849,144,30000,110
6850,144,38101,112
6851,144,32201,100
6852,144,32100,108
6853,144,32100,117
6854,144,34104,111
6855,144,34300,101
6856,144,34300,104
6857,144,43410,362
6858,144,41000,308
6859,144,41000,305
6860,144,41000,301
6861,144,40002,310
6862,144,40103,314
6863,144,43001,300
6864,144,46952,757
6865,144,46631,756
6866,144,49437,190
6867,144,46682,750
6868,144,46581,763
6869,144,46521,761
6870,144,46628,760
6871,144,46711,755
6872,144,46721,762
6873,144,46606,605
6874,144,46504,602
6875,144,46701,606
6876,144,46603,607
6877,144,38000,109
6878,144,32201,113
6879,144,43000,307
6880,144,43001,313
6881,145,38000,123
6882,145,30001,101
6883,145,30000,103
6884,145,38100,113
6885,145,32200,114
6886,145,32101,104
6887,145,34102,116
6888,145,34103,108
6889,145,34102,100
6890,145,43411,352
6891,145,41000,301
6892,145,41000,313
6893,145,41000,307
6894,145,40004,314
6895,145,40102,308
6896,145,43401,312
6897,145,46813,757
6898,145,46633,756
6899,145,49413,190
6900,145,46524,755
6901,145,46662,762
6902,145,46582,754
6903,145,46723,763
6904,145,46554,753
6905,145,46593,750
6906,145,46604,605
6907,145,46603,602
6908,145,46702,601
6909,145,46505,607
6910,145,38100,109
6911,145,32101,117
6912,145,45000,305
6913,145,43400,300
6914,145,49400,710
6915,146,30001,125
6916,146,30000,120
6917,146,38100,116
6918,146,38000,103
6919,146,32102,114
6920,146,32100,100
6921,146,34300,104
6922,146,34102,101
6923,146,34300,113
6924,146,43410,357
6925,146,41000,305
6926,146,41000,300
6927,146,41000,302
6928,146,40103,314
6929,146,43501,313
6930,146,40102,308
6931,146,46814,757
6932,146,46642,756
6933,146,49438,190
6934,146,46672,753
6935,146,46582,755
6936,146,46534,763
6937,146,46591,750
6938,146,46515,762
6939,146,46626,754
6940,146,46504,605
6941,146,46602,607
6942,146,46704,602
6943,146,46605,601
6944,146,30000,117
6945,146,34102,109
6946,146,40009,301
6947,147,21400,116
6948,147,30000,126
6949,147,30301,114
6950,147,38001,103
6951,147,38100,101
6952,147,32101,117
6953,147,32200,104
6954,147,34104,120
6955,147,34100,100
6956,147,34100,113
6957,147,43010,358
6958,147,41000,305
6959,147,41000,312
6960,147,41000,302
6961,147,40006,313
6962,147,43001,301
6963,147,40103,307
6964,147,46953,757
6965,147,46681,756
6966,147,49422,190
6967,147,46583,754
6968,147,46631,762
6969,147,46561,755
6970,147,46724,753
6971,147,46771,750
6972,147,46511,763
6973,147,46604,602
6974,147,46606,607
6975,147,46700,605
6976,147,46504,601
6977,147,30000,109
6978,147,37900,314
6979,147,43000,300
6980,148,38101,129
6981,148,30001,108
6982,148,30300,117
6983,148,38001,109
6984,148,32201,103
6985,148,32000,113
6986,148,34100,116
6987,148,34200,104
6988,148,34100,120
6989,148,45010,364
6990,148,41000,302
6991,148,41000,307
6992,148,41000,312
6993,148,40001,305
6994,148,43501,308
6995,148,43400,300
6996,148,46864,757
6997,148,46562,756
6998,148,49414,190
6999,148,46633,753
7000,148,46663,762
7001,148,46742,750
7002,148,45514,754
7003,148,46722,755
7004,148,46692,763
7005,148,45530,526
7006,148,45530,521
7007,148,45530,534
7008,148,45530,520
7009,148,45530,528
7010,148,45530,529
7011,148,45530,524
7012,148,45530,522
7013,148,46602,605
7014,148,46700,607
7015,148,46502,601
7016,148,46606,602
7017,148,32201,101
7018,148,34200,114
7019,148,34100,100
7020,148,40103,313
7021,148,43501,301
7022,149,38101,126
7023,149,30000,114
7024,149,30001,101
7025,149,38000,104
7026,149,32000,120
7027,149,32001,116
7028,149,34001,100
7029,149,34003,109
7030,149,34001,117
7031,149,45010,358
7032,149,41000,307
7033,149,41000,301
7034,149,41000,313
7035,149,40005,314
7036,149,43000,302
7037,149,40101,300
7038,149,46954,757
7039,149,46533,756
7040,149,49431,190
7041,149,46683,750
7042,149,46672,754
7043,149,46632,763
7044,149,46551,762
7045,149,46626,755
7046,149,45511,753
7047,149,46502,607
7048,149,46602,602
7049,149,46702,601
7050,149,46603,605
7051,149,30001,103
7052,149,38101,113
7053,149,37900,305
7054,149,40002,312
7055,150,30000,121
7056,150,30301,106
7057,150,38100,104
7058,150,38000,116
7059,150,32001,100
7060,150,32000,107
7061,150,32001,110
7062,150,34000,111
7063,150,34001,120
7064,150,34001,117
7065,150,41010,350
7066,150,41000,302
7067,150,41000,305
7068,150,41000,310
7069,150,40008,313
7070,150,43501,306
7071,150,46822,757
7072,150,46563,756
7073,150,49432,190
7074,150,46521,319
7075,150,46683,322
7076,150,46631,317
7077,150,46642,320
7078,150,46743,316
7079,150,46661,318
7080,150,46543,761
7081,150,46673,750
7082,150,46592,760
7083,150,45512,753
7084,150,46723,755
7085,150,46627,759
7086,150,46571,758
7087,150,46652,754
7088,150,45530,528
7089,150,45530,520
7090,150,45530,521
7091,150,45530,532
7092,150,45530,522
7093,150,45530,527
7094,150,45530,523
7095,150,45530,525
7096,150,46503,606
7097,150,46603,607
7098,150,46704,604
7099,150,46504,602
7100,150,46604,601
7101,150,46702,603
7102,150,41300,321
7103,150,43300,309
7104,150,43301,315
7105,150,30301,112
7106,150,32000,103
7107,150,40101,301
7108,150,43401,314
7109,151,30000,123
7110,151,30300,111
7111,151,38001,103
7112,151,38000,100
7113,151,32000,110
7114,151,32200,101
7115,151,32200,112
7116,151,34200,104
7117,151,34104,106
7118,151,34104,116
7119,151,43020,352
7120,151,41000,300
7121,151,41000,305
7122,151,41000,310
7123,151,40000,314
7124,151,43401,313
7125,151,46955,757
7126,151,46663,756
7127,151,49433,190
7128,151,46643,320
7129,151,46753,322
7130,151,46563,317
7131,151,46523,316
7132,151,46682,315
7133,151,46633,319
7134,151,46743,759
7135,151,46533,750
7136,151,46512,758
7137,151,46553,755
7138,151,46721,753
7139,151,46712,760
7140,151,46627,761
7141,151,46653,754
7142,151,46503,601
7143,151,46605,603
7144,151,46704,607
7145,151,46703,604
7146,151,46606,602
7147,151,46502,606
7148,151,41300,321
7149,151,43300,309
7150,151,43301,318
7151,151,34200,117
7152,151,34200,107
7153,151,45000,301
7154,151,40103,306
7155,152,20600,107
7156,152,30301,121
7157,152,30000,100
7158,152,38000,106
7159,152,38001,117
7160,152,32001,104
7161,152,32000,103
7162,152,32000,112
7163,152,34103,110
7164,152,34100,120
7165,152,34103,116
7166,152,43410,350
7167,152,41000,306
7168,152,41000,313
7169,152,41000,310
7170,152,40002,302
7171,152,40101,314
7172,152,46882,757
7173,152,46661,756
7174,152,49434,190
7175,152,46751,320
7176,152,46521,317
7177,152,46764,322
7178,152,46633,319
7179,152,46562,315
7180,152,46673,318
7181,152,46681,750
7182,152,46534,759
7183,152,46511,754
7184,152,45513,760
7185,152,46572,755
7186,152,46693,753
7187,152,46651,758
7188,152,46554,761
7189,152,46503,606
7190,152,46702,602
7191,152,46605,601
7192,152,46701,607
7193,152,46504,604
7194,152,46604,603
7195,152,41300,321
7196,152,43300,316
7197,152,43301,309
7198,152,49400,710
7199,152,30000,111
7200,152,37900,305
7201,152,40008,301
7202,153,30001,129
7203,153,30301,101
7204,153,38100,120
7205,153,38001,117
7206,153,32000,100
7207,153,32201,103
7208,153,32000,112
7209,153,34000,107
7210,153,34102,110
7211,153,34102,116
7212,153,41010,364
7213,153,41000,305
7214,153,41000,302
7215,153,41000,300
7216,153,40006,313
7217,153,40101,306
7218,153,46874,757
7219,153,46742,756
7220,153,49435,190
7221,153,46631,315
7222,153,46674,318
7223,153,46522,319
7224,153,46661,316
7225,153,46752,320
7226,153,46533,309
7227,153,46682,758
7228,153,46643,760
7229,153,46551,750
7230,153,46573,761
7231,153,46722,754
7232,153,45514,759
7233,153,46628,753
7234,153,46773,755
7235,153,46505,606
7236,153,46603,602
7237,153,46504,607
7238,153,46602,601
7239,153,46700,604
7240,153,46702,603
7241,153,41300,321
7242,153,43301,322
7243,153,43300,317
7244,153,38100,104
7245,153,34102,106
7246,153,37900,301
7247,153,40102,310
7248,154,30000,122
7249,154,30001,117
7250,154,38100,106
7251,154,38001,120
7252,154,32101,110
7253,154,32201,101
7254,154,32101,116
7255,154,34104,111
7256,154,34200,107
7257,154,34104,103
7258,154,43020,351
7259,154,41000,302
7260,154,41000,300
7261,154,41000,314
7262,154,40004,310
7263,154,43400,313
7264,154,46951,757
7265,154,46662,756
7266,154,49436,190
7267,154,46683,317
7268,154,46741,322
7269,154,46562,319
7270,154,46522,318
7271,154,46534,309
7272,154,46644,315
7273,154,46674,750
7274,154,46633,754
7275,154,45511,759
7276,154,46593,753
7277,154,46573,755
7278,154,46625,760
7279,154,46516,758
7280,154,46653,761
7281,154,46603,603
7282,154,46505,601
7283,154,46701,607
7284,154,46604,606
7285,154,46502,604
7286,154,46702,602
7287,154,41300,321
7288,154,43300,320
7289,154,43301,316
7290,154,49400,718
7291,154,30000,104
7292,154,34104,112
7293,154,37900,305
7294,154,40101,306
7295,155,38000,123
7296,155,30300,107
7297,155,30001,110
7298,155,38101,116
7299,155,32102,108
7300,155,32101,106
7301,155,32100,117
7302,155,34003,113
7303,155,34102,103
7304,155,34001,111
7305,155,43020,352
7306,155,41000,314
7307,155,41000,306
7308,155,41000,307
7309,155,40008,313
7310,155,40101,312
7311,155,46534,762
7312,155,46631,754
7313,155,46563,760
7314,155,46571,753
7315,155,45512,759
7316,155,46651,763
7317,155,46627,758
7318,155,46714,761
7319,155,46505,606
7320,155,46504,605
7321,155,46604,601
7322,155,46602,604
7323,155,46700,607
7324,155,46702,603
7325,155,32102,114
7326,155,34001,109
7327,155,34001,112
7328,155,45000,310
7329,155,40103,308
7330,156,38000,124
7331,156,30001,107
7332,156,30300,117
7333,156,38101,113
7334,156,32000,106
7335,156,32102,109
7336,156,32100,112
7337,156,34104,116
7338,156,34000,108
7339,156,34103,103
7340,156,44010,356
7341,156,41000,310
7342,156,41000,302
7343,156,41000,314
7344,156,40103,312
7345,156,40101,313
7346,156,46542,754
7347,156,46682,761
7348,156,46561,763
7349,156,46713,758
7350,156,46773,762
7351,156,46551,753
7352,156,46516,760
7353,156,46723,759
7354,156,46020,656
7355,156,46060,645
7356,156,46050,640
7357,156,46040,637
7358,156,46000,659
7359,156,46010,623
7360,156,46030,651
7361,156,46010,624
7362,156,46000,649
7363,156,46020,641
7364,156,46060,647
7365,156,46050,653
7366,156,46020,639
7367,156,46020,634
7368,156,46030,621
7369,156,46040,635
7370,156,46030,646
7371,156,46050,626
7372,156,46030,662
7373,156,46050,650
7374,156,46000,660
7375,156,46020,652
7376,156,46060,643
7377,156,46020,644
7378,156,46000,642
7379,156,46000,636
7380,156,46030,658
7381,156,46020,622
7382,156,46603,604
7383,156,46703,605
7384,156,46505,601
7385,156,46605,606
7386,156,46702,607
7387,156,46504,603
7388,156,30001,114
7389,156,38000,111
7390,156,34000,110
7391,156,45000,308
7392,156,40008,307
7393,157,30301,125
7394,157,30000,110
7395,157,38101,117
7396,157,38001,114
7397,157,32000,111
7398,157,32200,109
7399,157,32001,103
7400,157,34002,113
7401,157,34104,107
7402,157,34001,116
7403,157,43410,357
7404,157,41000,314
7405,157,41000,306
7406,157,41000,310
7407,157,40000,313
7408,157,40101,302
7409,157,46563,753
7410,157,46632,762
7411,157,46531,759
7412,157,46713,760
7413,157,46652,763
7414,157,46627,754
7415,157,46694,758
7416,157,46774,761
7417,157,46603,605
7418,157,46605,604
7419,157,46702,601
7420,157,46504,606
7421,157,46704,607
7422,157,46503,603
7423,157,49400,711
7424,157,32000,112
7425,157,34002,106
7426,157,34002,120
7427,157,37900,308
7428,157,45000,312
7429,158,38000,127
7430,158,30000,111
7431,158,30001,108
7432,158,38101,109
7433,158,32102,117
7434,158,32200,107
7435,158,32101,103
7436,158,34103,113
7437,158,34102,106
7438,158,34002,116
7439,158,41010,360
7440,158,41000,307
7441,158,41000,314
7442,158,41000,306
7443,158,40006,313
7444,158,40101,308
7445,158,46643,758
7446,158,46673,753
7447,158,46543,763
7448,158,45513,759
7449,158,46712,762
7450,158,46591,754
7451,158,46511,760
7452,158,46628,761
7453,158,45530,525
7454,158,45530,530
7455,158,45530,528
7456,158,45530,536
7457,158,45530,527
7458,158,45530,529
7459,158,45530,535
7460,158,45530,521
7461,158,46605,604
7462,158,46701,606
7463,158,46502,607
7464,158,46700,601
7465,158,46603,605
7466,158,46504,603
7467,158,49400,715
7468,158,38000,120
7469,158,32102,114
7470,158,34103,110
7471,158,45000,302
7472,158,40000,312
7473,159,30300,123
7474,159,30000,111
7475,159,38000,114
7476,159,38100,106
7477,159,32101,112
7478,159,32102,109
7479,159,32001,107
7480,159,34102,113
7481,159,34104,117
7482,159,34103,116
7483,159,43411,352
7484,159,41000,312
7485,159,41000,306
7486,159,41000,310
7487,159,40009,307
7488,159,40101,314
7489,159,46633,762
7490,159,46561,760
7491,159,46543,754
7492,159,46571,761
7493,159,46591,753
7494,159,46551,758
7495,159,46627,763
7496,159,46712,759
7497,159,46800,606
7498,159,46603,607
7499,159,46502,603
7500,159,46701,601
7501,159,46700,605
7502,159,46606,604
7503,159,30300,108
7504,159,32102,103
7505,159,34103,110
7506,159,37900,308
7507,159,43501,313
7508,160,38101,122
7509,160,30000,107
7510,160,30301,114
7511,160,38001,106
7512,160,32000,103
7513,160,32001,104
7514,160,32100,116
7515,160,34001,112
7516,160,34101,108
7517,160,34003,120
7518,160,34003,110
7519,160,40905,313
7520,160,44010,351
7521,160,41000,302
7522,160,41000,310
7523,160,41000,300
7524,160,45000,305
7525,160,40102,307
7526,160,43001,314
7527,160,43400,306
7528,160,46861,757
7529,160,46632,756
7530,160,49415,190
7531,160,46542,750
7532,160,46681,753
7533,160,46583,758
7534,160,46741,760
7535,160,46593,763
7536,160,46628,754
7537,160,46516,761
7538,160,46571,755
7539,160,46653,759
7540,160,46722,762
7541,160,46504,606
7542,160,46703,607
7543,160,46606,602
7544,160,46505,605
7545,160,46700,604
7546,160,46603,601
7547,160,46604,603
7548,160,30301,113
7549,160,38101,117
7550,160,32001,101
7551,160,32000,109
7552,160,32001,111
7553,160,45000,308
7554,160,40101,312
7555,161,30000,122
7556,161,30300,116
7557,161,38101,109
7558,161,38100,120
7559,161,32200,112
7560,161,32000,106
7561,161,32100,113
7562,161,34101,103
7563,161,34002,110
7564,161,34000,108
7565,161,34002,114
7566,161,44010,351
7567,161,41000,308
7568,161,41000,310
7569,161,41000,312
7570,161,45000,302
7571,161,40008,300
7572,161,40101,306
7573,161,43000,307
7574,161,46811,757
7575,161,46643,756
7576,161,49416,190
7577,161,46533,760
7578,161,46583,753
7579,161,46674,759
7580,161,46562,755
7581,161,46774,763
7582,161,46696,754
7583,161,46711,750
7584,161,46551,761
7585,161,46593,762
7586,161,46572,758
7587,161,45530,529
7588,161,45530,527
7589,161,45530,523
7590,161,45530,526
7591,161,45530,525
7592,161,45530,528
7593,161,45530,530
7594,161,45530,522
7595,161,46605,603
7596,161,46702,607
7597,161,46700,605
7598,161,46603,601
7599,161,46505,604
7600,161,46606,602
7601,161,46504,606
7602,161,30000,107
7603,161,30300,117
7604,161,32200,104
7605,161,32100,101
7606,161,34002,111
7607,161,45000,314
7608,161,40102,313
7609,161,40002,305
7610,162,38101,121
7611,162,30301,108
7612,162,30001,110
7613,162,38001,114
7614,162,32001,120
7615,162,32201,106
7616,162,32102,100
7617,162,34300,116
7618,162,34001,104
7619,162,34200,107
7620,162,34200,117
7621,162,43010,350
7622,162,41000,305
7623,162,41000,308
7624,162,41000,302
7625,162,45000,306
7626,162,40004,310
7627,162,43501,307
7628,162,43000,314
7629,162,46952,757
7630,162,46521,756
7631,162,49423,190
7632,162,46682,755
7633,162,46561,758
7634,162,46642,763
7635,162,46534,760
7636,162,46571,754
7637,162,46593,761
7638,162,46554,762
7639,162,46712,750
7640,162,46722,753
7641,162,46511,759
7642,162,46603,606
7643,162,46504,602
7644,162,46602,605
7645,162,46605,607
7646,162,46701,601
7647,162,46702,604
7648,162,46502,603
7649,162,38101,112
7650,162,32102,109
7651,162,32201,111
7652,162,34001,113
7653,162,34200,103
7654,162,40102,301
7655,162,43501,313
7656,162,43501,312
7657,163,38000,125
7658,163,30000,116
7659,163,30301,113
7660,163,38100,107
7661,163,32200,112
7662,163,32001,114
7663,163,32201,103
7664,163,34200,109
7665,163,34104,100
7666,163,34300,120
7667,163,34300,117
7668,163,45010,357
7669,163,41000,301
7670,163,41000,306
7671,163,41000,305
7672,163,45000,314
7673,163,40101,313
7674,163,40103,310
7675,163,43001,300
7676,163,46911,757
7677,163,46534,756
7678,163,49424,190
7679,163,46632,753
7680,163,46642,762
7681,163,46521,755
7682,163,46663,760
7683,163,46774,758
7684,163,46591,761
7685,163,46572,750
7686,163,46712,763
7687,163,46621,754
7688,163,46513,759
7689,163,46502,602
7690,163,46603,601
7691,163,46704,604
7692,163,46605,606
7693,163,46701,607
7694,163,46504,605
7695,163,46602,603
7696,163,30000,110
7697,163,30301,106
7698,163,38100,111
7699,163,32201,104
7700,163,34104,101
7701,163,45000,302
7702,163,40007,308
7703,163,43501,312
7704,164,30001,122
7705,164,30000,110
7706,164,38001,103
7707,164,38101,101
7708,164,32001,107
7709,164,32101,116
7710,164,32201,104
7711,164,34102,120
7712,164,34101,112
7713,164,34300,114
7714,164,34101,113
7715,164,45010,351
7716,164,41000,306
7717,164,41000,300
7718,164,41000,305
7719,164,45000,313
7720,164,40000,308
7721,164,43400,310
7722,164,40103,314
7723,164,46912,757
7724,164,46671,756
7725,164,49437,190
7726,164,46524,759
7727,164,46633,755
7728,164,46543,753
7729,164,46661,762
7730,164,46592,750
7731,164,46553,754
7732,164,46511,761
7733,164,46628,763
7734,164,45514,758
7735,164,46724,760
7736,164,46801,607
7737,164,46700,604
7738,164,46602,606
7739,164,46504,605
7740,164,46503,602
7741,164,46701,601
7742,164,46604,603
7743,164,34101,106
7744,164,34300,109
7745,164,34300,117
7746,164,34102,108
7747,164,34102,111
7748,164,40102,307
7749,164,43501,302
7750,164,43400,312
7751,165,30300,126
7752,165,30000,113
7753,165,38000,111
7754,165,38001,106
7755,165,32101,112
7756,165,32001,100
7757,165,32000,110
7758,165,34104,104
7759,165,34001,107
7760,165,34002,103
7761,165,34001,114
7762,165,43011,358
7763,165,41000,312
7764,165,41000,302
7765,165,41000,310
7766,165,45000,306
7767,165,40101,301
7768,165,43000,305
7769,165,40102,314
7770,165,46914,757
7771,165,46682,756
7772,165,49417,190
7773,165,46522,755
7774,165,46532,759
7775,165,46674,753
7776,165,46582,762
7777,165,46711,754
7778,165,46771,761
7779,165,45511,763
7780,165,46627,750
7781,165,46592,758
7782,165,46554,760
7783,165,46605,604
7784,165,46606,602
7785,165,46703,607
7786,165,46603,606
7787,165,46502,605
7788,165,46503,601
7789,165,46701,603
7790,165,32000,116
7791,165,32101,120
7792,165,32001,117
7793,165,34104,101
7794,165,34001,109
7795,165,40006,313
7796,165,40009,307
7797,165,43501,300
7798,166,38100,123
7799,166,30000,111
7800,166,30001,104
7801,166,38001,110
7802,166,32102,108
7803,166,32001,103
7804,166,32101,117
7805,166,34102,100
7806,166,34100,107
7807,166,34000,113
7808,166,34000,112
7809,166,41010,352
7810,166,41000,305
7811,166,41000,300
7812,166,41000,306
7813,166,45000,312
7814,166,40009,313
7815,166,43400,314
7816,166,40102,301
7817,166,46811,757
7818,166,46561,756
7819,166,49425,190
7820,166,46584,754
7821,166,46531,760
7822,166,46682,750
7823,166,46521,759
7824,166,46516,755
7825,166,46593,758
7826,166,46623,763
7827,166,46651,761
7828,166,46714,753
7829,166,46551,762
7830,166,46701,602
7831,166,46503,607
7832,166,46704,605
7833,166,46606,601
7834,166,46605,606
7835,166,46602,604
7836,166,46505,603
7837,166,38001,114
7838,166,32102,116
7839,166,34000,109
7840,166,34102,106
7841,166,34102,101
7842,166,37900,308
7843,166,45000,307
7844,166,43000,310
7845,167,38000,128
7846,167,30001,103
7847,167,30301,100
7848,167,38101,104
7849,167,32100,113
7850,167,32201,101
7851,167,32102,106
7852,167,34100,109
7853,167,34102,120
7854,167,34103,117
7855,167,34100,111
7856,167,43010,362
7857,167,41000,300
7858,167,41000,308
7859,167,41000,306
7860,167,45000,301
7861,167,40009,307
7862,167,40103,313
7863,167,43501,302
7864,167,46953,757
7865,167,46672,756
7866,167,49438,190
7867,167,46641,753
7868,167,46661,760
7869,167,46683,750
7870,167,46523,759
7871,167,46721,761
7872,167,46593,755
7873,167,46627,762
7874,167,46651,754
7875,167,46511,758
7876,167,46573,763
7877,167,46603,606
7878,167,46604,607
7879,167,46502,601
7880,167,46700,605
7881,167,46504,604
7882,167,46606,602
7883,167,46703,603
7884,167,38101,110
7885,167,32201,116
7886,167,32201,112
7887,167,34102,108
7888,167,34100,107
7889,167,37900,310
7890,167,40003,314
7891,167,40101,305
7892,168,30301,121
7893,168,30000,117
7894,168,38101,120
7895,168,38000,109
7896,168,32001,107
7897,168,32000,112
7898,168,32101,113
7899,168,34300,103
7900,168,34104,116
7901,168,34200,104
7902,168,34200,110
7903,168,43020,350
7904,168,41000,314
7905,168,41000,301
7906,168,41000,310
7907,168,45000,306
7908,168,40000,312
7909,168,43501,307
7910,168,40101,302
7911,168,46812,757
7912,168,46683,756
7913,168,49418,190
7914,168,46544,763
7915,168,46561,750
7916,168,46583,761
7917,168,46662,754
7918,168,46691,755
7919,168,46553,758
7920,168,46772,753
7921,168,46627,760
7922,168,46572,762
7923,168,46724,759
7924,168,45530,528
7925,168,45530,520
7926,168,45530,527
7927,168,45530,529
7928,168,45530,521
7929,168,45530,524
7930,168,45530,523
7931,168,45530,526
7932,168,46502,605
7933,168,46605,602
7934,168,46606,606
7935,168,46702,607
7936,168,46505,601
7937,168,46704,604
7938,168,46602,603
7939,168,32000,100
7940,168,32101,114
7941,168,32101,106
7942,168,34200,108
7943,168,34300,111
7944,168,45000,313
7945,168,40103,305
7946,168,40001,308
7947,169,38100,124
7948,169,30300,113
7949,169,30301,100
7950,169,38001,114
7951,169,32201,111
7952,169,32200,104
7953,169,32101,101
7954,169,34100,116
7955,169,34103,117
7956,169,34101,108
7957,169,34101,106
7958,169,43010,356
7959,169,41000,305
7960,169,41000,301
7961,169,41000,314
7962,169,45000,300
7963,169,40004,302
7964,169,43401,312
7965,169,40102,307
7966,169,46871,757
7967,169,46633,756
7968,169,49431,190
7969,169,46682,762
7970,169,46673,761
7971,169,46533,753
7972,169,46584,750
7973,169,46692,759
7974,169,46652,754
7975,169,45512,763
7976,169,46513,760
7977,169,46724,755
7978,169,46591,758
7979,169,46605,606
7980,169,46602,605
7981,169,46700,602
7982,169,46502,604
7983,169,46503,601
7984,169,46701,607
7985,169,46603,603
7986,169,30300,109
7987,169,38100,107
7988,169,32101,103
7989,169,32201,110
7990,169,34100,112
7991,169,37900,313
7992,169,40000,308
7993,169,43401,310
7994,170,30301,127
7995,170,30001,111
7996,170,38100,114
7997,170,38001,106
7998,170,32201,101
7999,170,32100,109
8000,170,32001,113
8001,170,34003,104
8002,170,34102,117
8003,170,34002,103
8004,170,34102,107
8005,170,43010,360
8006,170,41000,306
8007,170,41000,301
8008,170,41000,314
8009,170,45000,308
8010,170,40007,313
8011,170,43001,300
8012,170,40102,307
8013,170,46954,757
8014,170,46631,756
8015,170,49426,190
8016,170,46584,753
8017,170,46531,763
8018,170,46683,761
8019,170,46563,755
8020,170,46551,759
8021,170,46573,750
8022,170,46774,754
8023,170,46652,762
8024,170,46721,760
8025,170,46714,758
8026,170,46504,606
8027,170,46502,604
8028,170,46704,607
8029,170,46606,605
8030,170,46603,601
8031,170,46701,602
8032,170,46605,603
8033,170,30001,120
8034,170,30001,100
8035,170,34102,116
8036,170,34003,108
8037,170,34002,110
8038,170,45000,305
8039,170,40006,302
8040,170,43000,312
8041,171,30001,125
8042,171,30000,113
8043,171,38101,120
8044,171,38000,116
8045,171,32102,103
8046,171,32101,100
8047,171,32201,107
8048,171,34001,104
8049,171,34102,111
8050,171,34104,109
8051,171,34102,106
8052,171,43411,357
8053,171,41000,300
8054,171,41000,308
8055,171,41000,313
8056,171,45000,312
8057,171,40103,305
8058,171,40101,302
8059,171,43000,314
8060,171,46883,757
8061,171,46521,756
8062,171,49411,190
8063,171,46644,759
8064,171,46583,755
8065,171,46531,762
8066,171,46544,760
8067,171,46772,750
8068,171,46724,758
8069,171,46652,761
8070,171,46713,763
8071,171,46622,753
8072,171,45513,754
8073,171,46802,603
8074,171,46703,607
8075,171,46505,605
8076,171,46502,601
8077,171,46605,604
8078,171,46603,602
8079,171,46704,606
8080,171,34102,101
8081,171,34102,110
8082,171,34102,114
8083,171,37900,306
8084,171,40003,310
8085,171,40001,301
8086,171,21100,112
8087,171,21500,117
8088,172,30001,127
8089,172,30000,108
8090,172,38100,114
8091,172,38101,113
8092,172,32100,101
8093,172,32102,117
8094,172,32201,104
8095,172,34103,107
8096,172,34102,103
8097,172,34000,110
8098,172,34103,100
8099,172,43020,360
8100,172,41000,306
8101,172,41000,308
8102,172,41000,313
8103,172,45000,302
8104,172,40103,305
8105,172,40102,301
8106,172,43001,300
8107,172,46872,757
8108,172,46743,756
8109,172,49412,190
8110,172,46583,762
8111,172,46534,753
8112,172,46522,761
8113,172,46631,755
8114,172,46551,763
8115,172,46513,750
8116,172,46693,754
8117,172,46714,760
8118,172,46593,759
8119,172,45514,758
8120,172,46800,607
8121,172,46604,605
8122,172,46603,604
8123,172,46700,606
8124,172,46703,601
8125,172,46504,602
8126,172,46505,603
8127,172,30001,106
8128,172,30000,116
8129,172,32100,109
8130,172,32201,120
8131,172,32102,111
8132,172,40007,312
8133,172,40008,314
8134,172,43400,307
8135,173,30000,126
8136,173,30300,116
8137,173,38101,120
8138,173,38001,112
8139,173,32001,101
8140,173,32102,117
8141,173,32101,113
8142,173,34101,109
8143,173,34104,106
8144,173,34002,111
8145,173,34101,104
8146,173,41010,358
8147,173,41000,302
8148,173,41000,300
8149,173,41000,313
8150,173,45000,312
8151,173,40006,301
8152,173,43501,310
8153,173,43000,305
8154,173,46813,757
8155,173,46644,756
8156,173,49413,190
8157,173,46582,763
8158,173,46533,759
8159,173,46562,760
8160,173,46521,750
8161,173,46771,754
8162,173,46694,761
8163,173,46572,755
8164,173,46713,762
8165,173,46652,758
8166,173,46592,753
8167,173,45530,521
8168,173,45530,524
8169,173,45530,529
8170,173,45530,528
8171,173,45530,527
8172,173,45530,523
8173,173,45530,526
8174,173,45530,525
8175,173,46800,607
8176,173,46504,601
8177,173,46700,606
8178,173,46502,602
8179,173,46703,605
8180,173,46606,604
8181,173,46604,603
8182,173,32102,114
8183,173,32001,103
8184,173,32101,107
8185,173,34002,110
8186,173,34101,100
8187,173,40007,314
8188,173,43501,306
8189,173,40102,307
8190,174,30300,128
8191,174,30301,107
8192,174,38001,106
8193,174,38101,101
8194,174,32001,103
8195,174,32100,110
8196,174,32102,108
8197,174,34003,116
8198,174,34101,100
8199,174,34300,112
8200,174,34101,120
8201,174,40904,310
8202,174,44010,362
8203,174,41000,314
8204,174,41000,305
8205,174,41000,306
8206,174,45000,302
8207,174,40002,308
8208,174,40102,307
8209,174,43400,313
8210,174,46873,757
8211,174,46673,756
8212,174,49432,190
8213,174,46523,761
8214,174,46632,762
8215,174,46683,755
8216,174,46743,758
8217,174,46511,753
8218,174,46553,759
8219,174,46628,760
8220,174,46721,750
8221,174,45511,763
8222,174,46572,754
8223,174,46800,603
8224,174,46704,606
8225,174,46502,604
8226,174,46605,601
8227,174,46703,605
8228,174,46602,607
8229,174,46505,602
8230,174,38001,111
8231,174,32102,109
8232,174,37900,300
8233,174,45000,301
8234,174,20400,104
8235,174,21200,113
8236,174,21500,117
8237,175,30301,126
8238,175,30001,117
8239,175,38000,104
8240,175,38100,110
8241,175,32102,101
8242,175,32100,103
8243,175,32201,109
8244,175,34104,120
8245,175,34002,116
8246,175,34103,112
8247,175,34103,106
8248,175,44010,358
8249,175,41000,306
8250,175,41000,314
8251,175,41000,307
8252,175,45000,300
8253,175,40003,302
8254,175,43000,313
8255,175,43400,305
8256,175,46955,757
8257,175,46681,756
8258,175,49414,190
8259,175,46542,755
8260,175,46663,763
8261,175,46523,758
8262,175,46633,761
8263,175,45512,750
8264,175,46516,760
8265,175,46723,753
8266,175,46651,759
8267,175,46714,762
8268,175,46627,754
8269,175,45530,523
8270,175,45530,530
8271,175,45530,527
8272,175,45530,528
8273,175,45530,525
8274,175,45530,526
8275,175,45530,529
8276,175,45530,522
8277,175,46702,605
8278,175,46604,604
8279,175,46602,607
8280,175,46502,602
8281,175,46704,606
8282,175,46603,601
8283,175,46505,603
8284,175,30001,100
8285,175,30001,107
8286,175,38100,113
8287,175,34104,111
8288,175,34104,114
8289,175,40103,301
8290,175,43400,310
8291,175,43000,312
8292,176,30000,129
8293,176,30001,109
8294,176,38000,114
8295,176,38100,100
8296,176,32200,112
8297,176,32101,101
8298,176,32201,116
8299,176,34103,117
8300,176,34001,107
8301,176,34104,103
8302,176,34104,113
8303,176,44010,364
8304,176,41000,310
8305,176,41000,308
8306,176,41000,301
8307,176,45000,307
8308,176,40002,313
8309,176,43401,312
8310,176,43001,302
8311,176,46884,757
8312,176,46682,756
8313,176,49415,190
8314,176,46673,763
8315,176,46741,759
8316,176,46524,753
8317,176,46644,760
8318,176,46573,758
8319,176,46712,755
8320,176,46653,761
8321,176,46516,762
8322,176,45513,754
8323,176,46722,750
8324,176,46602,603
8325,176,46505,601
8326,176,46703,607
8327,176,46502,605
8328,176,46702,604
8329,176,46605,606
8330,176,46606,602
8331,176,38100,106
8332,176,32101,110
8333,176,34104,104
8334,176,34001,120
8335,176,34001,108
8336,176,37900,306
8337,176,40003,305
8338,176,40103,300
8339,177,38001,122
8340,177,30001,107
8341,177,30301,104
8342,177,38100,114
8343,177,32100,116
8344,177,32000,112
8345,177,32201,108
8346,177,34101,103
8347,177,34001,109
8348,177,34200,113
8349,177,34200,117
8350,177,43411,356
8351,177,41000,302
8352,177,41000,308
8353,177,41000,305
8354,177,45000,307
8355,177,40004,301
8356,177,40102,312
8357,177,43400,310
8358,177,46881,757
8359,177,46531,756
8360,177,49427,190
8361,177,46663,761
8362,177,46561,754
8363,177,46584,755
8364,177,46683,762
8365,177,46695,753
8366,177,46571,758
8367,177,46713,750
8368,177,46652,760
8369,177,46771,763
8370,177,45514,759
8371,177,46503,604
8372,177,46702,607
8373,177,46703,601
8374,177,46603,605
8375,177,46504,606
8376,177,46604,602
8377,177,46606,603
8378,177,30001,101
8379,177,38001,120
8380,177,32000,106
8381,177,32201,110
8382,177,34200,111
8383,177,37900,313
8384,177,40007,314
8385,177,40101,300
8386,178,38101,126
8387,178,30000,120
8388,178,30300,106
8389,178,38100,117
8390,178,32201,116
8391,178,32000,104
8392,178,32001,112
8393,178,34102,100
8394,178,34104,103
8395,178,34001,109
8396,178,34102,111
8397,178,43410,356
8398,178,41000,308
8399,178,41000,301
8400,178,41000,314
8401,178,45000,310
8402,178,40006,300
8403,178,40102,302
8404,178,43501,307
8405,178,46874,757
8406,178,46631,756
8407,178,49433,190
8408,178,46584,761
8409,178,46541,758
8410,178,46742,755
8411,178,46523,762
8412,178,46511,760
8413,178,46723,750
8414,178,46711,753
8415,178,46691,759
8416,178,46571,763
8417,178,46772,754
8418,178,46605,606
8419,178,46503,602
8420,178,46604,607
8421,178,46505,605
8422,178,46602,601
8423,178,46702,604
8424,178,46701,603
8425,178,30000,114
8426,178,30300,110
8427,178,38100,107
8428,178,32000,101
8429,178,34001,113
8430,178,37900,312
8431,178,40101,305
8432,178,40001,313
8433,179,30000,124
8434,179,30300,101
8435,179,38001,110
8436,179,38100,116
8437,179,32001,111
8438,179,32000,106
8439,179,32201,113
8440,179,34102,112
8441,179,34003,104
8442,179,34103,107
8443,179,34003,114
8444,179,43010,356
8445,179,41000,312
8446,179,41000,308
8447,179,41000,302
8448,179,45000,305
8449,179,40007,313
8450,179,43001,301
8451,179,40103,314
8452,179,46914,757
8453,179,46641,756
8454,179,49416,190
8455,179,46661,758
8456,179,46544,761
8457,179,46521,753
8458,179,46681,755
8459,179,46692,750
8460,179,46626,760
8461,179,46552,762
8462,179,46721,759
8463,179,46773,754
8464,179,46513,763
8465,179,46604,601
8466,179,46603,604
8467,179,46504,602
8468,179,46606,606
8469,179,46701,605
8470,179,46503,607
8471,179,46702,603
8472,179,38100,108
8473,179,32201,100
8474,179,34103,103
8475,179,34003,117
8476,179,34102,109
8477,179,45000,300
8478,179,40102,310
8479,179,40005,307
8480,180,30301,129
8481,180,30001,110
8482,180,38000,113
8483,180,38001,100
8484,180,32100,101
8485,180,32101,117
8486,180,32100,116
8487,180,34102,108
8488,180,34100,114
8489,180,34100,112
8490,180,43011,364
8491,180,41000,310
8492,180,41000,312
8493,180,41000,305
8494,180,40004,300
8495,180,40102,307
8496,180,43400,313
8497,180,46862,757
8498,180,46741,756
8499,180,49434,190
8500,180,46681,750
8501,180,46643,762
8502,180,46524,761
8503,180,46713,755
8504,180,46653,760
8505,180,45511,763
8506,180,46605,605
8507,180,46604,602
8508,180,46504,606
8509,180,46702,607
8510,180,34100,109
8511,180,34100,104
8512,180,45000,308
8513,180,40006,301
8514,181,38001,129
8515,181,30000,112
8516,181,30001,114
8517,181,38101,100
8518,181,32101,113
8519,181,32001,109
8520,181,32001,101
8521,181,34200,108
8522,181,34104,117
8523,181,34104,116
8524,181,43020,364
8525,181,41000,305
8526,181,41000,310
8527,181,41000,312
8528,181,40009,301
8529,181,40102,307
8530,181,43401,300
8531,181,46814,757
8532,181,46742,756
8533,181,49417,190
8534,181,46533,761
8535,181,46682,755
8536,181,46662,762
8537,181,46651,760
8538,181,46554,750
8539,181,46572,763
8540,181,45530,527
8541,181,45530,522
8542,181,45530,529
8543,181,45530,533
8544,181,45530,528
8545,181,45530,520
8546,181,45530,524
8547,181,45530,523
8548,181,46606,602
8549,181,46505,606
8550,181,46702,605
8551,181,46605,607
8552,181,30000,104
8553,181,32001,110
8554,181,37900,313
8555,181,40000,308
8556,182,38100,129
8557,182,30001,100
8558,182,30300,109
8559,182,38001,113
8560,182,32200,101
8561,182,32201,112
8562,182,32201,108
8563,182,34100,110
8564,182,34002,116
8565,182,34100,104
8566,182,43410,364
8567,182,41000,308
8568,182,41000,301
8569,182,41000,313
8570,182,40001,305
8571,182,43001,312
8572,182,43401,310
8573,182,46863,757
8574,182,46674,756
8575,182,49418,190
8576,182,46532,760
8577,182,46523,755
8578,182,46541,763
8579,182,46628,762
8580,182,46572,761
8581,182,46651,750
8582,182,46603,605
8583,182,46503,606
8584,182,46604,607
8585,182,46701,602
8586,182,30001,117
8587,182,38100,114
8588,182,40101,307
8589,182,43401,300
8590,183,30000,128
8591,183,30300,108
8592,183,38101,111
8593,183,38000,113
8594,183,32102,116
8595,183,32201,101
8596,183,32201,110
8597,183,34200,109
8598,183,34101,117
8599,183,34200,100
8600,183,43411,362
8601,183,41000,310
8602,183,41000,308
8603,183,41000,300
8604,183,40001,305
8605,183,43501,314
8606,183,43400,301
8607,183,46871,757
8608,183,46642,756
8609,183,49411,190
8610,183,46631,763
8611,183,46581,755
8612,183,46673,760
8613,183,46711,761
8614,183,46724,750
8615,183,46653,762
8616,183,46602,607
8617,183,46703,606
8618,183,46504,602
8619,183,46606,605
8620,183,30000,112
8621,183,38101,104
8622,183,40007,313
8623,183,40102,307
8624,184,38001,129
8625,184,30300,104
8626,184,30301,112
8627,184,38100,100
8628,184,32201,117
8629,184,32101,109
8630,184,32201,101
8631,184,34000,110
8632,184,34300,116
8633,184,34000,113
8634,184,44010,364
8635,184,41000,307
8636,184,41000,310
8637,184,41000,308
8638,184,40005,313
8639,184,40103,312
8640,184,43000,301
8641,184,46911,757
8642,184,46522,756
8643,184,49428,190
8644,184,46631,762
8645,184,46682,760
8646,184,46562,750
8647,184,46511,755
8648,184,46772,763
8649,184,46623,761
8650,184,46602,605
8651,184,46605,602
8652,184,46503,607
8653,184,46704,606
8654,184,30300,114
8655,184,32101,108
8656,184,43400,305
8657,184,43400,300
8658,185,30300,128
8659,185,30000,113
8660,185,38001,100
8661,185,38101,103
8662,185,32101,109
8663,185,32200,120
8664,185,34101,116
8665,185,34300,104
8666,185,34101,101
8667,185,43410,362
8668,185,41000,302
8669,185,41000,305
8670,185,41000,300
8671,185,40009,307
8672,185,40101,314
8673,185,43400,301
8674,185,46811,757
8675,185,46663,756
8676,185,49435,190
8677,185,46683,755
8678,185,46532,763
8679,185,46524,754
8680,185,46721,750
8681,185,46627,753
8682,185,46511,762
8683,185,46505,607
8684,185,46604,602
8685,185,46703,601
8686,185,46605,605
8687,185,38001,108
8688,185,32101,117
8689,185,37900,308
8690,185,45000,313
8691,186,30001,125
8692,186,30300,104
8693,186,38100,103
8694,186,38101,101
8695,186,32102,117
8696,186,32201,116
8697,186,34103,120
8698,186,34200,109
8699,186,34103,113
8700,186,41010,357
8701,186,41000,302
8702,186,41000,305
8703,186,41000,308
8704,186,40002,314
8705,186,43401,313
8706,186,40101,301
8707,186,46864,757
8708,186,46562,756
8709,186,49421,190
8710,186,46632,750
8711,186,46661,763
8712,186,46581,754
8713,186,46652,753
8714,186,46513,755
8715,186,45512,762
8716,186,46604,607
8717,186,46703,605
8718,186,46603,601
8719,186,46503,602
8720,186,30300,114
8721,186,34103,100
8722,186,40003,300
8723,186,43000,312
8724,187,38001,125
8725,187,30001,109
8726,187,30300,117
8727,187,38000,103
8728,187,32001,113
8729,187,32100,104
8730,187,34103,114
8731,187,34003,101
8732,187,34003,120
8733,187,43020,357
8734,187,41000,300
8735,187,41000,313
8736,187,41000,305
8737,187,40004,312
8738,187,43001,314
8739,187,40102,302
8740,187,46812,757
8741,187,46643,756
8742,187,49436,190
8743,187,46632,762
8744,187,46743,750
8745,187,46581,753
8746,187,46721,755
8747,187,46516,763
8748,187,46653,754
8749,187,45530,522
8750,187,45530,528
8751,187,45530,521
8752,187,45530,520
8753,187,45530,534
8754,187,45530,529
8755,187,45530,526
8756,187,45530,524
8757,187,46604,607
8758,187,46505,605
8759,187,46605,602
8760,187,46701,601
8761,187,30001,100
8762,187,38001,116
8763,187,37900,308
8764,187,45000,301
8765,188,38000,126
8766,188,30301,117
8767,188,30001,101
8768,188,38101,116
8769,188,32101,109
8770,188,32200,100
8771,188,34101,104
8772,188,34000,103
8773,188,34101,114
8774,188,40900,313
8775,188,43411,358
8776,188,41000,312
8777,188,41000,301
8778,188,41000,307
8779,188,40102,300
8780,188,40101,314
8781,188,43501,302
8782,188,46912,757
8783,188,46743,756
8784,188,49412,190
8785,188,46581,750
8786,188,46681,762
8787,188,46642,754
8788,188,46724,763
8789,188,45513,753
8790,188,46573,755
8791,188,46605,601
8792,188,46704,602
8793,188,46505,607
8794,188,46606,605
8795,188,30301,113
8796,188,38101,120
8797,188,37900,305
8798,189,38100,122
8799,189,30301,104
8800,189,30000,109
8801,189,38101,120
8802,189,32001,116
8803,189,32100,108
8804,189,34002,114
8805,189,34104,117
8806,189,34104,113
8807,189,43010,351
8808,189,41000,313
8809,189,41000,305
8810,189,41000,300
8811,189,40000,314
8812,189,43401,308
8813,189,40101,307
8814,189,46872,757
8815,189,46683,756
8816,189,49422,190
8817,189,46631,754
8818,189,46582,750
8819,189,46532,762
8820,189,46628,753
8821,189,46714,763
8822,189,46722,755
8823,189,46603,601
8824,189,46606,607
8825,189,46504,605
8826,189,46703,602
8827,189,30301,103
8828,189,38101,101
8829,189,45000,302
8830,189,40102,312
8831,190,30000,121
8832,190,30301,111
8833,190,38000,107
8834,190,38100,112
8835,190,32102,116
8836,190,32000,100
8837,190,32000,120
8838,190,34100,104
8839,190,34104,117
8840,190,34100,103
8841,190,45010,350
8842,190,41000,305
8843,190,41000,314
8844,190,41000,301
8845,190,40002,306
8846,190,40102,313
8847,190,46951,757
8848,190,46524,756
8849,190,49413,190
8850,190,46563,315
8851,190,46671,318
8852,190,46642,322
8853,190,46531,309
8854,190,46743,319
8855,190,46662,316
8856,190,46633,758
8857,190,46681,761
8858,190,46712,753
8859,190,46653,755
8860,190,46593,760
8861,190,46722,759
8862,190,46628,754
8863,190,46773,750
8864,190,46606,604
8865,190,46505,606
8866,190,46605,607
8867,190,46700,601
8868,190,46502,602
8869,190,46703,603
8870,190,41300,321
8871,190,43300,320
8872,190,43301,317
8873,190,30000,106
8874,190,38100,110
8875,190,37900,302
8876,190,43501,310
8877,191,30300,121
8878,191,30301,111
8879,191,38101,117
8880,191,38000,116
8881,191,32102,110
8882,191,32200,107
8883,191,32200,103
8884,191,34003,104
8885,191,34001,120
8886,191,34001,112
8887,191,40901,313
8888,191,44010,350
8889,191,41000,306
8890,191,41000,310
8891,191,41000,314
8892,191,40003,301
8893,191,40103,302
8894,191,46871,757
8895,191,46532,756
8896,191,49437,190
8897,191,46662,309
8898,191,46753,322
8899,191,46523,319
8900,191,46632,315
8901,191,46761,317
8902,191,46674,316
8903,191,46641,760
8904,191,46681,754
8905,191,46573,759
8906,191,45514,750
8907,191,46552,753
8908,191,46651,755
8909,191,46693,758
8910,191,46722,761
8911,191,46801,601
8912,191,46606,604
8913,191,46502,606
8914,191,46702,607
8915,191,46701,602
8916,191,46604,603
8917,191,41300,321
8918,191,43300,320
8919,191,43301,318
8920,191,32102,100
8921,191,34001,106
8922,191,37900,305
8923,192,38100,127
8924,192,30001,100
8925,192,30301,116
8926,192,38001,111
8927,192,32102,101
8928,192,32001,103
8929,192,32001,110
8930,192,34104,104
8931,192,34200,120
8932,192,34104,117
8933,192,43020,360
8934,192,41000,300
8935,192,41000,305
8936,192,41000,314
8937,192,40004,302
8938,192,40102,313
8939,192,46861,757
8940,192,46632,756
8941,192,49414,190
8942,192,46532,319
8943,192,46754,317
8944,192,46742,322
8945,192,46682,309
8946,192,46672,318
8947,192,46522,320
8948,192,46641,759
8949,192,46561,753
8950,192,46571,750
8951,192,46591,760
8952,192,46711,758
8953,192,46622,754
8954,192,45511,755
8955,192,46723,761
8956,192,46505,601
8957,192,46701,604
8958,192,46503,606
8959,192,46604,602
8960,192,46702,607
8961,192,46606,603
8962,192,41300,321
8963,192,43300,315
8964,192,43301,316
8965,192,30301,106
8966,192,34104,107
8967,192,43000,301
8968,192,43001,306
8969,193,30000,123
8970,193,30300,116
8971,193,38000,107
8972,193,38101,112
8973,193,32102,101
8974,193,32201,104
8975,193,32201,103
8976,193,34001,110
8977,193,34003,106
8978,193,34003,100
8979,193,43020,352
8980,193,41000,301
8981,193,41000,313
8982,193,41000,305
8983,193,40004,306
8984,193,40103,300
8985,193,46874,757
8986,193,46633,756
8987,193,49423,190
8988,193,46743,317
8989,193,46674,320
8990,193,46533,322
8991,193,46662,318
8992,193,46524,316
8993,193,46683,315
8994,193,46544,753
8995,193,46644,750
8996,193,46652,759
8997,193,46571,755
8998,193,46551,754
8999,193,46722,760
9000,193,46514,761
9001,193,46628,758
9002,193,46800,603
9003,193,46603,601
9004,193,46503,604
9005,193,46703,602
9006,193,46700,606
9007,193,46605,607
9008,193,41300,321
9009,193,43300,309
9010,193,43301,319
9011,193,38101,111
9012,193,32102,117
9013,193,37900,314
9014,193,43401,310
9015,194,30300,129
9016,194,30001,107
9017,194,38000,112
9018,194,38001,101
9019,194,32100,117
9020,194,32000,100
9021,194,32000,106
9022,194,34102,103
9023,194,34300,116
9024,194,34300,110
9025,194,43410,364
9026,194,41000,310
9027,194,41000,305
9028,194,41000,302
9029,194,40103,306
9030,194,40102,300
9031,194,46882,757
9032,194,46661,756
9033,194,49438,190
9034,194,46682,318
9035,194,46562,322
9036,194,46533,319
9037,194,46761,320
9038,194,46633,316
9039,194,46673,309
9040,194,46642,759
9041,194,46522,750
9042,194,45512,754
9043,194,46516,761
9044,194,46774,755
9045,194,46551,760
9046,194,46653,758
9047,194,46572,753
9048,194,45530,532
9049,194,45530,521
9050,194,45530,527
9051,194,45530,528
9052,194,45530,522
9053,194,45530,520
9054,194,45530,525
9055,194,45530,523
9056,194,46605,602
9057,194,46606,607
9058,194,46505,606
9059,194,46702,604
9060,194,46701,601
9061,194,46502,603
9062,194,41300,321
9063,194,43301,317
9064,194,43300,315
9065,194,38000,104
9066,194,32000,120
9067,194,40000,301
9068,194,43001,313
9069,195,30000,129
9070,195,30300,117
9071,195,38101,109
9072,195,38000,113
9073,195,32000,108
9074,195,32001,116
9075,195,32100,120
9076,195,34102,114
9077,195,34200,110
9078,195,34101,107
9079,195,43411,364
9080,195,41000,313
9081,195,41000,302
9082,195,41000,307
9083,195,40004,310
9084,195,40103,306
9085,195,46543,762
9086,195,46582,753
9087,195,46521,759
9088,195,46772,760
9089,195,46626,758
9090,195,46721,763
9091,195,46573,761
9092,195,46592,754
9093,195,46505,604
9094,195,46503,605
9095,195,46703,606
9096,195,46701,601
9097,195,46604,607
9098,195,46605,603
9099,195,32000,106
9100,195,32001,112
9101,195,34200,103
9102,195,37900,312
9103,195,45000,308
9104,196,38100,126
9105,196,30001,116
9106,196,30301,112
9107,196,38001,109
9108,196,32101,107
9109,196,32200,114
9110,196,32102,103
9111,196,34001,117
9112,196,34100,120
9113,196,34200,106
9114,196,43411,358
9115,196,41000,307
9116,196,41000,313
9117,196,41000,302
9118,196,40002,314
9119,196,43501,310
9120,196,46662,763
9121,196,46742,759
9122,196,46682,753
9123,196,46571,761
9124,196,46694,758
9125,196,46512,762
9126,196,46554,754
9127,196,45513,760
9128,196,45530,536
9129,196,45530,527
9130,196,45530,528
9131,196,45530,525
9132,196,45530,529
9133,196,45530,535
9134,196,45530,530
9135,196,45530,521
9136,196,46801,603
9137,196,46502,607
9138,196,46606,604
9139,196,46605,605
9140,196,46704,601
9141,196,46703,606
9142,196,30001,113
9143,196,38100,111
9144,196,32101,110
9145,196,45000,306
9146,196,40101,312
9147,197,38101,123
9148,197,30301,103
9149,197,30300,113
9150,197,38001,111
9151,197,32101,116
9152,197,32201,112
9153,197,32102,108
9154,197,34200,109
9155,197,34104,107
9156,197,34100,117
9157,197,41010,352
9158,197,41000,314
9159,197,41000,306
9160,197,41000,307
9161,197,40102,310
9162,197,43400,313
9163,197,46523,763
9164,197,46582,754
9165,197,46643,759
9166,197,46696,761
9167,197,46653,753
9168,197,46592,758
9169,197,46573,762
9170,197,46552,760
9171,197,46802,601
9172,197,46702,606
9173,197,46502,607
9174,197,46606,605
9175,197,46701,604
9176,197,46602,603
9177,197,30300,110
9178,197,38101,106
9179,197,32201,114
9180,197,40009,308
9181,197,40101,312
9182,198,38001,125
9183,198,30001,107
9184,198,30300,117
9185,198,38100,116
9186,198,32100,113
9187,198,32201,110
9188,198,32102,106
9189,198,34200,114
9190,198,34300,120
9191,198,34103,112
9192,198,44010,357
9193,198,41000,302
9194,198,41000,312
9195,198,41000,310
9196,198,40000,306
9197,198,40101,314
9198,198,46644,758
9199,198,46683,760
9200,198,46584,762
9201,198,46571,759
9202,198,46627,763
9203,198,46774,754
9204,198,46511,761
9205,198,46713,753
9206,198,46505,604
9207,198,46603,607
9208,198,46703,606
9209,198,46701,601
9210,198,46605,605
9211,198,46504,603
9212,198,30001,109
9213,198,38100,103
9214,198,32100,111
9215,198,37900,313
9216,198,45000,308
9217,199,38001,124
9218,199,30301,110
9219,199,30000,103
9220,199,38101,113
9221,199,32200,112
9222,199,32201,114
9223,199,32101,108
9224,199,34101,111
9225,199,34103,107
9226,199,34104,109
9227,199,41010,356
9228,199,41000,313
9229,199,41000,308
9230,199,41000,310
9231,199,40005,312
9232,199,43000,302
9233,199,46663,763
9234,199,46562,761
9235,199,46641,758
9236,199,46651,754
9237,199,46774,762
9238,199,46573,760
9239,199,46723,759
9240,199,46551,753
9241,199,46603,605
9242,199,46502,606
9243,199,46702,607
9244,199,46606,601
9245,199,46704,604
9246,199,46503,603
9247,199,30301,116
9248,199,34101,106
9249,199,34104,117
9250,199,37900,314
9251,199,40103,307
9252,200,30301,125
9253,200,30000,120
9254,200,38101,109
9255,200,38000,100
9256,200,32101,114
9257,200,32001,117
9258,200,32200,113
9259,200,34300,116
9260,200,34000,107
9261,200,34002,101
9262,200,34002,103
9263,200,43410,357
9264,200,41000,300
9265,200,41000,313
9266,200,41000,305
9267,200,45000,306
9268,200,40009,301
9269,200,40103,302
9270,200,43001,310
9271,200,46871,757
9272,200,46631,756
9273,200,49431,190
9274,200,46643,763
9275,200,46672,758
9276,200,46743,755
9277,200,46661,753
9278,200,46516,762
9279,200,46652,760
9280,200,46551,759
9281,200,46723,754
9282,200,46628,750
9283,200,46712,761
9284,200,46802,606
9285,200,46504,602
9286,200,46505,604
9287,200,46603,601
9288,200,46704,605
9289,200,46701,607
9290,200,46604,603
9291,200,30000,111
9292,200,32001,104
9293,200,34300,112
9294,200,34002,110
9295,200,34000,106
9296,200,37900,308
9297,200,45000,314
9298,200,43501,312
9299,200,49400,710
9300,201,30000,124
9301,201,30001,107
9302,201,38000,101
9303,201,38101,113
9304,201,32200,112
9305,201,32201,110
9306,201,32000,116
9307,201,34300,100
9308,201,34101,103
9309,201,34104,109
9310,201,34101,117
9311,201,44010,356
9312,201,41000,310
9313,201,41000,308
9314,201,41000,313
9315,201,45000,300
9316,201,40103,305
9317,201,43001,301
9318,201,40102,312
9319,201,46952,757
9320,201,46633,756
9321,201,49432,190
9322,201,46562,754
9323,201,46671,750
9324,201,46681,760
9325,201,46534,759
9326,201,46513,758
9327,201,46652,755
9328,201,46573,753
9329,201,46723,762
9330,201,46627,761
9331,201,46773,763
9332,201,45550,584
9333,201,45550,580
9334,201,45550,590
9335,201,45550,587
9336,201,45550,588
9337,201,45550,581
9338,201,45550,582
9339,201,45550,589
9340,201,46704,606
9341,201,46604,602
9342,201,46605,601
9343,201,46505,605
9344,201,46602,607
9345,201,46702,604
9346,201,46502,603
9347,201,30000,114
9348,201,38000,106
9349,201,34300,108
9350,201,34104,104
9351,201,34101,111
9352,201,40005,314
9353,201,40009,302
9354,201,43400,307
9355,202,30000,124
9356,202,30001,116
9357,202,38100,113
9358,202,38001,100
9359,202,32001,111
9360,202,32201,101
9361,202,32200,108
9362,202,34003,106
9363,202,34101,117
9364,202,34102,104
9365,202,34003,114
9366,202,44010,356
9367,202,41000,308
9368,202,41000,302
9369,202,41000,305
9370,202,45000,307
9371,202,40101,314
9372,202,43401,300
9373,202,40103,312
9374,202,46953,757
9375,202,46631,756
9376,202,49424,190
9377,202,46681,759
9378,202,46674,763
9379,202,46533,760
9380,202,46522,753
9381,202,46653,755
9382,202,46713,761
9383,202,46627,758
9384,202,46551,762
9385,202,45514,754
9386,202,46593,750
9387,202,45550,583
9388,202,45550,590
9389,202,45550,588
9390,202,45550,587
9391,202,45550,581
9392,202,45550,584
9393,202,45550,585
9394,202,45550,580
9395,202,46801,607
9396,202,46505,605
9397,202,46605,606
9398,202,46700,604
9399,202,46603,601
9400,202,46502,602
9401,202,46703,603
9402,202,30001,103
9403,202,32200,107
9404,202,34003,110
9405,202,34101,112
9406,202,34101,109
9407,202,40004,301
9408,202,40001,310
9409,202,43401,313
9410,203,38000,121
9411,203,30000,112
9412,203,30300,114
9413,203,38101,108
9414,203,32102,106
9415,203,32201,104
9416,203,32001,120
9417,203,34000,110
9418,203,34300,116
9419,203,34101,103
9420,203,34000,107
9421,203,43020,350
9422,203,41000,310
9423,203,41000,306
9424,203,41000,301
9425,203,45000,313
9426,203,40103,305
9427,203,40101,308
9428,203,43400,302
9429,203,46883,757
9430,203,46741,756
9431,203,49433,190
9432,203,46522,759
9433,203,46632,754
9434,203,46683,763
9435,203,46563,760
9436,203,45511,753
9437,203,46651,755
9438,203,46552,761
9439,203,46771,762
9440,203,46628,758
9441,203,46722,750
9442,203,46703,603
9443,203,46701,607
9444,203,46606,601
9445,203,46603,605
9446,203,46605,606
9447,203,46504,602
9448,203,46505,604
9449,203,30300,113
9450,203,30300,100
9451,203,38000,117
9452,203,32102,109
9453,203,34000,111
9454,203,37900,307
9455,203,40007,314
9456,203,40008,312
9457,203,49400,711
9458,204,30300,125
9459,204,30301,107
9460,204,38100,111
9461,204,38000,100
9462,204,32000,109
9463,204,32100,113
9464,204,32101,120
9465,204,34102,106
9466,204,34103,104
9467,204,34100,101
9468,204,34102,112
9469,204,43011,357
9470,204,41000,306
9471,204,41000,310
9472,204,41000,313
9473,204,45000,301
9474,204,40003,314
9475,204,43001,312
9476,204,43501,300
9477,204,46871,757
9478,204,46523,756
9479,204,49415,190
9480,204,46534,750
9481,204,46661,761
9482,204,46741,753
9483,204,46681,763
9484,204,46554,759
9485,204,46571,762
9486,204,45512,760
9487,204,46652,755
9488,204,46593,754
9489,204,46691,758
9490,204,46010,654
9491,204,46060,631
9492,204,46000,628
9493,204,46030,659
9494,204,46050,626
9495,204,46020,634
9496,204,46040,621
9497,204,46060,618
9498,204,46050,651
9499,204,46060,616
9500,204,46040,652
9501,204,46060,641
9502,204,46030,636
9503,204,46040,617
9504,204,46020,646
9505,204,46040,623
9506,204,46000,622
9507,204,46060,645
9508,204,46020,648
9509,204,46050,658
9510,204,46010,619
9511,204,46030,637
9512,204,46050,629
9513,204,46030,632
9514,204,46060,640
9515,204,46040,633
9516,204,46050,662
9517,204,46040,624
9518,204,46020,661
9519,204,46020,650
9520,204,46010,638
9521,204,46020,625
9522,204,46040,642
9523,204,46060,639
9524,204,46060,620
9525,204,46060,649
9526,204,46050,660
9527,204,46010,644
9528,204,46010,647
9529,204,46050,635
9530,204,46010,657
9531,204,46000,653
9532,204,46060,630
9533,204,46000,615
9534,204,46010,627
9535,204,46000,655
9536,204,46030,643
9537,204,46030,656
9538,204,46504,603
9539,204,46702,601
9540,204,46606,605
9541,204,46703,607
9542,204,46502,604
9543,204,46602,606
9544,204,46603,602
9545,204,30301,116
9546,204,32100,117
9547,204,32101,114
9548,204,32100,103
9549,204,34103,110
9550,204,37900,302
9551,204,40103,305
9552,204,43001,308
9553,204,49400,716
9554,205,38100,123
9555,205,30300,112
9556,205,30000,109
9557,205,38001,103
9558,205,32200,108
9559,205,32001,101
9560,205,32101,106
9561,205,34000,107
9562,205,34001,100
9563,205,34003,113
9564,205,34000,117
9565,205,44010,352
9566,205,41000,305
9567,205,41000,301
9568,205,41000,306
9569,205,45000,314
9570,205,40009,313
9571,205,43400,300
9572,205,40103,312
9573,205,46823,757
9574,205,46561,756
9575,205,49434,190
9576,205,46633,762
9577,205,46674,760
9578,205,46662,758
9579,205,46523,750
9580,205,46692,754
9581,205,46628,759
9582,205,46722,763
9583,205,46771,755
9584,205,46714,753
9585,205,46592,761
9586,205,46801,603
9587,205,46704,605
9588,205,46502,601
9589,205,46604,604
9590,205,46702,607
9591,205,46503,602
9592,205,46602,606
9593,205,32200,114
9594,205,32101,110
9595,205,32101,104
9596,205,34003,116
9597,205,34003,111
9598,205,37900,310
9599,205,45000,307
9600,205,40008,308
9601,206,38100,121
9602,206,30301,111
9603,206,30300,108
9604,206,38000,112
9605,206,32000,116
9606,206,32201,104
9607,206,32200,106
9608,206,34102,100
9609,206,34001,114
9610,206,34003,103
9611,206,34003,110
9612,206,43411,350
9613,206,41000,306
9614,206,41000,310
9615,206,41000,313
9616,206,45000,312
9617,206,40009,308
9618,206,43501,314
9619,206,40103,307
9620,206,46862,757
9621,206,46662,756
9622,206,49416,190
9623,206,46644,762
9624,206,46582,755
9625,206,46671,753
9626,206,46742,760
9627,206,46724,754
9628,206,46652,750
9629,206,46711,763
9630,206,46516,759
9631,206,45513,758
9632,206,46572,761
9633,206,45550,583
9634,206,45550,589
9635,206,45550,586
9636,206,45550,585
9637,206,45550,587
9638,206,45550,588
9639,206,45550,582
9640,206,45550,584
9641,206,46504,601
9642,206,46606,602
9643,206,46701,607
9644,206,46700,604
9645,206,46602,605
9646,206,46505,606
9647,206,46603,603
9648,206,30300,120
9649,206,32000,113
9650,206,34003,107
9651,206,34003,109
9652,206,34102,117
9653,206,37900,305
9654,206,45000,302
9655,206,43501,301
9656,207,30001,122
9657,207,30300,107
9658,207,38101,104
9659,207,38000,111
9660,207,32101,103
9661,207,32102,117
9662,207,32000,109
9663,207,34101,110
9664,207,34000,120
9665,207,34002,108
9666,207,34101,116
9667,207,45010,351
9668,207,41000,306
9669,207,41000,310
9670,207,41000,305
9671,207,45000,313
9672,207,40102,307
9673,207,43000,314
9674,207,43501,302
9675,207,46812,757
9676,207,46742,756
9677,207,49435,190
9678,207,46543,750
9679,207,46682,759
9680,207,46562,763
9681,207,46531,753
9682,207,46651,762
9683,207,46693,755
9684,207,46721,754
9685,207,46593,761
9686,207,46571,760
9687,207,46516,758
9688,207,46605,603
9689,207,46603,601
9690,207,46701,607
9691,207,46504,605
9692,207,46606,604
9693,207,46503,606
9694,207,46704,602
9695,207,38000,113
9696,207,32101,101
9697,207,32101,106
9698,207,32101,114
9699,207,34000,112
9700,207,40002,312
9701,207,40003,300
9702,207,40101,308
9703,208,38101,129
9704,208,30001,117
9705,208,30000,116
9706,208,38100,120
9707,208,32000,108
9708,208,32200,114
9709,208,32101,106
9710,208,34103,104
9711,208,34000,103
9712,208,34200,112
9713,208,34000,107
9714,208,43410,364
9715,208,41000,300
9716,208,41000,302
9717,208,41000,307
9718,208,45000,312
9719,208,40103,305
9720,208,43501,313
9721,208,43000,301
9722,208,46824,757
9723,208,46533,756
9724,208,49425,190
9725,208,46663,758
9726,208,46541,761
9727,208,46682,762
9728,208,46583,750
9729,208,46591,755
9730,208,46723,760
9731,208,46571,753
9732,208,46554,763
9733,208,45514,759
9734,208,46694,754
9735,208,46801,603
9736,208,46703,606
9737,208,46504,607
9738,208,46604,605
9739,208,46702,602
9740,208,46605,601
9741,208,46502,604
9742,208,30001,100
9743,208,38100,109
9744,208,32000,110
9745,208,32000,101
9746,208,32200,113
9747,208,45000,306
9748,208,40008,308
9749,208,40102,310
9750,209,30000,129
9751,209,30001,106
9752,209,38100,108
9753,209,38000,116
9754,209,32102,101
9755,209,32001,104
9756,209,32000,117
9757,209,34002,112
9758,209,34104,100
9759,209,34102,114
9760,209,34002,113
9761,209,43410,364
9762,209,41000,308
9763,209,41000,300
9764,209,41000,310
9765,209,45000,302
9766,209,40003,312
9767,209,40102,301
9768,209,43401,306
9769,209,46821,757
9770,209,46534,756
9771,209,49436,190
9772,209,46642,753
9773,209,46631,761
9774,209,46584,750
9775,209,46673,758
9776,209,46724,760
9777,209,46623,762
9778,209,46772,755
9779,209,46591,754
9780,209,46713,759
9781,209,46551,763
9782,209,46700,606
9783,209,46701,601
9784,209,46606,605
9785,209,46504,604
9786,209,46503,607
9787,209,46605,602
9788,209,46602,603
9789,209,30001,109
9790,209,30001,120
9791,209,38100,107
9792,209,32000,103
9793,209,32102,110
9794,209,45000,313
9795,209,43401,307
9796,209,43401,305
9797,210,30001,123
9798,210,30301,113
9799,210,38001,111
9800,210,38000,101
9801,210,32101,104
9802,210,32001,114
9803,210,32102,103
9804,210,34104,116
9805,210,34002,108
9806,210,34200,106
9807,210,34104,112
9808,210,45010,352
9809,210,41000,314
9810,210,41000,305
9811,210,41000,310
9812,210,45000,313
9813,210,40003,301
9814,210,40101,306
9815,210,43400,312
9816,210,46863,757
9817,210,46743,756
9818,210,49426,190
9819,210,46533,763
9820,210,46542,758
9821,210,46662,761
9822,210,46524,755
9823,210,46511,762
9824,210,46714,750
9825,210,46721,760
9826,210,46621,759
9827,210,46652,754
9828,210,46695,753
9829,210,46801,601
9830,210,46505,607
9831,210,46503,603
9832,210,46703,605
9833,210,46603,604
9834,210,46606,606
9835,210,46700,602
9836,210,30301,107
9837,210,30301,109
9838,210,34002,100
9839,210,34200,110
9840,210,34104,117
9841,210,37900,308
9842,210,43400,300
9843,210,43400,307
9844,211,38000,121
9845,211,30301,120
9846,211,30300,117
9847,211,38001,109
9848,211,32200,114
9849,211,32000,103
9850,211,32100,107
9851,211,34104,116
9852,211,34002,100
9853,211,34300,108
9854,211,34104,110
9855,211,45010,350
9856,211,41000,302
9857,211,41000,313
9858,211,41000,305
9859,211,45000,314
9860,211,40101,301
9861,211,43401,307
9862,211,40102,312
9863,211,46861,757
9864,211,46681,756
9865,211,49417,190
9866,211,46632,763
9867,211,46742,753
9868,211,46532,758
9869,211,46674,761
9870,211,46572,759
9871,211,46653,750
9872,211,46691,754
9873,211,46627,762
9874,211,46514,760
9875,211,46592,755
9876,211,46703,605
9877,211,46502,603
9878,211,46700,601
9879,211,46604,607
9880,211,46505,602
9881,211,46602,606
9882,211,46603,604
9883,211,32100,104
9884,211,32000,113
9885,211,34002,106
9886,211,34104,112
9887,211,34300,111
9888,211,45000,310
9889,211,40002,306
9890,211,43401,308
9891,212,30000,127
9892,212,30001,106
9893,212,38100,107
9894,212,38101,117
9895,212,32201,103
9896,212,32100,109
9897,212,32000,111
9898,212,34001,120
9899,212,34200,113
9900,212,34000,110
9901,212,34001,104
9902,212,43010,360
9903,212,41000,312
9904,212,41000,307
9905,212,41000,306
9906,212,45000,301
9907,212,40003,305
9908,212,43400,313
9909,212,40102,308
9910,212,46954,757
9911,212,46644,756
9912,212,49427,190
9913,212,46562,753
9914,212,46531,750
9915,212,46663,761
9916,212,46632,762
9917,212,46593,755
9918,212,46573,763
9919,212,46551,754
9920,212,46711,760
9921,212,46653,759
9922,212,45511,758
9923,212,46503,604
9924,212,46606,606
9925,212,46704,602
9926,212,46703,607
9927,212,46502,601
9928,212,46605,605
9929,212,46604,603
9930,212,30000,100
9931,212,30001,116
9932,212,32100,101
9933,212,32000,114
9934,212,34200,108
9935,212,37900,314
9936,212,45000,300
9937,212,40103,302
9938,213,30300,128
9939,213,30301,120
9940,213,38001,109
9941,213,38000,111
9942,213,32100,101
9943,213,32201,106
9944,213,32000,110
9945,213,34104,108
9946,213,34000,107
9947,213,34001,116
9948,213,34001,112
9949,213,43020,362
9950,213,41000,301
9951,213,41000,313
9952,213,41000,305
9953,213,45000,307
9954,213,40003,306
9955,213,43501,310
9956,213,43001,308
9957,213,46861,757
9958,213,46641,756
9959,213,49428,190
9960,213,46671,761
9961,213,46742,754
9962,213,46583,763
9963,213,46521,755
9964,213,46692,750
9965,213,46627,760
9966,213,46711,753
9967,213,46513,762
9968,213,46773,759
9969,213,46651,758
9970,213,46505,602
9971,213,46701,605
9972,213,46602,604
9973,213,46603,601
9974,213,46604,606
9975,213,46504,607
9976,213,46700,603
9977,213,30301,117
9978,213,30301,100
9979,213,38001,103
9980,213,32100,113
9981,213,32100,104
9982,213,43001,300
9983,213,40102,302
9984,213,43501,314
9985,214,38101,122
9986,214,30001,111
9987,214,30000,106
9988,214,38000,108
9989,214,32201,116
9990,214,32001,110
9991,214,32200,120
9992,214,34100,114
9993,214,34102,101
9994,214,34002,112
9995,214,34100,107
9996,214,41010,351
9997,214,41000,314
9998,214,41000,310
9999,214,41000,302
10000,214,45000,313
10001,214,40102,300
10002,214,40103,308
10003,214,43400,307
10004,214,46822,757
10005,214,46563,756
10006,214,49418,190
10007,214,46743,753
10008,214,46644,759
10009,214,46662,750
10010,214,46524,762
10011,214,46593,758
10012,214,45512,761
10013,214,46572,755
10014,214,46712,763
10015,214,46653,760
10016,214,46771,754
10017,214,45550,580
10018,214,45550,590
10019,214,45550,581
10020,214,45550,588
10021,214,45550,584
10022,214,45550,587
10023,214,45550,583
10024,214,45550,589
10025,214,46502,601
10026,214,46504,602
10027,214,46605,606
10028,214,46602,604
10029,214,46704,607
10030,214,46702,605
10031,214,46603,603
10032,214,30000,109
10033,214,32001,113
10034,214,32001,104
10035,214,34102,103
10036,214,34002,117
10037,214,37900,305
10038,214,40005,312
10039,214,40001,306
10040,215,30000,128
10041,215,30001,110
10042,215,38000,106
10043,215,38100,108
10044,215,32001,111
10045,215,32201,120
10046,215,32000,104
10047,215,34103,112
10048,215,34300,109
10049,215,34101,113
10050,215,34300,103
10051,215,41010,362
10052,215,41000,306
10053,215,41000,314
10054,215,41000,300
10055,215,45000,310
10056,215,40008,301
10057,215,43401,305
10058,215,43000,302
10059,215,46862,757
10060,215,46524,756
10061,215,49437,190
10062,215,46533,762
10063,215,46544,750
10064,215,46584,758
10065,215,46683,753
10066,215,46653,755
10067,215,46693,763
10068,215,46515,754
10069,215,46774,759
10070,215,46592,760
10071,215,46573,761
10072,215,45550,590
10073,215,45550,581
10074,215,45550,583
10075,215,45550,588
10076,215,45550,584
10077,215,45550,587
10078,215,45550,586
10079,215,45550,580
10080,215,46604,607
10081,215,46704,604
10082,215,46505,606
10083,215,46504,605
10084,215,46700,601
10085,215,46606,602
10086,215,46603,603
10087,215,30001,116
10088,215,32201,100
10089,215,32000,117
10090,215,32000,101
10091,215,34300,107
10092,215,45000,307
10093,215,40101,308
10094,215,43000,313
10095,216,30301,125
10096,216,30300,112
10097,216,38101,109
10098,216,38001,106
10099,216,32000,116
10100,216,32102,120
10101,216,32100,104
10102,216,34104,117
10103,216,34102,103
10104,216,34103,101
10105,216,34102,114
10106,216,43411,357
10107,216,41000,305
10108,216,41000,313
10109,216,41000,310
10110,216,45000,306
10111,216,40007,314
10112,216,43501,300
10113,216,43400,302
10114,216,46873,757
10115,216,46663,756
10116,216,49411,190
10117,216,46671,760
10118,216,46632,755
10119,216,46641,762
10120,216,46522,759
10121,216,46722,754
10122,216,46772,761
10123,216,46571,763
10124,216,46694,750
10125,216,46712,753
10126,216,46621,758
10127,216,46505,606
10128,216,46605,601
10129,216,46701,605
10130,216,46603,602
10131,216,46602,604
10132,216,46702,607
10133,216,46502,603
10134,216,30300,107
10135,216,32102,110
10136,216,32000,113
10137,216,34103,100
10138,216,34102,111
10139,216,40102,308
10140,216,43501,312
10141,216,43400,301
10142,217,38001,129
10143,217,30001,113
10144,217,30300,110
10145,217,38000,112
10146,217,32101,117
10147,217,32001,101
10148,217,32000,103
10149,217,34300,108
10150,217,34200,116
10151,217,34100,106
10152,217,34300,100
10153,217,44010,364
10154,217,41000,302
10155,217,41000,308
10156,217,41000,300
10157,217,45000,312
10158,217,40002,307
10159,217,43000,305
10160,217,43401,310
10161,217,46913,757
10162,217,46741,756
10163,217,49438,190
10164,217,46561,760
10165,217,46633,750
10166,217,46681,753
10167,217,46543,758
10168,217,46516,762
10169,217,45513,754
10170,217,46773,761
10171,217,46696,755
10172,217,46714,759
10173,217,46572,763
10174,217,46606,605
10175,217,46603,607
10176,217,46504,602
10177,217,46604,604
10178,217,46702,606
10179,217,46704,601
10180,217,46503,603
10181,217,38001,114
10182,217,32101,104
10183,217,34100,120
10184,217,34200,109
10185,217,34200,107
10186,217,40007,313
10187,217,40102,301
10188,217,40103,306
10189,218,30300,121
10190,218,30000,116
10191,218,38100,110
10192,218,38000,100
10193,218,32200,113
10194,218,32101,109
10195,218,32100,117
10196,218,34103,107
10197,218,34104,112
10198,218,34300,108
10199,218,34103,114
10200,218,41010,350
10201,218,41000,301
10202,218,41000,305
10203,218,41000,306
10204,218,45000,310
10205,218,40009,308
10206,218,43001,313
10207,218,40102,302
10208,218,46823,757
10209,218,46521,756
10210,218,49431,190
10211,218,46563,763
10212,218,46682,753
10213,218,46632,761
10214,218,46672,755
10215,218,46572,750
10216,218,46771,759
10217,218,46691,762
10218,218,46712,760
10219,218,46592,754
10220,218,45514,758
10221,218,46702,604
10222,218,46602,605
10223,218,46700,601
10224,218,46503,607
10225,218,46603,602
10226,218,46504,606
10227,218,46605,603
10228,218,30000,104
10229,218,38000,120
10230,218,32200,103
10231,218,34300,106
10232,218,34104,111
10233,218,45000,314
10234,218,40101,312
10235,218,40006,307
10236,219,30300,125
10237,219,30301,109
10238,219,38000,107
10239,219,38101,114
10240,219,32001,100
10241,219,32101,110
10242,219,32000,106
10243,219,34001,117
10244,219,34000,104
10245,219,34100,113
10246,219,34100,103
10247,219,41010,357
10248,219,41000,308
10249,219,41000,313
10250,219,41000,310
10251,219,45000,305
10252,219,40101,301
10253,219,40103,314
10254,219,43401,306
10255,219,46863,757
10256,219,46561,756
10257,219,49432,190
10258,219,46741,763
10259,219,46532,750
10260,219,46683,758
10261,219,46661,761
10262,219,46628,762
10263,219,46723,755
10264,219,46692,759
10265,219,46572,760
10266,219,46712,754
10267,219,45511,753
10268,219,46605,606
10269,219,46703,601
10270,219,46603,602
10271,219,46704,604
10272,219,46504,605
10273,219,46602,607
10274,219,46502,603
10275,219,30300,101
10276,219,38000,112
10277,219,32101,116
10278,219,32101,120
10279,219,32101,111
10280,219,45000,302
10281,219,40009,312
10282,219,43401,300
10283,220,38101,127
10284,220,30301,117
10285,220,30000,108
10286,220,38000,114
10287,220,32102,116
10288,220,32201,104
10289,220,32201,110
10290,220,34300,111
10291,220,34100,101
10292,220,34300,109
10293,220,43010,360
10294,220,41000,308
10295,220,41000,300
10296,220,41000,305
10297,220,40101,312
10298,220,43400,313
10299,220,40103,301
10300,220,46955,757
10301,220,46683,756
10302,220,49421,190
10303,220,46521,762
10304,220,46743,760
10305,220,46633,750
10306,220,46573,755
10307,220,46724,761
10308,220,46713,763
10309,220,46606,606
10310,220,46603,602
10311,220,46701,607
10312,220,46505,605
10313,220,34300,113
10314,220,34100,100
10315,220,40002,307
10316,220,43400,314
10317,220,49400,712
10318,221,38101,128
10319,221,30300,101
10320,221,30001,109
10321,221,38000,112
10322,221,32000,117
10323,221,32102,100
10324,221,32102,116
10325,221,34000,104
10326,221,34002,111
10327,221,34000,113
10328,221,43410,362
10329,221,41000,313
10330,221,41000,305
10331,221,41000,308
10332,221,40002,307
10333,221,43401,300
10334,221,43501,310
10335,221,46884,757
10336,221,46661,756
10337,221,49412,190
10338,221,46534,762
10339,221,46583,755
10340,221,46672,760
10341,221,46516,750
10342,221,46651,761
10343,221,45512,763
10344,221,46605,606
10345,221,46604,605
10346,221,46502,602
10347,221,46702,607
10348,221,30001,110
10349,221,38000,108
10350,221,37900,314
10351,221,40103,301
10352,222,38000,128
10353,222,30301,100
10354,222,30000,111
10355,222,38101,112
10356,222,32100,117
10357,222,32200,108
10358,222,32100,116
10359,222,34300,104
10360,222,34003,101
10361,222,34300,110
10362,222,43011,362
10363,222,41000,307
10364,222,41000,300
10365,222,41000,314
10366,222,40001,305
10367,222,43001,313
10368,222,40103,310
10369,222,46824,757
10370,222,46662,756
10371,222,49433,190
10372,222,46741,750
10373,222,46632,760
10374,222,46563,762
10375,222,46714,763
10376,222,46571,761
10377,222,46651,755
10378,222,46701,607
10379,222,46604,602
10380,222,46602,606
10381,222,46503,605
10382,222,30000,109
10383,222,38101,113
10384,222,45000,308
10385,222,43001,301
10386,223,38101,128
10387,223,30301,108
10388,223,30300,116
10389,223,38000,113
10390,223,32001,109
10391,223,32201,100
10392,223,32201,117
10393,223,34104,110
10394,223,34300,101
10395,223,34104,112
10396,223,43010,362
10397,223,41000,314
10398,223,41000,300
10399,223,41000,305
10400,223,40004,310
10401,223,40101,308
10402,223,43400,313
10403,223,46914,757
10404,223,46682,756
10405,223,49422,190
10406,223,46531,762
10407,223,46643,755
10408,223,46541,760
10409,223,46774,761
10410,223,46711,763
10411,223,46573,750
10412,223,46505,602
10413,223,46602,607
10414,223,46603,605
10415,223,46704,606
10416,223,34300,104
10417,223,34300,111
10418,223,40008,307
10419,224,30300,122
10420,224,30001,117
10421,224,38101,110
10422,224,38100,114
10423,224,32100,111
10424,224,32102,104
10425,224,32102,101
10426,224,34104,108
10427,224,34003,116
10428,224,34003,112
10429,224,41010,351
10430,224,41000,305
10431,224,41000,310
10432,224,41000,312
10433,224,40000,300
10434,224,43501,314
10435,224,40102,307
10436,224,46814,757
10437,224,46683,756
10438,224,49413,190
10439,224,46661,763
10440,224,46534,760
10441,224,46584,755
10442,224,46714,761
10443,224,46693,750
10444,224,46553,762
10445,224,45550,587
10446,224,45550,584
10447,224,45550,588
10448,224,45550,583
10449,224,45550,590
10450,224,45550,586
10451,224,45550,582
10452,224,45550,580
10453,224,46701,602
10454,224,46605,605
10455,224,46606,607
10456,224,46504,606
10457,224,32100,113
10458,224,34003,109
10459,224,45000,308
10460,224,40001,313
10461,225,38100,121
10462,225,30301,100
10463,225,30001,113
10464,225,38101,109
10465,225,32100,103
10466,225,32201,114
10467,225,34000,120
10468,225,34101,104
10469,225,34000,116
10470,225,43411,350
10471,225,41000,308
10472,225,41000,313
10473,225,41000,307
10474,225,40005,301
10475,225,43501,305
10476,225,43000,312
10477,225,46881,757
10478,225,46742,756
10479,225,49414,190
10480,225,46631,750
10481,225,46544,754
10482,225,46584,763
10483,225,46773,753
10484,225,46694,762
10485,225,46627,755
10486,225,45550,590
10487,225,45550,582
10488,225,45550,580
10489,225,45550,594
10490,225,45550,581
10491,225,45550,588
10492,225,45550,584
10493,225,45550,583
10494,225,46704,601
10495,225,46502,602
10496,225,46602,607
10497,225,46606,605
10498,225,30301,117
10499,225,34101,108
10500,225,40103,302
10501,225,43501,314
10502,226,30001,123
10503,226,30301,117
10504,226,38001,109
10505,226,38101,100
10506,226,32101,103
10507,226,32100,114
10508,226,34300,108
10509,226,34103,101
10510,226,34300,116
10511,226,43411,352
10512,226,41000,307
10513,226,41000,300
10514,226,41000,314
10515,226,40000,312
10516,226,43401,313
10517,226,40103,305
10518,226,46864,757
10519,226,46681,756
10520,226,49415,190
10521,226,46534,755
10522,226,46561,763
10523,226,46631,753
10524,226,46623,750
10525,226,46573,754
10526,226,46695,762
10527,226,46603,607
10528,226,46701,602
10529,226,46605,605
10530,226,46504,601
10531,226,38001,113
10532,226,32100,104
10533,226,37900,301
10534,226,45000,308
10535,227,30000,122
10536,227,30001,109
10537,227,38100,114
10538,227,38001,120
10539,227,32200,113
10540,227,32201,101
10541,227,34000,103
10542,227,34002,117
10543,227,34000,108
10544,227,41010,351
10545,227,41000,300
10546,227,41000,314
10547,227,41000,305
10548,227,40007,312
10549,227,40103,308
10550,227,43401,313
10551,227,46871,757
10552,227,46682,756
10553,227,49416,190
10554,227,46671,762
10555,227,46663,754
10556,227,46644,755
10557,227,46691,750
10558,227,46628,763
10559,227,46553,753
10560,227,46060,629
10561,227,46030,660
10562,227,46000,655
10563,227,46050,626
10564,227,46040,620
10565,227,46010,658
10566,227,46020,651
10567,227,46040,652
10568,227,46020,640
10569,227,46010,661
10570,227,46040,625
10571,227,46030,662
10572,227,46060,624
10573,227,46030,657
10574,227,46020,654
10575,227,46020,617
10576,227,46000,653
10577,227,46060,643
10578,227,46050,628
10579,227,46050,615
10580,227,46050,627
10581,227,46010,656
10582,227,46040,616
10583,227,46010,619
10584,227,46000,622
10585,227,46010,632
10586,227,46040,641
10587,227,46030,659
10588,227,46050,631
10589,227,46020,618
10590,227,46030,639
10591,227,46040,644
10592,227,46603,605
10593,227,46605,601
10594,227,46704,602
10595,227,46504,607
10596,227,38100,104
10597,227,34000,116
10598,227,37900,307
10599,227,45000,302
10600,228,38001,121
10601,228,30000,113
10602,228,30300,116
10603,228,38000,104
10604,228,32200,103
10605,228,32201,117
10606,228,34103,100
10607,228,34000,114
10608,228,34103,108
10609,228,43410,350
10610,228,41000,314
10611,228,41000,301
10612,228,41000,305
10613,228,40004,313
10614,228,43400,307
10615,228,43001,312
10616,228,46861,757
10617,228,46522,756
10618,228,49417,190
10619,228,46581,755
10620,228,46541,753
10621,228,46644,763
10622,228,46627,750
10623,228,46572,762
10624,228,46723,754
10625,228,46603,605
10626,228,46701,601
10627,228,46602,602
10628,228,46504,607
10629,228,32201,109
10630,228,34000,120
10631,228,45000,302
10632,228,40102,308
10633,229,30300,129
10634,229,30301,120
10635,229,38100,103
10636,229,38000,114
10637,229,32000,104
10638,229,32100,109
10639,229,34102,101
10640,229,34100,117
10641,229,34100,113
10642,229,43020,364
10643,229,41000,312
10644,229,41000,300
10645,229,41000,307
10646,229,40003,305
10647,229,40102,308
10648,229,43001,302
10649,229,46914,757
10650,229,46743,756
10651,229,49434,190
10652,229,46682,754
10653,229,46581,763
10654,229,46563,750
10655,229,46773,755
10656,229,46692,753
10657,229,46591,762
10658,229,46504,605
10659,229,46701,601
10660,229,46602,607
10661,229,46606,602
10662,229,49400,710
10663,229,30301,108
10664,229,32000,116
10665,229,34100,100
10666,229,40101,301
10667,229,43400,313
10668,230,38001,122
10669,230,30300,101
10670,230,30001,107
10671,230,38000,104
10672,230,32000,117
10673,230,32101,120
10674,230,32000,106
10675,230,34100,103
10676,230,34300,116
10677,230,34300,112
10678,230,43010,351
10679,230,41000,306
10680,230,41000,305
10681,230,41000,310
10682,230,40002,313
10683,230,40102,314
10684,230,46951,757
10685,230,46741,756
10686,230,49435,190
10687,230,46671,320
10688,230,46643,322
10689,230,46561,317
10690,230,46523,315
10691,230,46683,318
10692,230,46631,319
10693,230,46541,750
10694,230,46534,761
10695,230,46652,755
10696,230,46627,758
10697,230,46551,760
10698,230,46713,753
10699,230,46591,759
10700,230,46516,754
10701,230,46701,604
10702,230,46704,606
10703,230,46503,602
10704,230,46605,601
10705,230,46603,607
10706,230,46502,603
10707,230,41300,321
10708,230,43301,316
10709,230,43300,309
10710,230,32000,110
10711,230,34100,111
10712,230,37900,302
10713,230,40005,300
10714,230,49400,711
10715,231,38000,124
10716,231,30001,116
10717,231,30301,106
10718,231,38101,112
10719,231,32200,117
10720,231,32101,100
10721,231,32101,107
10722,231,34002,110
10723,231,34000,101
10724,231,34002,103
10725,231,43010,356
10726,231,41000,313
10727,231,41000,302
10728,231,41000,300
10729,231,40003,305
10730,231,40103,310
10731,231,46871,757
10732,231,46523,756
10733,231,49436,190
10734,231,46741,316
10735,231,46563,322
10736,231,46644,320
10737,231,46532,309
10738,231,46762,319
10739,231,46663,318
10740,231,46631,758
10741,231,46682,750
10742,231,46651,759
10743,231,46772,754
10744,231,46571,755
10745,231,46516,760
10746,231,46591,761
10747,231,46714,753
10748,231,45550,585
10749,231,45550,592
10750,231,45550,580
10751,231,45550,582
10752,231,45550,587
10753,231,45550,588
10754,231,45550,591
10755,231,45550,583
10756,231,46606,601
10757,231,46502,607
10758,231,46700,606
10759,231,46503,604
10760,231,46603,602
10761,231,46701,603
10762,231,41300,321
10763,231,43301,317
10764,231,43300,315
10765,231,30301,104
10766,231,34002,111
10767,231,40101,301
10768,231,43501,314
10769,232,38000,129
10770,232,30300,107
10771,232,30000,103
10772,232,38100,112
10773,232,32101,117
10774,232,32000,116
10775,232,32101,106
10776,232,34103,100
10777,232,34000,120
10778,232,34103,110
10779,232,43411,364
10780,232,41000,306
10781,232,41000,301
10782,232,41000,313
10783,232,40008,305
10784,232,43501,300
10785,232,46862,757
10786,232,46642,756
10787,232,49418,190
10788,232,46671,316
10789,232,46522,322
10790,232,46741,318
10791,232,46561,309
10792,232,46533,317
10793,232,46763,315
10794,232,46543,755
10795,232,46631,758
10796,232,46573,760
10797,232,46693,750
10798,232,46592,759
10799,232,46511,754
10800,232,46711,753
10801,232,46771,761
10802,232,46502,603
10803,232,46504,607
10804,232,46604,601
10805,232,46701,602
10806,232,46602,606
10807,232,46704,604
10808,232,41300,321
10809,232,43301,320
10810,232,43300,319
10811,232,38100,104
10812,232,32000,101
10813,232,37900,310
10814,232,40101,302
10815,233,30001,127
10816,233,30300,104
10817,233,38000,120
10818,233,38001,111
10819,233,32102,107
10820,233,32201,117
10821,233,32201,116
10822,233,34104,103
10823,233,34103,100
10824,233,34104,110
10825,233,43411,360
10826,233,41000,300
10827,233,41000,306
10828,233,41000,313
10829,233,40008,301
10830,233,40102,305
10831,233,46811,757
10832,233,46524,756
10833,233,49437,190
10834,233,46742,315
10835,233,46764,320
10836,233,46754,322
10837,233,46631,318
10838,233,46563,319
10839,233,46643,316
10840,233,46532,753
10841,233,46673,760
10842,233,46652,758
10843,233,46571,750
10844,233,46694,761
10845,233,46627,754
10846,233,46724,759
10847,233,46551,755
10848,233,46800,603
10849,233,46702,601
10850,233,46605,602
10851,233,46602,607
10852,233,46704,606
10853,233,46505,604
10854,233,41300,321
10855,233,43301,317
10856,233,43300,309
10857,233,30300,101
10858,233,34104,106
10859,233,45000,314
10860,233,40000,302
10861,234,30000,122
10862,234,30300,111
10863,234,38001,116
10864,234,38100,110
10865,234,32102,117
10866,234,32201,107
10867,234,32102,104
10868,234,34001,106
10869,234,34200,101
10870,234,34200,112
10871,234,45010,351
10872,234,41000,300
10873,234,41000,306
10874,234,41000,310
10875,234,40000,313
10876,234,40101,305
10877,234,46912,757
10878,234,46521,756
10879,234,49438,190
10880,234,46674,319
10881,234,46633,315
10882,234,46761,320
10883,234,46743,322
10884,234,46681,317
10885,234,46562,309
10886,234,46533,750
10887,234,46642,758
10888,234,46724,755
10889,234,46553,760
10890,234,46593,759
10891,234,46713,754
10892,234,45513,761
10893,234,46774,753
10894,234,46704,607
10895,234,46504,602
10896,234,46604,604
10897,234,46505,606
10898,234,46703,601
10899,234,46606,603
10900,234,41300,321
10901,234,43300,318
10902,234,43301,316
10903,234,38100,103
10904,234,34200,120
10905,234,37900,314
10906,234,45000,302
10907,235,30001,126
10908,235,30301,103
10909,235,38101,113
10910,235,38001,114
10911,235,32201,111
10912,235,32100,107
10913,235,32000,109
10914,235,34001,110
10915,235,34102,120
10916,235,34100,106
10917,235,43020,358
10918,235,41000,302
10919,235,41000,310
10920,235,41000,307
10921,235,40003,314
10922,235,40103,312
10923,235,46533,753
10924,235,46524,758
10925,235,46662,763
10926,235,46721,759
10927,235,46713,760
10928,235,46592,762
10929,235,46653,754
10930,235,46572,761
10931,235,46010,639
10932,235,46060,654
10933,235,46020,636
10934,235,46000,622
10935,235,46050,660
10936,235,46040,651
10937,235,46030,655
10938,235,46010,637
10939,235,46030,640
10940,235,46040,650
10941,235,46000,643
10942,235,46060,646
10943,235,46010,645
10944,235,46050,626
10945,235,46010,657
10946,235,46040,623
10947,235,46040,656
10948,235,46050,624
10949,235,46000,644
10950,235,46040,625
10951,235,46040,634
10952,235,46010,658
10953,235,46060,621
10954,235,46060,641
10955,235,46040,659
10956,235,46000,638
10957,235,46060,647
10958,235,46030,642
10959,235,46704,603
10960,235,46505,607
10961,235,46604,601
10962,235,46701,605
10963,235,46602,604
10964,235,46502,606
10965,235,34001,112
10966,235,34100,116
10967,235,34102,117
10968,235,37900,306
10969,235,45000,313
10970,236,38000,123
10971,236,30001,109
10972,236,30301,107
10973,236,38101,112
10974,236,32200,110
10975,236,32001,103
10976,236,32101,113
10977,236,34100,111
10978,236,34000,108
10979,236,34104,106
10980,236,43411,352
10981,236,41000,310
10982,236,41000,313
10983,236,41000,308
10984,236,40001,314
10985,236,40101,306
10986,236,46682,760
10987,236,46741,762
10988,236,46533,758
10989,236,46628,761
10990,236,45514,763
10991,236,46515,753
10992,236,46696,759
10993,236,46714,754
10994,236,46504,607
10995,236,46603,605
10996,236,46502,604
10997,236,46704,606
10998,236,46700,601
10999,236,46605,603
11000,236,49400,717
11001,236,30301,117
11002,236,38000,116
11003,236,34000,114
11004,236,37900,307
11005,236,40006,312
11006,237,38101,123
11007,237,30000,110
11008,237,30300,113
11009,237,38000,114
11010,237,32100,106
11011,237,32001,117
11012,237,32201,116
11013,237,34000,103
11014,237,34300,112
11015,237,34104,109
11016,237,43020,352
11017,237,41000,310
11018,237,41000,307
11019,237,41000,313
11020,237,40005,308
11021,237,43000,306
11022,237,46521,761
11023,237,46643,758
11024,237,46583,753
11025,237,46624,763
11026,237,46651,760
11027,237,46552,754
11028,237,46711,759
11029,237,46573,762
11030,237,46802,607
11031,237,46505,601
11032,237,46704,605
11033,237,46603,604
11034,237,46605,606
11035,237,46703,603
11036,237,32001,108
11037,237,32001,107
11038,237,34300,111
11039,237,45000,314
11040,237,40101,312
11041,238,38001,126
11042,238,30000,113
11043,238,30001,120
11044,238,38000,107
11045,238,32001,114
11046,238,32100,112
11047,238,32102,106
11048,238,34000,110
11049,238,34003,116
11050,238,34101,103
11051,238,43411,358
11052,238,41000,312
11053,238,41000,310
11054,238,41000,306
11055,238,40008,307
11056,238,40102,302
11057,238,46672,753
11058,238,46534,763
11059,238,46662,760
11060,238,46593,762
11061,238,46711,754
11062,238,46551,759
11063,238,46573,761
11064,238,46691,758
11065,238,46802,607
11066,238,46701,603
11067,238,46604,601
11068,238,46603,605
11069,238,46700,604
11070,238,46505,606
11071,238,38000,111
11072,238,32001,109
11073,238,32102,117
11074,238,37900,313
11075,238,45000,314
11076,239,30001,126
11077,239,30301,120
11078,239,38000,103
11079,239,38100,114
11080,239,32201,110
11081,239,32101,112
11082,239,32000,107
11083,239,34200,113
11084,239,34300,117
11085,239,34000,116
11086,239,44010,358
11087,239,41000,310
11088,239,41000,302
11089,239,41000,307
11090,239,40003,313
11091,239,40103,312
11092,239,46633,754
11093,239,46641,759
11094,239,46674,760
11095,239,45511,753
11096,239,46571,761
11097,239,46624,762
11098,239,46721,758
11099,239,46774,763
11100,239,45550,585
11101,239,45550,590
11102,239,45550,596
11103,239,45550,588
11104,239,45550,587
11105,239,45550,581
11106,239,45550,589
11107,239,45550,595
11108,239,46602,603
11109,239,46605,607
11110,239,46702,601
11111,239,46503,605
11112,239,46504,604
11113,239,46704,606
11114,239,30001,109
11115,239,32201,106
11116,239,32101,111
11117,239,37900,314
11118,239,43001,306
11119,240,38000,127
11120,240,30300,100
11121,240,30000,117
11122,240,38101,120
11123,240,32101,113
11124,240,32200,107
11125,240,32001,116
11126,240,34002,111
11127,240,34100,104
11128,240,34104,103
11129,240,34104,101
11130,240,43010,360
11131,240,41000,307
11132,240,41000,301
11133,240,41000,308
11134,240,45000,314
11135,240,40008,305
11136,240,43001,300
11137,240,40101,306
11138,240,46863,757
11139,240,46531,756
11140,240,49431,190
11141,240,46662,753
11142,240,46642,761
11143,240,46683,750
11144,240,46742,762
11145,240,46591,758
11146,240,46714,760
11147,240,46628,755
11148,240,46771,763
11149,240,45512,754
11150,240,46692,759
11151,240,45550,585
11152,240,45550,586
11153,240,45550,589
11154,240,45550,580
11155,240,45550,588
11156,240,45550,587
11157,240,45550,581
11158,240,45550,582
11159,240,46503,601
11160,240,46704,606
11161,240,46603,604
11162,240,46604,602
11163,240,46502,605
11164,240,46702,607
11165,240,46606,603
11166,240,30000,114
11167,240,38000,109
11168,240,34002,106
11169,240,34002,110
11170,240,34002,108
11171,240,37900,302
11172,240,43000,313
11173,240,43001,312
11174,241,38001,121
11175,241,30300,110
11176,241,30301,113
11177,241,38100,104
11178,241,32201,111
11179,241,32001,120
11180,241,32000,108
11181,241,34001,106
11182,241,34102,109
11183,241,34104,100
11184,241,34001,117
11185,241,44010,350
11186,241,41000,308
11187,241,41000,307
11188,241,41000,310
11189,241,45000,314
11190,241,40004,301
11191,241,43000,312
11192,241,40102,306
11193,241,46912,757
11194,241,46643,756
11195,241,49423,190
11196,241,46563,754
11197,241,46542,750
11198,241,46663,760
11199,241,46671,763
11200,241,46724,762
11201,241,46712,759
11202,241,45513,753
11203,241,46774,755
11204,241,46624,761
11205,241,46551,758
11206,241,46606,603
11207,241,46605,601
11208,241,46502,607
11209,241,46603,605
11210,241,46504,602
11211,241,46704,604
11212,241,46700,606
11213,241,49400,711
11214,241,30301,112
11215,241,30300,103
11216,241,32201,107
11217,241,32201,116
11218,241,34001,114
11219,241,37900,305
11220,241,45000,302
11221,241,40001,313
11222,242,21100,112
11223,242,30301,122
11224,242,30300,117
11225,242,38100,113
11226,242,38001,116
11227,242,32101,111
11228,242,32200,106
11229,242,32201,101
11230,242,34102,114
11231,242,34003,120
11232,242,34200,108
11233,242,34003,110
11234,242,43010,351
11235,242,41000,308
11236,242,41000,313
11237,242,41000,310
11238,242,45000,305
11239,242,40006,302
11240,242,43001,306
11241,242,40101,307
11242,242,46883,757
11243,242,46632,756
11244,242,49432,190
11245,242,46544,755
11246,242,46521,754
11247,242,46742,763
11248,242,46642,759
11249,242,46652,760
11250,242,45514,762
11251,242,46551,753
11252,242,46628,758
11253,242,46711,750
11254,242,46772,761
11255,242,46504,604
11256,242,46703,605
11257,242,46606,601
11258,242,46502,602
11259,242,46602,606
11260,242,46704,607
11261,242,46605,603
11262,242,30300,103
11263,242,30300,104
11264,242,38100,107
11265,242,34003,109
11266,242,37900,312
11267,242,45000,314
11268,242,40009,300
11269,243,30301,121
11270,243,30300,112
11271,243,38101,110
11272,243,38100,116
11273,243,32101,117
11274,243,32000,104
11275,243,32001,114
11276,243,34101,109
11277,243,34300,107
11278,243,34103,113
11279,243,34300,103
11280,243,43020,350
11281,243,41000,314
11282,243,41000,306
11283,243,41000,305
11284,243,45000,310
11285,243,40004,313
11286,243,43401,302
11287,243,40103,308
11288,243,46883,757
11289,243,46683,756
11290,243,49433,190
11291,243,46524,750
11292,243,46562,759
11293,243,46632,754
11294,243,46582,763
11295,243,46571,760
11296,243,46693,755
11297,243,46651,753
11298,243,46511,758
11299,243,46551,762
11300,243,46711,761
11301,243,46700,603
11302,243,46505,607
11303,243,46704,601
11304,243,46603,605
11305,243,46606,606
11306,243,46602,604
11307,243,46503,602
11308,243,30301,108
11309,243,38100,100
11310,243,32001,120
11311,243,32101,106
11312,243,34101,111
11313,243,45000,307
11314,243,40007,301
11315,243,43501,312
11316,244,30300,126
11317,244,30301,113
11318,244,38001,101
11319,244,38101,109
11320,244,32201,117
11321,244,32102,120
11322,244,32200,116
11323,244,34003,111
11324,244,34200,100
11325,244,34104,103
11326,244,34104,107
11327,244,44010,358
11328,244,41000,306
11329,244,41000,312
11330,244,41000,307
11331,244,45000,301
11332,244,40007,305
11333,244,43400,302
11334,244,40101,310
11335,244,46884,757
11336,244,46742,756
11337,244,49434,190
11338,244,46563,759
11339,244,46683,762
11340,244,46663,750
11341,244,46673,754
11342,244,46712,761
11343,244,46771,758
11344,244,46572,753
11345,244,45511,763
11346,244,46516,755
11347,244,46653,760
11348,244,46703,601
11349,244,46503,607
11350,244,46605,604
11351,244,46504,606
11352,244,46604,602
11353,244,46602,605
11354,244,46704,603
11355,244,32102,104
11356,244,32200,106
11357,244,34200,110
11358,244,34104,112
11359,244,34104,114
11360,244,45000,314
11361,244,43001,313
11362,244,43001,300
11363,245,30300,121
11364,245,30001,112
11365,245,38000,107
11366,245,38100,108
11367,245,32201,114
11368,245,32200,110
11369,245,32100,104
11370,245,34003,109
11371,245,34300,117
11372,245,34101,100
11373,245,34101,120
11374,245,41010,350
11375,245,41000,312
11376,245,41000,302
11377,245,41000,308
11378,245,45000,314
11379,245,40007,313
11380,245,43000,305
11381,245,40103,301
11382,245,46872,757
11383,245,46683,756
11384,245,49424,190
11385,245,46743,754
11386,245,46531,761
11387,245,46672,763
11388,245,46632,750
11389,245,46572,755
11390,245,46551,760
11391,245,46516,753
11392,245,46627,762
11393,245,45512,758
11394,245,46713,759
11395,245,45520,567
11396,245,45520,565
11397,245,45520,563
11398,245,45520,570
11399,245,45520,568
11400,245,45520,566
11401,245,45520,569
11402,245,45520,560
11403,245,46605,601
11404,245,46604,603
11405,245,46505,605
11406,245,46700,607
11407,245,46502,604
11408,245,46701,602
11409,245,46603,606
11410,245,30300,103
11411,245,30001,116
11412,245,34300,106
11413,245,34101,113
11414,245,34003,111
11415,245,40003,310
11416,245,40102,306
11417,245,43001,307
11418,246,30300,126
11419,246,30001,104
11420,246,38100,103
11421,246,38000,111
11422,246,32100,110
11423,246,32000,112
11424,246,32102,107
11425,246,34002,113
11426,246,34100,100
11427,246,34000,114
11428,246,34100,106
11429,246,43020,358
11430,246,41000,310
11431,246,41000,312
11432,246,41000,305
11433,246,45000,300
11434,246,40000,306
11435,246,40102,302
11436,246,43001,314
11437,246,46914,757
11438,246,46633,756
11439,246,49411,190
11440,246,46541,755
11441,246,46682,763
11442,246,46674,754
11443,246,46522,761
11444,246,46772,762
11445,246,46723,750
11446,246,46591,759
11447,246,45513,760
11448,246,46712,753
11449,246,46514,758
11450,246,46602,602
11451,246,46701,601
11452,246,46603,607
11453,246,46504,606
11454,246,46505,605
11455,246,46700,604
11456,246,46604,603
11457,246,30001,109
11458,246,32102,116
11459,246,32100,101
11460,246,32100,117
11461,246,34100,120
11462,246,37900,307
11463,246,43001,313
11464,246,43001,301
11465,247,30000,126
11466,247,30001,103
11467,247,38000,100
11468,247,38100,111
11469,247,32001,109
11470,247,32101,106
11471,247,32000,120
11472,247,34300,112
11473,247,34103,113
11474,247,34104,116
11475,247,34104,107
11476,247,45010,358
11477,247,41000,302
11478,247,41000,300
11479,247,41000,312
11480,247,45000,314
11481,247,40101,306
11482,247,40103,313
11483,247,43001,310
11484,247,46821,757
11485,247,46671,756
11486,247,49412,190
11487,247,46642,760
11488,247,46632,753
11489,247,46544,758
11490,247,46532,762
11491,247,45514,761
11492,247,46551,750
11493,247,46571,754
11494,247,46712,763
11495,247,46627,759
11496,247,46721,755
11497,247,46604,602
11498,247,46603,601
11499,247,46702,604
11500,247,46503,606
11501,247,46700,607
11502,247,46605,605
11503,247,46504,603
11504,247,32101,104
11505,247,34103,101
11506,247,34300,110
11507,247,34104,117
11508,247,34103,114
11509,247,45000,307
11510,247,40008,301
11511,247,43001,305
11512,248,30301,126
11513,248,30000,106
11514,248,38000,117
11515,248,38001,120
11516,248,32200,104
11517,248,32100,107
11518,248,32000,113
11519,248,34000,114
11520,248,34300,100
11521,248,34101,103
11522,248,34000,110
11523,248,41010,358
11524,248,41000,300
11525,248,41000,302
11526,248,41000,307
11527,248,45000,312
11528,248,40103,305
11529,248,43501,301
11530,248,43401,314
11531,248,46883,757
11532,248,46633,756
11533,248,49413,190
11534,248,46561,755
11535,248,46661,760
11536,248,46532,754
11537,248,46683,763
11538,248,46694,762
11539,248,46721,761
11540,248,46572,758
11541,248,46554,753
11542,248,46628,750
11543,248,46714,759
11544,248,46606,603
11545,248,46702,607
11546,248,46701,605
11547,248,46605,601
11548,248,46505,604
11549,248,46502,602
11550,248,46602,606
11551,248,49400,710
11552,248,30000,112
11553,248,34101,101
11554,248,34300,116
11555,248,34300,109
11556,248,34300,111
11557,248,37900,306
11558,248,40000,313
11559,248,40102,310
11560,249,38101,129
11561,249,30001,107
11562,249,30301,110
11563,249,38100,106
11564,249,32101,113
11565,249,32000,117
11566,249,32100,114
11567,249,34100,116
11568,249,34102,120
11569,249,34000,108
11570,249,34000,100
11571,249,44010,364
11572,249,41000,310
11573,249,41000,300
11574,249,41000,305
11575,249,45000,308
11576,249,40000,306
11577,249,43401,313
11578,249,40101,301
11579,249,46812,757
11580,249,46743,756
11581,249,49414,190
11582,249,46662,761
11583,249,46681,758
11584,249,46641,750
11585,249,46561,762
11586,249,46722,760
11587,249,46712,754
11588,249,46573,763
11589,249,46511,759
11590,249,46621,755
11591,249,46771,753
11592,249,45550,580
11593,249,45550,589
11594,249,45550,584
11595,249,45550,588
11596,249,45550,587
11597,249,45550,581
11598,249,45550,585
11599,249,45550,582
11600,249,46604,602
11601,249,46700,601
11602,249,46605,606
11603,249,46504,605
11604,249,46703,607
11605,249,46502,604
11606,249,46606,603
11607,249,30001,104
11608,249,30001,101
11609,249,38101,112
11610,249,32100,103
11611,249,32000,109
11612,249,45000,307
11613,249,40009,312
11614,249,43401,302
11615,250,30300,128
11616,250,30301,106
11617,250,38000,109
11618,250,38100,103
11619,250,32201,113
11620,250,32001,116
11621,250,32100,104
11622,250,34101,107
11623,250,34300,117
11624,250,34200,100
11625,250,34101,108
11626,250,43411,362
11627,250,41000,302
11628,250,41000,300
11629,250,41000,313
11630,250,45000,308
11631,250,40009,306
11632,250,40101,307
11633,250,43000,310
11634,250,46873,757
11635,250,46741,756
11636,250,49425,190
11637,250,46663,762
11638,250,46581,761
11639,250,46633,755
11640,250,46643,754
11641,250,46695,758
11642,250,45511,753
11643,250,46554,760
11644,250,46712,750
11645,250,46653,763
11646,250,46772,759
11647,250,46605,601
11648,250,46503,604
11649,250,46701,602
11650,250,46602,607
11651,250,46702,606
11652,250,46606,605
11653,250,46502,603
11654,250,30301,120
11655,250,38000,101
11656,250,34200,111
11657,250,34200,112
11658,250,34300,110
11659,250,37900,305
11660,250,45000,301
11661,250,40008,314
11662,251,30001,128
11663,251,30301,106
11664,251,38001,113
11665,251,38101,109
11666,251,32200,120
11667,251,32201,108
11668,251,32001,110
11669,251,34104,103
11670,251,34003,104
11671,251,34101,101
11672,251,34104,116
11673,251,43020,362
11674,251,41000,301
11675,251,41000,307
11676,251,41000,310
11677,251,45000,300
11678,251,40004,305
11679,251,43501,302
11680,251,43400,313
11681,251,46864,757
11682,251,46681,756
11683,251,49426,190
11684,251,46534,758
11685,251,46641,755
11686,251,46673,753
11687,251,46562,763
11688,251,46624,750
11689,251,46572,760
11690,251,46722,759
11691,251,46711,762
11692,251,46651,754
11693,251,46691,761
11694,251,46606,601
11695,251,46704,606
11696,251,46504,604
11697,251,46503,605
11698,251,46605,607
11699,251,46602,602
11700,251,46702,603
11701,251,30301,111
11702,251,38001,117
11703,251,32001,112
11704,251,34003,107
11705,251,34104,100
11706,251,40103,308
11707,251,43400,314
11708,251,43501,306
11709,252,30001,128
11710,252,30301,104
11711,252,38101,109
11712,252,38100,112
11713,252,32200,110
11714,252,32001,103
11715,252,32100,116
11716,252,34200,100
11717,252,34103,113
11718,252,34002,120
11719,252,34200,111
11720,252,43010,362
11721,252,41000,307
11722,252,41000,314
11723,252,41000,301
11724,252,45000,313
11725,252,40103,305
11726,252,40102,310
11727,252,43501,302
11728,252,46822,757
11729,252,46742,756
11730,252,49435,190
11731,252,46641,763
11732,252,46633,760
11733,252,46661,754
11734,252,46681,755
11735,252,46592,759
11736,252,45512,762
11737,252,46724,753
11738,252,46572,750
11739,252,46622,758
11740,252,46692,761
11741,252,45520,567
11742,252,45520,568
11743,252,45520,566
11744,252,45520,561
11745,252,45520,569
11746,252,45520,560
11747,252,45520,563
11748,252,45520,562
11749,252,46802,606
11750,252,46502,603
11751,252,46703,601
11752,252,46503,605
11753,252,46605,607
11754,252,46702,602
11755,252,46603,604
11756,252,30301,107
11757,252,30001,101
11758,252,32001,108
11759,252,32100,106
11760,252,37900,306
11761,252,45000,308
11762,252,40006,300
11763,252,21500,117
11764,253,38001,122
11765,253,30001,110
11766,253,30300,101
11767,253,38101,113
11768,253,32200,116
11769,253,32000,112
11770,253,32102,104
11771,253,34200,109
11772,253,34101,107
11773,253,34002,117
11774,253,34002,103
11775,253,43020,351
11776,253,41000,302
11777,253,41000,305
11778,253,41000,314
11779,253,45000,300
11780,253,40007,307
11781,253,43401,306
11782,253,40103,310
11783,253,46911,757
11784,253,46672,756
11785,253,49427,190
11786,253,46584,753
11787,253,46661,759
11788,253,46522,755
11789,253,46642,762
11790,253,46693,750
11791,253,46552,763
11792,253,46773,754
11793,253,46627,761
11794,253,46722,758
11795,253,45513,760
11796,253,46801,606
11797,253,46603,601
11798,253,46505,607
11799,253,46504,603
11800,253,46602,605
11801,253,46704,602
11802,253,46703,604
11803,253,30001,106
11804,253,30001,114
11805,253,32200,120
11806,253,32000,111
11807,253,34200,108
11808,253,37900,312
11809,253,45000,308
11810,253,40009,313
11811,254,38100,128
11812,254,30300,106
11813,254,30001,112
11814,254,38101,109
11815,254,32101,104
11816,254,32102,117
11817,254,32201,101
11818,254,34101,103
11819,254,34100,113
11820,254,34003,111
11821,254,34100,107
11822,254,43411,352
11823,254,41000,308
11824,254,41000,313
11825,254,41000,301
11826,254,45000,314
11827,254,40103,307
11828,254,40102,306
11829,254,43001,305
11830,254,46874,757
11831,254,46532,756
11832,254,49428,190
11833,254,46632,758
11834,254,46542,761
11835,254,46522,762
11836,254,46683,753
11837,254,45514,763
11838,254,46514,759
11839,254,46694,755
11840,254,46551,754
11841,254,46723,760
11842,254,46627,750
11843,254,46800,606
11844,254,46700,604
11845,254,46604,601
11846,254,46505,607
11847,254,46603,605
11848,254,46502,602
11849,254,46701,603
11850,254,30300,100
11851,254,38101,120
11852,254,32201,116
11853,254,34003,110
11854,254,34003,108
11855,254,45000,300
11856,254,40001,312
11857,254,40009,310
11858,255,38001,127
11859,255,30001,103
11860,255,30301,117
11861,255,38101,113
11862,255,32200,116
11863,255,32100,107
11864,255,32201,110
11865,255,34104,109
11866,255,34000,101
11867,255,34200,106
11868,255,34000,111
11869,255,44010,360
11870,255,41000,306
11871,255,41000,308
11872,255,41000,312
11873,255,45000,307
11874,255,40101,302
11875,255,43001,300
11876,255,40102,313
11877,255,46871,757
11878,255,46743,756
11879,255,49415,190
11880,255,46542,760
11881,255,46674,758
11882,255,46663,763
11883,255,46582,755
11884,255,46724,754
11885,255,46554,762
11886,255,46773,761
11887,255,46511,750
11888,255,46696,753
11889,255,46711,759
11890,255,45520,568
11891,255,45520,562
11892,255,45520,569
11893,255,45520,561
11894,255,45520,560
11895,255,45520,567
11896,255,45520,566
11897,255,45520,565
11898,255,46604,605
11899,255,46505,606
11900,255,46701,607
11901,255,46605,602
11902,255,46700,604
11903,255,46504,601
11904,255,46603,603
11905,255,30301,108
11906,255,30301,100
11907,255,38001,104
11908,255,32201,114
11909,255,32201,120
11910,255,45000,301
11911,255,40006,305
11912,255,43001,314
11913,256,38001,123
11914,256,30300,116
11915,256,30000,107
11916,256,38100,103
11917,256,32200,114
11918,256,32102,117
11919,256,32101,104
11920,256,34103,110
11921,256,34200,108
11922,256,34000,106
11923,256,34000,101
11924,256,44010,352
11925,256,41000,310
11926,256,41000,300
11927,256,41000,308
11928,256,45000,306
11929,256,40000,313
11930,256,43401,305
11931,256,43001,314
11932,256,46872,757
11933,256,46533,756
11934,256,49416,190
11935,256,46581,753
11936,256,46524,763
11937,256,46682,761
11938,256,46742,750
11939,256,46723,759
11940,256,46627,755
11941,256,46551,762
11942,256,46691,754
11943,256,46511,760
11944,256,46573,758
11945,256,46802,603
11946,256,46604,604
11947,256,46504,607
11948,256,46701,601
11949,256,46703,606
11950,256,46502,605
11951,256,46602,602
11952,256,30000,100
11953,256,30000,112
11954,256,38100,109
11955,256,32200,113
11956,256,34200,111
11957,256,37900,301
11958,256,43001,312
11959,256,40101,307
11960,257,38101,125
11961,257,30301,117
11962,257,30300,107
11963,257,38100,104
11964,257,32100,106
11965,257,32200,111
11966,257,32101,109
11967,257,34003,100
11968,257,34200,116
11969,257,34000,110
11970,257,34003,112
11971,257,43010,357
11972,257,41000,313
11973,257,41000,302
11974,257,41000,305
11975,257,45000,314
11976,257,40006,312
11977,257,43501,300
11978,257,43400,306
11979,257,46861,757
11980,257,46741,756
11981,257,49436,190
11982,257,46583,754
11983,257,46523,762
11984,257,46673,755
11985,257,46531,759
11986,257,46627,758
11987,257,46651,750
11988,257,46724,760
11989,257,46511,763
11990,257,46593,753
11991,257,46713,761
11992,257,45520,562
11993,257,45520,567
11994,257,45520,568
11995,257,45520,569
11996,257,45520,560
11997,257,45520,565
11998,257,45520,564
11999,257,45520,561
12000,257,46801,601
12001,257,46605,606
12002,257,46702,607
12003,257,46504,605
12004,257,46603,604
12005,257,46700,602
12006,257,46502,603
12007,257,30300,114
12008,257,30301,113
12009,257,32101,120
12010,257,34003,103
12011,257,34003,101
12012,257,43400,310
12013,257,40103,308
12014,257,43400,301
12015,258,30001,124
12016,258,30301,114
12017,258,38000,100
12018,258,38001,110
12019,258,32200,107
12020,258,32201,113
12021,258,32102,116
12022,258,34200,106
12023,258,34003,112
12024,258,34002,109
12025,258,34002,104
12026,258,43020,356
12027,258,41000,302
12028,258,41000,310
12029,258,41000,300
12030,258,45000,314
12031,258,40002,313
12032,258,43000,307
12033,258,43001,312
12034,258,46861,757
12035,258,46742,756
12036,258,49421,190
12037,258,46661,762
12038,258,46643,759
12039,258,46581,750
12040,258,46563,753
12041,258,46772,758
12042,258,46571,763
12043,258,46692,760
12044,258,46511,755
12045,258,46628,761
12046,258,46721,754
12047,258,46604,604
12048,258,46605,602
12049,258,46702,607
12050,258,46603,605
12051,258,46503,601
12052,258,46700,606
12053,258,46502,603
12054,258,30001,117
12055,258,32201,103
12056,258,34003,101
12057,258,34003,111
12058,258,34003,108
12059,258,40005,308
12060,258,43001,301
12061,258,40103,305
12062,259,20800,109
12063,259,38000,124
12064,259,30301,114
12065,259,30000,110
12066,259,38001,113
12067,259,32200,106
12068,259,32100,116
12069,259,32000,117
12070,259,34001,101
12071,259,34102,107
12072,259,34104,103
12073,259,34001,104
12074,259,43020,356
12075,259,41000,313
12076,259,41000,307
12077,259,41000,302
12078,259,45000,300
12079,259,40002,301
12080,259,43501,312
12081,259,43401,310
12082,259,46871,757
12083,259,46673,756
12084,259,49417,190
12085,259,46741,755
12086,259,45511,760
12087,259,46523,753
12088,259,46662,762
12089,259,46713,763
12090,259,46552,759
12091,259,46593,754
12092,259,46693,750
12093,259,46582,761
12094,259,46571,758
12095,259,46602,605
12096,259,46504,606
12097,259,46603,607
12098,259,46505,601
12099,259,46702,604
12100,259,46703,602
12101,259,46605,603
12102,259,49400,711
12103,259,30301,112
12104,259,30301,100
12105,259,32000,108
12106,259,32000,111
12107,259,37900,305
12108,259,40103,308
12109,259,43401,314
12110,260,30301,128
12111,260,30001,112
12112,260,38000,104
12113,260,38100,101
12114,260,32200,113
12115,260,32102,111
12116,260,32102,109
12117,260,34003,117
12118,260,34300,108
12119,260,34003,100
12120,260,43410,362
12121,260,41000,301
12122,260,41000,308
12123,260,41000,307
12124,260,40006,314
12125,260,43400,310
12126,260,43001,313
12127,260,46823,757
12128,260,46562,756
12129,260,49437,190
12130,260,46672,761
12131,260,46642,763
12132,260,46661,755
12133,260,46712,762
12134,260,46774,750
12135,260,46651,760
12136,260,45520,566
12137,260,45520,567
12138,260,45520,563
12139,260,45520,573
12140,260,45520,568
12141,260,45520,569
12142,260,45520,562
12143,260,45520,564
12144,260,46603,607
12145,260,46701,605
12146,260,46605,602
12147,260,46502,606
12148,260,30001,116
12149,260,38000,110
12150,260,43001,305
12151,260,40103,300
12152,261,30300,126
12153,261,30301,104
12154,261,38101,110
12155,261,38100,100
12156,261,32000,112
12157,261,32101,116
12158,261,32000,113
12159,261,34103,114
12160,261,34000,117
12161,261,34103,101
12162,261,43020,358
12163,261,41000,305
12164,261,41000,301
12165,261,41000,312
12166,261,40002,314
12167,261,40101,313
12168,261,43000,300
12169,261,46882,757
12170,261,46644,756
12171,261,49422,190
12172,261,46583,755
12173,261,46663,761
12174,261,46533,762
12175,261,46694,763
12176,261,46573,750
12177,261,46652,760
12178,261,46505,606
12179,261,46604,607
12180,261,46605,605
12181,261,46701,602
12182,261,34103,109
12183,261,34000,111
12184,261,37900,310
12185,261,40009,307
12186,262,38000,127
12187,262,30000,108
12188,262,30300,114
12189,262,38001,109
12190,262,32001,117
12191,262,32101,104
12192,262,32001,101
12193,262,34001,110
12194,262,34000,113
12195,262,34000,100
12196,262,43011,360
12197,262,41000,314
12198,262,41000,305
12199,262,41000,300
12200,262,40006,313
12201,262,40103,312
12202,262,43401,301
12203,262,46952,757
12204,262,46663,756
12205,262,49438,190
12206,262,46672,762
12207,262,46543,755
12208,262,46633,761
12209,262,46573,760
12210,262,46591,763
12211,262,45512,750
12212,262,45550,588
12213,262,45550,582
12214,262,45550,590
12215,262,45550,580
12216,262,45550,587
12217,262,45550,593
12218,262,45550,583
12219,262,45550,589
12220,262,46505,602
12221,262,46604,605
12222,262,46602,607
12223,262,46701,606
12224,262,32001,116
12225,262,34000,111
12226,262,45000,308
12227,262,43501,307
12228,263,38100,128
12229,263,30301,110
12230,263,30000,113
12231,263,38001,112
12232,263,32001,101
12233,263,32201,109
12234,263,32001,104
12235,263,34100,116
12236,263,34001,117
12237,263,34001,100
12238,263,43010,362
12239,263,41000,301
12240,263,41000,307
12241,263,41000,313
12242,263,40004,300
12243,263,40103,305
12244,263,43000,314
12245,263,46863,757
12246,263,46743,756
12247,263,49418,190
12248,263,46681,750
12249,263,46661,761
12250,263,46544,762
12251,263,45513,763
12252,263,46722,755
12253,263,46593,760
12254,263,46505,605
12255,263,46605,607
12256,263,46701,602
12257,263,46606,606
12258,263,49400,712
12259,263,30301,111
12260,263,38001,108
12261,263,37900,308
12262,263,45000,310
12263,264,30301,129
12264,264,30001,112
12265,264,38100,117
12266,264,38001,116
12267,264,32001,108
12268,264,32102,114
12269,264,32102,101
12270,264,34102,104
12271,264,34104,113
12272,264,34104,110
12273,264,45010,364
12274,264,41000,313
12275,264,41000,307
12276,264,41000,308
12277,264,40007,301
12278,264,43400,310
12279,264,43001,300
12280,264,46912,757
12281,264,46682,756
12282,264,49423,190
12283,264,46631,755
12284,264,46531,760
12285,264,46544,763
12286,264,45514,762
12287,264,46695,750
12288,264,46722,761
12289,264,46801,606
12290,264,46603,605
12291,264,46504,607
12292,264,46702,602
12293,264,49400,716
12294,264,34102,100
12295,264,34104,109
12296,264,40102,312
12297,264,43001,305
12298,265,38101,123
12299,265,30300,109
12300,265,30301,104
12301,265,38001,103
12302,265,32000,116
12303,265,32101,117
12304,265,34101,114
12305,265,34104,113
12306,265,34104,100
12307,265,44010,352
12308,265,41000,308
12309,265,41000,313
12310,265,41000,301
12311,265,40006,300
12312,265,40102,314
12313,265,43400,307
12314,265,46874,757
12315,265,46563,756
12316,265,49424,190
12317,265,46534,750
12318,265,46743,763
12319,265,46633,753
12320,265,46713,762
12321,265,45511,754
12322,265,46591,755
12323,265,46504,607
12324,265,46701,602
12325,265,46603,605
12326,265,46604,601
12327,265,30300,101
12328,265,38001,108
12329,265,45000,312
12330,265,40008,305
12331,266,30000,122
12332,266,30300,120
12333,266,38001,113
12334,266,38000,117
12335,266,32001,103
12336,266,32102,101
12337,266,34200,108
12338,266,34100,116
12339,266,34200,104
12340,266,43411,351
12341,266,41000,312
12342,266,41000,300
12343,266,41000,308
12344,266,40006,314
12345,266,43400,307
12346,266,43000,302
12347,266,46913,757
12348,266,46641,756
12349,266,49425,190
12350,266,46524,753
12351,266,46583,763
12352,266,46674,755
12353,266,46591,754
12354,266,46691,750
12355,266,46511,762
12356,266,45520,564
12357,266,45520,561
12358,266,45520,570
12359,266,45520,560
12360,266,45520,568
12361,266,45520,574
12362,266,45520,562
12363,266,45520,563
12364,266,46802,607
12365,266,46504,601
12366,266,46604,605
12367,266,46703,602
12368,266,38001,114
12369,266,32102,109
12370,266,37900,313
12371,266,40103,305
12372,267,21400,116
12373,267,30300,123
12374,267,30000,108
12375,267,38001,114
12376,267,38000,100
12377,267,32100,109
12378,267,32000,103
12379,267,34100,117
12380,267,34102,104
12381,267,34102,113
12382,267,41010,352
12383,267,41000,308
12384,267,41000,312
12385,267,41000,305
12386,267,40000,301
12387,267,40103,314
12388,267,43501,300
12389,267,46864,757
12390,267,46683,756
12391,267,49411,190
12392,267,46521,750
12393,267,46633,763
12394,267,46561,754
12395,267,46713,753
12396,267,46773,762
12397,267,46592,755
12398,267,46503,602
12399,267,46602,605
12400,267,46701,607
12401,267,46605,601
12402,267,30000,101
12403,267,40007,307
12404,267,43001,313
12405,268,38100,129
12406,268,30300,117
12407,268,30301,116
12408,268,38001,100
12409,268,32000,108
12410,268,32100,120
12411,268,34000,113
12412,268,34200,109
12413,268,34000,104
12414,268,41010,364
12415,268,41000,308
12416,268,41000,301
12417,268,41000,312
12418,268,40004,307
12419,268,40101,305
12420,268,43401,313
12421,268,46822,757
12422,268,46563,756
12423,268,49412,190
12424,268,46533,754
12425,268,46661,763
12426,268,46682,755
12427,268,46628,762
12428,268,46652,750
12429,268,45512,753
12430,268,46503,602
12431,268,46702,607
12432,268,46605,601
12433,268,46604,605
12434,268,30300,101
12435,268,38001,114
12436,268,34000,103
12437,268,37900,302
12438,268,45000,300
12439,269,30000,123
12440,269,30001,100
12441,269,38001,108
12442,269,38000,101
12443,269,32001,104
12444,269,32201,116
12445,269,34000,117
12446,269,34003,109
12447,269,34003,103
12448,269,43011,352
12449,269,41000,312
12450,269,41000,301
12451,269,41000,305
12452,269,40003,300
12453,269,40102,313
12454,269,43001,307
12455,269,46813,757
12456,269,46561,756
12457,269,49431,190
12458,269,46661,750
12459,269,46541,762
12460,269,46681,753
12461,269,46692,754
12462,269,46592,763
12463,269,46714,755
12464,269,46800,607
12465,269,46503,605
12466,269,46602,602
12467,269,46701,601
12468,269,49400,712
12469,269,38001,114
12470,269,32001,113
12471,269,37900,314
12472,269,40000,308
12473,270,38100,124
12474,270,30300,106
12475,270,30301,112
12476,270,38101,116
12477,270,32001,117
12478,270,32000,100
12479,270,32001,103
12480,270,34000,111
12481,270,34300,107
12482,270,34300,101
12483,270,43020,356
12484,270,41000,314
12485,270,41000,305
12486,270,41000,301
12487,270,40008,310
12488,270,40102,302
12489,270,46821,757
12490,270,46682,756
12491,270,49413,190
12492,270,46642,317
12493,270,46672,320
12494,270,46523,322
12495,270,46563,309
12496,270,46534,319
12497,270,46662,315
12498,270,46633,758
12499,270,46742,761
12500,270,46652,759
12501,270,46573,753
12502,270,46551,760
12503,270,46711,755
12504,270,46722,754
12505,270,46591,750
12506,270,46802,603
12507,270,46704,604
12508,270,46505,607
12509,270,46701,602
12510,270,46603,601
12511,270,46604,606
12512,270,41300,321
12513,270,43300,316
12514,270,43301,318
12515,270,38100,110
12516,270,32000,104
12517,270,37900,313
12518,270,45000,300
12519,271,38001,122
12520,271,30300,106
12521,271,30001,110
12522,271,38100,107
12523,271,32101,101
12524,271,32100,117
12525,271,32101,103
12526,271,34103,112
12527,271,34300,116
12528,271,34103,120
12529,271,44010,351
12530,271,41000,302
12531,271,41000,300
12532,271,41000,313
12533,271,40009,314
12534,271,40102,305
12535,271,46822,757
12536,271,46523,756
12537,271,49414,190
12538,271,46632,315
12539,271,46561,318
12540,271,46682,316
12541,271,46674,322
12542,271,46741,309
12543,271,46531,319
12544,271,46544,750
12545,271,46662,759
12546,271,45513,760
12547,271,46712,758
12548,271,46573,755
12549,271,46652,753
12550,271,46553,754
12551,271,46592,761
12552,271,46802,603
12553,271,46704,601
12554,271,46505,604
12555,271,46603,607
12556,271,46602,606
12557,271,46703,602
12558,271,41300,321
12559,271,43300,320
12560,271,43301,317
12561,271,30300,104
12562,271,34103,111
12563,271,45000,310
12564,271,40004,306
12565,272,38101,127
12566,272,30301,116
12567,272,30000,101
12568,272,38100,107
12569,272,32201,104
12570,272,32102,106
12571,272,32201,117
12572,272,34200,120
12573,272,34300,110
12574,272,34300,100
12575,272,43020,360
12576,272,41000,301
12577,272,41000,314
12578,272,41000,306
12579,272,40003,305
12580,272,40101,302
12581,272,46861,757
12582,272,46534,756
12583,272,49426,190
12584,272,46662,322
12585,272,46683,319
12586,272,46672,317
12587,272,46642,318
12588,272,46631,315
12589,272,46754,309
12590,272,46571,760
12591,272,46741,754
12592,272,46582,750
12593,272,46593,761
12594,272,45514,753
12595,272,46773,758
12596,272,46723,755
12597,272,46628,759
12598,272,45550,588
12599,272,45550,592
12600,272,45550,583
12601,272,45550,591
12602,272,45550,587
12603,272,45550,585
12604,272,45550,584
12605,272,45550,582
12606,272,46504,602
12607,272,46502,601
12608,272,46701,606
12609,272,46605,604
12610,272,46704,607
12611,272,46606,603
12612,272,41300,321
12613,272,43301,320
12614,272,43300,316
12615,272,32201,103
12616,272,34200,111
12617,272,45000,313
12618,272,40004,300
12619,273,20900,111
12620,273,38001,124
12621,273,30001,100
12622,273,30300,103
12623,273,38101,117
12624,273,32000,116
12625,273,32100,106
12626,273,32100,112
12627,273,34103,101
12628,273,34000,107
12629,273,34103,110
12630,273,43011,356
12631,273,41000,310
12632,273,41000,313
12633,273,41000,302
12634,273,40003,314
12635,273,40103,301
12636,273,46871,757
12637,273,46562,756
12638,273,49415,190
12639,273,46641,320
12640,273,46681,315
12641,273,46663,316
12642,273,46741,319
12643,273,46752,322
12644,273,46761,317
12645,273,46534,753
12646,273,46671,759
12647,273,46711,760
12648,273,46628,755
12649,273,46516,758
12650,273,46653,750
12651,273,46693,761
12652,273,46592,754
12653,273,46604,606
12654,273,46603,607
12655,273,46503,604
12656,273,46504,601
12657,273,46702,602
12658,273,46704,603
12659,273,41300,321
12660,273,43301,309
12661,273,43300,318
12662,273,49400,710
12663,273,38001,104
12664,273,45000,300
12665,273,40009,305
12666,274,38100,123
12667,274,30300,104
12668,274,30301,101
12669,274,38000,116
12670,274,32200,110
12671,274,32102,103
12672,274,32102,107
12673,274,34104,100
12674,274,34200,112
12675,274,34200,106
12676,274,43020,352
12677,274,41000,310
12678,274,41000,306
12679,274,41000,300
12680,274,40005,313
12681,274,43401,305
12682,274,46883,757
12683,274,46681,756
12684,274,49427,190
12685,274,46562,317
12686,274,46534,322
12687,274,46763,320
12688,274,46673,318
12689,274,46633,309
12690,274,46524,319
12691,274,46741,760
12692,274,46663,753
12693,274,46652,761
12694,274,46713,758
12695,274,46514,750
12696,274,46723,754
12697,274,46694,755
12698,274,46551,759
12699,274,46701,601
12700,274,46604,604
12701,274,46702,602
12702,274,46504,607
12703,274,46606,606
12704,274,46502,603
12705,274,41300,321
12706,274,43300,316
12707,274,43301,315
12708,274,32102,117
12709,274,34200,111
12710,274,40101,314
12711,274,43501,301
12712,275,30000,128
12713,275,30001,106
12714,275,38101,112
12715,275,38100,109
12716,275,32100,103
12717,275,32102,111
12718,275,32001,108
12719,275,34000,107
12720,275,34200,117
12721,275,34002,116
12722,275,41010,362
12723,275,41000,308
12724,275,41000,307
12725,275,41000,306
12726,275,40002,302
12727,275,43501,313
12728,275,46631,761
12729,275,46543,763
12730,275,46662,754
12731,275,46591,760
12732,275,46572,758
12733,275,46514,762
12734,275,46653,753
12735,275,46773,759
12736,275,45520,576
12737,275,45520,567
12738,275,45520,565
12739,275,45520,569
12740,275,45520,568
12741,275,45520,561
12742,275,45520,577
12743,275,45520,570
12744,275,46704,606
12745,275,46602,604
12746,275,46701,607
12747,275,46505,601
12748,275,46503,605
12749,275,46605,603
12750,275,38100,120
12751,275,32100,113
12752,275,32102,110
12753,275,43001,310
12754,275,40102,314
12755,276,30300,123
12756,276,30301,113
12757,276,38001,116
12758,276,38100,106
12759,276,32201,103
12760,276,32100,111
12761,276,32000,108
12762,276,34000,110
12763,276,34001,112
12764,276,34103,107
12765,276,44010,352
12766,276,41000,306
12767,276,41000,312
12768,276,41000,310
12769,276,40001,314
12770,276,43000,307
12771,276,46631,754
12772,276,46682,759
12773,276,46544,763
12774,276,46511,753
12775,276,46552,762
12776,276,46628,760
12777,276,46714,758
12778,276,46723,761
12779,276,46606,606
12780,276,46503,605
12781,276,46605,601
12782,276,46700,604
12783,276,46701,607
12784,276,46504,603
12785,276,49400,717
12786,276,30300,117
12787,276,38001,109
12788,276,34001,114
12789,276,40103,308
12790,276,43000,313
12791,277,38101,126
12792,277,30001,103
12793,277,30301,109
12794,277,38001,117
12795,277,32201,110
12796,277,32102,106
12797,277,32101,116
12798,277,34003,107
12799,277,34200,112
12800,277,34102,114
12801,277,41010,358
12802,277,41000,312
12803,277,41000,307
12804,277,41000,302
12805,277,40000,310
12806,277,40101,313
12807,277,46661,753
12808,277,46562,760
12809,277,46743,762
12810,277,46572,761
12811,277,46713,754
12812,277,45511,763
12813,277,46653,759
12814,277,46696,758
12815,277,46605,607
12816,277,46604,604
12817,277,46704,605
12818,277,46505,606
12819,277,46700,601
12820,277,46503,603
12821,277,30301,111
12822,277,32102,120
12823,277,32201,113
12824,277,37900,306
12825,277,45000,314
12826,278,21400,116
12827,278,30301,128
12828,278,30000,106
12829,278,38100,110
12830,278,38101,113
12831,278,32200,111
12832,278,32100,107
12833,278,32000,103
12834,278,34200,117
12835,278,34000,108
12836,278,34102,120
12837,278,43410,362
12838,278,41000,313
12839,278,41000,302
12840,278,41000,307
12841,278,40001,308
12842,278,40103,310
12843,278,46683,759
12844,278,46541,763
12845,278,46663,754
12846,278,46628,758
12847,278,46724,761
12848,278,45512,753
12849,278,46774,762
12850,278,46572,760
12851,278,46801,607
12852,278,46502,605
12853,278,46604,603
12854,278,46701,601
12855,278,46700,606
12856,278,46606,604
12857,278,30000,109
12858,278,38101,112
12859,278,45000,306
12860,278,40003,314
12861,279,38001,127
12862,279,30301,114
12863,279,30300,108
12864,279,38101,113
12865,279,32102,106
12866,279,32000,120
12867,279,32201,116
12868,279,34300,117
12869,279,34104,109
12870,279,34000,103
12871,279,43410,360
12872,279,41000,314
12873,279,41000,306
12874,279,41000,307
12875,279,40008,302
12876,279,43001,312
12877,279,46741,763
12878,279,46522,754
12879,279,46683,760
12880,279,46774,761
12881,279,46714,762
12882,279,46511,758
12883,279,46651,753
12884,279,45513,759
12885,279,46800,603
12886,279,46605,606
12887,279,46602,607
12888,279,46701,601
12889,279,46704,604
12890,279,46502,605
12891,279,34000,107
12892,279,34000,111
12893,279,34300,110
12894,279,37900,308
12895,279,40103,313
12896,280,30301,126
12897,280,30000,111
12898,280,38001,103
12899,280,38100,112
12900,280,32001,116
12901,280,32200,106
12902,280,32201,120
12903,280,34003,101
12904,280,34103,114
12905,280,34001,107
12906,280,34003,104
12907,280,43410,358
12908,280,41000,313
12909,280,41000,310
12910,280,41000,305
12911,280,45000,312
12912,280,40102,306
12913,280,43001,302
12914,280,40103,307
12915,280,46814,757
12916,280,46531,756
12917,280,49416,190
12918,280,46642,755
12919,280,46681,763
12920,280,46671,760
12921,280,46541,758
12922,280,46653,761
12923,280,46516,750
12924,280,46593,754
12925,280,46771,762
12926,280,46553,759
12927,280,46691,753
12928,280,46603,607
12929,280,46604,606
12930,280,46605,604
12931,280,46703,605
12932,280,46704,601
12933,280,46503,602
12934,280,46505,603
12935,280,30301,109
12936,280,30301,113
12937,280,38100,100
12938,280,34003,117
12939,280,34001,110
12940,280,37900,300
12941,280,45000,301
12942,280,40009,314
12943,281,30000,124
12944,281,30001,103
12945,281,38001,107
12946,281,38100,111
12947,281,32200,112
12948,281,32201,108
12949,281,32100,110
12950,281,34300,104
12951,281,34100,114
12952,281,34104,101
12953,281,34104,106
12954,281,43411,356
12955,281,41000,313
12956,281,41000,300
12957,281,41000,308
12958,281,45000,314
12959,281,40103,310
12960,281,40101,302
12961,281,43401,307
12962,281,46861,757
12963,281,46632,756
12964,281,49428,190
12965,281,46543,750
12966,281,46562,754
12967,281,46644,759
12968,281,46524,762
12969,281,46571,755
12970,281,46771,761
12971,281,46692,763
12972,281,46591,753
12973,281,46723,758
12974,281,46712,760
12975,281,46605,603
12976,281,46505,601
12977,281,46606,605
12978,281,46604,607
12979,281,46703,604
12980,281,46503,602
12981,281,46704,606
12982,281,30001,109
12983,281,30000,117
12984,281,38100,100
12985,281,34104,113
12986,281,34100,116
12987,281,45000,305
12988,281,40002,312
12989,281,40005,301
12990,282,38000,128
12991,282,30300,107
12992,282,30001,101
12993,282,38100,108
12994,282,32200,106
12995,282,32000,110
12996,282,32001,112
12997,282,34003,109
12998,282,34102,111
12999,282,34100,113
13000,282,34100,120
13001,282,43020,362
13002,282,41000,302
13003,282,41000,300
13004,282,41000,308
13005,282,45000,313
13006,282,40004,306
13007,282,43401,305
13008,282,40103,310
13009,282,46872,757
13010,282,46661,756
13011,282,49417,190
13012,282,46682,763
13013,282,46672,759
13014,282,46642,750
13015,282,46632,753
13016,282,46693,755
13017,282,46721,761
13018,282,46623,758
13019,282,46571,762
13020,282,46512,754
13021,282,46592,760
13022,282,46602,602
13023,282,46704,605
13024,282,46702,604
13025,282,46603,601
13026,282,46504,606
13027,282,46502,607
13028,282,46605,603
13029,282,30001,103
13030,282,38100,100
13031,282,32000,116
13032,282,32001,104
13033,282,32000,117
13034,282,45000,301
13035,282,40003,307
13036,282,43501,314
13037,283,38001,127
13038,283,30301,106
13039,283,30000,109
13040,283,38100,108
13041,283,32102,113
13042,283,32201,111
13043,283,32101,107
13044,283,34104,103
13045,283,34001,116
13046,283,34000,101
13047,283,34000,110
13048,283,43010,360
13049,283,41000,302
13050,283,41000,300
13051,283,41000,312
13052,283,45000,306
13053,283,40008,314
13054,283,43501,305
13055,283,40101,313
13056,283,46823,757
13057,283,46524,756
13058,283,49421,190
13059,283,46531,750
13060,283,46633,760
13061,283,46644,754
13062,283,46663,759
13063,283,46694,762
13064,283,46714,761
13065,283,46771,755
13066,283,46592,753
13067,283,45514,758
13068,283,46627,763
13069,283,46503,602
13070,283,46606,604
13071,283,46703,601
13072,283,46603,606
13073,283,46602,607
13074,283,46702,605
13075,283,46504,603
13076,283,30301,100
13077,283,30000,117
13078,283,38001,114
13079,283,34000,104
13080,283,34000,120
13081,283,37900,307
13082,283,45000,301
13083,283,43501,308
13084,284,38001,121
13085,284,30300,114
13086,284,30000,113
13087,284,38100,106
13088,284,32100,109
13089,284,32101,107
13090,284,32200,104
13091,284,34104,111
13092,284,34103,120
13093,284,34102,100
13094,284,34102,108
13095,284,45010,350
13096,284,41000,310
13097,284,41000,314
13098,284,41000,307
13099,284,45000,306
13100,284,40101,302
13101,284,43000,301
13102,284,40103,312
13103,284,46914,757
13104,284,46662,756
13105,284,49422,190
13106,284,46542,762
13107,284,46643,755
13108,284,46631,760
13109,284,46523,759
13110,284,46628,750
13111,284,46514,763
13112,284,46551,754
13113,284,46695,761
13114,284,45511,758
13115,284,46772,753
13116,284,46802,603
13117,284,46704,606
13118,284,46605,602
13119,284,46606,604
13120,284,46703,607
13121,284,46504,601
13122,284,46502,605
13123,284,30300,112
13124,284,38100,116
13125,284,34103,110
13126,284,34102,103
13127,284,34102,117
13128,284,45000,308
13129,284,40000,313
13130,284,40004,305
13131,285,30301,126
13132,285,30001,113
13133,285,38001,110
13134,285,38100,112
13135,285,32001,117
13136,285,32200,120
13137,285,32000,100
13138,285,34103,116
13139,285,34001,104
13140,285,34101,106
13141,285,34103,101
13142,285,43020,358
13143,285,41000,314
13144,285,41000,300
13145,285,41000,302
13146,285,45000,301
13147,285,40003,305
13148,285,43001,310
13149,285,40102,312
13150,285,46914,757
13151,285,46682,756
13152,285,49418,190
13153,285,46532,750
13154,285,46643,762
13155,285,46662,753
13156,285,46563,761
13157,285,46691,759
13158,285,46723,763
13159,285,46516,754
13160,285,46773,760
13161,285,46572,755
13162,285,46627,758
13163,285,45530,528
13164,285,45530,527
13165,285,45530,525
13166,285,45530,522
13167,285,45530,530
13168,285,45530,520
13169,285,45530,529
13170,285,45530,523
13171,285,46603,603
13172,285,46605,607
13173,285,46604,605
13174,285,46701,601
13175,285,46503,602
13176,285,46700,604
13177,285,46505,606
13178,285,30001,111
13179,285,32001,109
13180,285,32000,107
13181,285,34101,103
13182,285,34001,114
13183,285,40001,306
13184,285,40101,313
13185,285,43000,307
13186,286,38001,128
13187,286,30301,103
13188,286,30300,117
13189,286,38000,110
13190,286,32001,116
13191,286,32200,107
13192,286,32201,100
13193,286,34103,108
13194,286,34100,101
13195,286,34000,111
13196,286,34000,106
13197,286,43410,362
13198,286,41000,313
13199,286,41000,307
13200,286,41000,310
13201,286,45000,308
13202,286,40006,300
13203,286,43501,306
13204,286,40103,301
13205,286,46953,757
13206,286,46521,756
13207,286,49423,190
13208,286,46662,760
13209,286,46673,759
13210,286,46643,750
13211,286,46534,754
13212,286,46551,753
13213,286,45512,762
13214,286,46772,761
13215,286,46653,758
13216,286,46622,755
13217,286,46593,763
13218,286,46605,605
13219,286,46504,603
13220,286,46704,601
13221,286,46606,607
13222,286,46700,606
13223,286,46502,602
13224,286,46603,604
13225,286,49400,711
13226,286,30300,113
13227,286,30301,104
13228,286,38000,112
13229,286,32200,120
13230,286,34103,109
13231,286,37900,314
13232,286,43501,305
13233,286,43501,302
13234,287,30301,126
13235,287,30000,117
13236,287,38101,107
13237,287,38000,113
13238,287,32200,111
13239,287,32001,100
13240,287,32100,106
13241,287,34200,120
13242,287,34104,104
13243,287,34102,110
13244,287,34200,116
13245,287,41010,358
13246,287,41000,314
13247,287,41000,300
13248,287,41000,310
13249,287,45000,313
13250,287,40007,307
13251,287,43400,312
13252,287,40101,301
13253,287,46912,757
13254,287,46532,756
13255,287,49424,190
13256,287,46743,761
13257,287,46661,758
13258,287,46643,753
13259,287,46631,762
13260,287,46628,763
13261,287,46554,755
13262,287,46724,759
13263,287,46573,760
13264,287,45513,754
13265,287,46771,750
13266,287,46780,547
13267,287,46780,544
13268,287,46780,541
13269,287,46780,548
13270,287,46780,543
13271,287,46780,550
13272,287,46780,549
13273,287,46780,542
13274,287,46701,601
13275,287,46703,607
13276,287,46606,606
13277,287,46502,604
13278,287,46603,605
13279,287,46602,602
13280,287,46503,603
13281,287,49400,712
13282,287,32200,109
13283,287,32200,103
13284,287,32200,112
13285,287,34200,101
13286,287,34102,114
13287,287,43400,305
13288,287,43001,306
13289,287,43001,302
13290,288,30001,123
13291,288,30000,103
13292,288,38001,114
13293,288,38000,101
13294,288,32200,109
13295,288,32102,100
13296,288,32000,108
13297,288,34001,110
13298,288,34002,113
13299,288,34300,106
13300,288,34300,116
13301,288,41010,352
13302,288,41000,308
13303,288,41000,300
13304,288,41000,310
13305,288,45000,301
13306,288,40101,307
13307,288,40102,314
13308,288,43401,306
13309,288,46811,757
13310,288,46633,756
13311,288,49425,190
13312,288,46543,755
13313,288,46561,753
13314,288,46581,758
13315,288,46662,763
13316,288,46713,760
13317,288,46692,762
13318,288,46573,759
13319,288,46724,754
13320,288,46625,750
13321,288,46591,761
13322,288,46780,547
13323,288,46780,540
13324,288,46780,549
13325,288,46780,546
13326,288,46780,541
13327,288,46780,548
13328,288,46780,544
13329,288,46780,550
13330,288,46604,601
13331,288,46702,606
13332,288,46502,605
13333,288,46606,607
13334,288,46602,604
13335,288,46701,602
13336,288,46505,603
13337,288,49400,715
13338,288,30000,111
13339,288,30001,104
13340,288,34300,112
13341,288,34300,107
13342,288,34300,117
13343,288,45000,312
13344,288,40006,313
13345,288,40004,305
13346,289,30301,121
13347,289,30000,117
13348,289,38101,112
13349,289,38001,110
13350,289,32200,104
13351,289,32001,116
13352,289,32101,106
13353,289,34001,107
13354,289,34000,100
13355,289,34003,114
13356,289,34000,113
13357,289,44010,350
13358,289,41000,313
13359,289,41000,301
13360,289,41000,306
13361,289,45000,310
13362,289,40003,314
13363,289,43501,302
13364,289,40101,307
13365,289,46812,757
13366,289,46663,756
13367,289,49426,190
13368,289,46544,755
13369,289,46741,761
13370,289,46681,762
13371,289,46582,758
13372,289,46511,754
13373,289,46772,750
13374,289,46714,760
13375,289,46724,763
13376,289,46693,759
13377,289,46623,753
13378,289,46800,601
13379,289,46701,604
13380,289,46602,606
13381,289,46502,607
13382,289,46606,602
13383,289,46703,605
13384,289,46504,603
13385,289,49400,718
13386,289,38001,120
13387,289,34001,103
13388,289,34003,108
13389,289,34001,109
13390,289,34000,111
13391,289,37900,312
13392,289,40007,305
13393,289,43501,308
13394,290,38001,125
13395,290,30301,100
13396,290,30001,111
13397,290,38100,106
13398,290,32001,114
13399,290,32201,103
13400,290,32101,101
13401,290,34200,113
13402,290,34101,116
13403,290,34103,112
13404,290,34101,107
13405,290,43410,357
13406,290,41000,308
13407,290,41000,310
13408,290,41000,312
13409,290,45000,305
13410,290,40009,314
13411,290,43001,302
13412,290,40102,313
13413,290,46824,757
13414,290,46562,756
13415,290,49411,190
13416,290,46641,759
13417,290,46583,750
13418,290,46682,753
13419,290,46543,760
13420,290,46721,754
13421,290,45514,755
13422,290,46572,763
13423,290,46592,761
13424,290,46772,762
13425,290,46554,758
13426,290,46505,606
13427,290,46701,605
13428,290,46604,601
13429,290,46703,602
13430,290,46603,607
13431,290,46502,604
13432,290,46602,603
13433,290,30301,120
13434,290,32101,117
13435,290,32101,104
13436,290,32201,110
13437,290,34103,109
13438,290,37900,306
13439,290,43001,300
13440,290,43400,301
13441,291,30000,121
13442,291,30300,111
13443,291,38101,104
13444,291,38000,109
13445,291,32201,112
13446,291,32100,113
13447,291,32000,120
13448,291,34003,114
13449,291,34300,117
13450,291,34104,107
13451,291,34300,103
13452,291,43011,350
13453,291,41000,305
13454,291,41000,301
13455,291,41000,308
13456,291,45000,307
13457,291,40005,302
13458,291,40101,313
13459,291,43001,310
13460,291,46913,757
13461,291,46681,756
13462,291,49432,190
13463,291,46674,753
13464,291,46532,759
13465,291,46742,755
13466,291,46563,763
13467,291,46516,762
13468,291,46713,750
13469,291,46721,760
13470,291,46774,758
13471,291,46572,754
13472,291,46694,761
13473,291,46800,603
13474,291,46605,607
13475,291,46503,602
13476,291,46702,604
13477,291,46602,605
13478,291,46700,606
13479,291,46505,601
13480,291,30300,100
13481,291,34300,108
13482,291,34300,116
13483,291,34300,106
13484,291,34003,110
13485,291,37900,314
13486,291,45000,306
13487,291,43401,312
13488,292,30300,127
13489,292,30000,114
13490,292,38101,108
13491,292,38001,110
13492,292,32100,101
13493,292,32200,109
13494,292,32001,106
13495,292,34100,104
13496,292,34104,117
13497,292,34101,107
13498,292,34100,113
13499,292,45010,360
13500,292,41000,305
13501,292,41000,306
13502,292,41000,313
13503,292,45000,301
13504,292,40003,312
13505,292,43401,300
13506,292,40102,307
13507,292,46954,757
13508,292,46682,756
13509,292,49412,190
13510,292,46661,754
13511,292,46672,750
13512,292,46632,759
13513,292,46581,762
13514,292,46628,758
13515,292,46651,763
13516,292,46551,755
13517,292,46515,760
13518,292,46714,753
13519,292,46593,761
13520,292,45520,567
13521,292,45520,565
13522,292,45520,568
13523,292,45520,570
13524,292,45520,563
13525,292,45520,562
13526,292,45520,569
13527,292,45520,561
13528,292,46802,601
13529,292,46505,607
13530,292,46503,604
13531,292,46702,602
13532,292,46606,606
13533,292,46703,605
13534,292,46603,603
13535,292,49400,711
13536,292,30300,103
13537,292,30000,100
13538,292,38001,120
13539,292,32200,111
13540,292,32001,116
13541,292,40005,302
13542,292,43000,308
13543,292,43000,314
13544,293,30300,123
13545,293,30001,112
13546,293,38000,107
13547,293,38100,117
13548,293,32000,104
13549,293,32102,101
13550,293,32100,110
13551,293,34102,113
13552,293,34000,116
13553,293,34101,106
13554,293,34101,108
13555,293,43011,352
13556,293,41000,313
13557,293,41000,308
13558,293,41000,310
13559,293,45000,307
13560,293,40103,305
13561,293,40102,301
13562,293,43001,306
13563,293,46873,757
13564,293,46522,756
13565,293,49427,190
13566,293,46683,755
13567,293,46583,758
13568,293,46643,760
13569,293,46663,753
13570,293,45511,754
13571,293,46651,759
13572,293,46711,762
13573,293,46773,750
13574,293,46573,761
13575,293,46696,763
13576,293,45520,568
13577,293,45520,563
13578,293,45520,566
13579,293,45520,565
13580,293,45520,569
13581,293,45520,567
13582,293,45520,560
13583,293,45520,570
13584,293,46604,601
13585,293,46704,605
13586,293,46603,603
13587,293,46502,607
13588,293,46605,606
13589,293,46703,604
13590,293,46505,602
13591,293,30300,100
13592,293,32100,114
13593,293,32102,103
13594,293,34101,111
13595,293,34101,109
13596,293,45000,300
13597,293,40009,312
13598,293,43400,314
13599,294,30300,129
13600,294,30000,120
13601,294,38001,116
13602,294,38100,104
13603,294,32001,117
13604,294,32101,101
13605,294,32000,113
13606,294,34001,100
13607,294,34104,106
13608,294,34300,109
13609,294,34001,112
13610,294,41010,364
13611,294,41000,302
13612,294,41000,312
13613,294,41000,307
13614,294,45000,305
13615,294,40102,301
13616,294,43401,313
13617,294,43000,300
13618,294,46863,757
13619,294,46674,756
13620,294,49413,190
13621,294,46562,753
13622,294,46531,758
13623,294,46742,763
13624,294,46522,750
13625,294,46773,761
13626,294,46691,762
13627,294,46627,755
13628,294,46652,754
13629,294,45512,760
13630,294,46712,759
13631,294,46704,607
13632,294,46700,604
13633,294,46604,606
13634,294,46503,601
13635,294,46504,605
13636,294,46606,602
13637,294,46602,603
13638,294,32000,114
13639,294,34104,107
13640,294,34001,108
13641,294,34300,103
13642,294,34001,110
13643,294,37900,310
13644,294,40000,306
13645,294,40103,308
13646,295,30000,122
13647,295,30301,116
13648,295,38001,106
13649,295,38000,114
13650,295,32102,111
13651,295,32100,103
13652,295,32000,104
13653,295,34002,110
13654,295,34300,107
13655,295,34003,101
13656,295,34002,112
13657,295,44010,351
13658,295,41000,305
13659,295,41000,308
13660,295,41000,302
13661,295,45000,314
13662,295,40009,312
13663,295,43400,306
13664,295,43000,307
13665,295,46821,757
13666,295,46631,756
13667,295,49428,190
13668,295,46561,763
13669,295,46531,754
13670,295,46671,755
13671,295,46683,761
13672,295,46711,758
13673,295,46692,753
13674,295,46625,762
13675,295,46774,760
13676,295,46552,750
13677,295,46593,759
13678,295,45550,580
13679,295,45550,588
13680,295,45550,589
13681,295,45550,581
13682,295,45550,582
13683,295,45550,587
13684,295,45550,586
13685,295,45550,583
13686,295,46603,605
13687,295,46704,602
13688,295,46505,601
13689,295,46605,606
13690,295,46700,604
13691,295,46604,607
13692,295,46504,603
13693,295,38001,120
13694,295,34300,113
13695,295,34300,108
13696,295,34002,109
13697,295,34002,117
13698,295,45000,310
13699,295,40102,313
13700,295,43000,300
13701,296,30000,127
13702,296,30301,111
13703,296,38101,103
13704,296,38001,101
13705,296,32200,113
13706,296,32201,100
13707,296,32001,106
13708,296,34103,104
13709,296,34102,109
13710,296,34100,107
13711,296,34100,117
13712,296,44010,360
13713,296,41000,312
13714,296,41000,306
13715,296,41000,305
13716,296,45000,301
13717,296,40008,313
13718,296,40103,314
13719,296,43001,307
13720,296,46811,757
13721,296,46563,756
13722,296,49414,190
13723,296,46683,759
13724,296,46523,750
13725,296,46672,760
13726,296,46631,753
13727,296,46551,762
13728,296,46651,758
13729,296,46711,761
13730,296,46693,755
13731,296,46516,763
13732,296,46591,754
13733,296,45530,528
13734,296,45530,520
13735,296,45530,522
13736,296,45530,521
13737,296,45530,527
13738,296,45530,529
13739,296,45530,526
13740,296,45530,524
13741,296,46502,603
13742,296,46701,601
13743,296,46505,607
13744,296,46602,605
13745,296,46702,606
13746,296,46606,602
13747,296,46605,604
13748,296,49400,712
13749,296,30301,120
13750,296,30000,108
13751,296,38101,116
13752,296,32200,114
13753,296,32001,110
13754,296,37900,302
13755,296,45000,308
13756,296,43001,300
13757,297,30300,122
13758,297,30000,120
13759,297,38001,103
13760,297,38100,110
13761,297,32102,106
13762,297,32001,114
13763,297,32201,108
13764,297,34003,116
13765,297,34300,104
13766,297,34100,112
13767,297,34003,107
13768,297,43011,351
13769,297,41000,313
13770,297,41000,310
13771,297,41000,302
13772,297,45000,300
13773,297,40003,307
13774,297,43400,306
13775,297,40101,312
13776,297,46874,757
13777,297,46523,756
13778,297,49415,190
13779,297,46671,758
13780,297,46584,763
13781,297,46532,760
13782,297,46644,755
13783,297,45513,753
13784,297,46652,762
13785,297,46571,761
13786,297,46694,750
13787,297,46591,759
13788,297,46722,754
13789,297,46605,603
13790,297,46702,605
13791,297,46701,601
13792,297,46603,607
13793,297,46502,602
13794,297,46505,606
13795,297,46606,604
13796,297,49400,710
13797,297,32201,117
13798,297,34100,101
13799,297,34003,113
13800,297,34100,111
13801,297,34100,109
13802,297,45000,305
13803,297,40103,314
13804,297,40006,308
13805,298,38101,124
13806,298,30001,107
13807,298,30000,114
13808,298,38000,117
13809,298,32000,116
13810,298,32001,112
13811,298,32101,104
13812,298,34101,109
13813,298,34001,101
13814,298,34103,113
13815,298,34103,103
13816,298,43020,356
13817,298,41000,301
13818,298,41000,308
13819,298,41000,307
13820,298,45000,314
13821,298,40005,312
13822,298,40101,310
13823,298,43000,302
13824,298,46821,757
13825,298,46671,756
13826,298,49421,190
13827,298,46632,758
13828,298,46742,760
13829,298,46582,762
13830,298,46542,753
13831,298,46552,755
13832,298,46723,754
13833,298,46652,763
13834,298,46713,759
13835,298,46695,750
13836,298,45514,761
13837,298,45550,583
13838,298,45550,587
13839,298,45550,588
13840,298,45550,584
13841,298,45550,590
13842,298,45550,581
13843,298,45550,586
13844,298,45550,589
13845,298,46704,602
13846,298,46502,601
13847,298,46700,605
13848,298,46602,606
13849,298,46603,607
13850,298,46504,604
13851,298,46606,603
13852,298,30000,110
13853,298,30001,108
13854,298,32101,106
13855,298,32000,100
13856,298,32000,111
13857,298,37900,305
13858,298,43000,300
13859,298,43401,313
13860,299,30000,127
13861,299,30001,107
13862,299,38101,108
13863,299,38000,100
13864,299,32102,103
13865,299,32200,109
13866,299,32100,111
13867,299,34300,106
13868,299,34100,110
13869,299,34102,120
13870,299,34100,104
13871,299,43011,360
13872,299,41000,314
13873,299,41000,305
13874,299,41000,302
13875,299,45000,308
13876,299,40000,312
13877,299,43400,306
13878,299,43401,300
13879,299,46814,757
13880,299,46683,756
13881,299,49422,190
13882,299,46661,753
13883,299,46533,760
13884,299,46743,763
13885,299,46641,755
13886,299,46515,761
13887,299,46653,754
13888,299,46721,762
13889,299,46774,750
13890,299,46624,758
13891,299,46571,759
13892,299,46502,607
13893,299,46700,602
13894,299,46704,604
13895,299,46504,601
13896,299,46605,606
13897,299,46604,605
13898,299,46602,603
13899,299,30000,114
13900,299,38000,117
13901,299,32100,113
13902,299,32102,101
13903,299,32100,116
13904,299,43400,307
13905,299,40101,313
13906,299,43401,301
13907,300,30300,129
13908,300,30000,117
13909,300,38100,100
13910,300,38001,110
13911,300,32201,109
13912,300,32101,104
13913,300,32101,113
13914,300,34104,112
13915,300,34002,114
13916,300,34002,101
13917,300,43410,364
13918,300,41000,300
13919,300,41000,305
13920,300,41000,313
13921,300,40103,301
13922,300,43400,312
13923,300,40102,307
13924,300,46884,757
13925,300,46672,756
13926,300,49423,190
13927,300,46633,750
13928,300,46562,762
13929,300,46523,761
13930,300,46551,755
13931,300,46722,760
13932,300,46691,763
13933,300,45530,528
13934,300,45530,529
13935,300,45530,522
13936,300,45530,527
13937,300,45530,533
13938,300,45530,520
13939,300,45530,523
13940,300,45530,524
13941,300,46801,607
13942,300,46702,605
13943,300,46505,606
13944,300,46604,602
13945,300,49400,717
13946,300,30300,116
13947,300,38001,108
13948,300,45000,310
13949,300,40003,308
13950,301,30301,125
13951,301,30000,110
13952,301,38001,109
13953,301,38101,100
13954,301,32201,117
13955,301,32200,116
13956,301,32201,104
13957,301,34101,101
13958,301,34001,111
13959,301,34101,113
13960,301,43410,357
13961,301,41000,310
13962,301,41000,301
13963,301,41000,313
13964,301,40009,312
13965,301,43000,305
13966,301,40103,314
13967,301,46823,757
13968,301,46741,756
13969,301,49424,190
13970,301,46644,750
13971,301,46673,760
13972,301,46682,762
13973,301,46772,763
13974,301,46651,761
13975,301,46593,755
13976,301,46801,607
13977,301,46605,602
13978,301,46700,606
13979,301,46504,605
13980,301,38101,112
13981,301,34101,114
13982,301,40007,308
13983,301,43401,300
13984,302,38100,125
13985,302,30300,114
13986,302,30001,117
13987,302,38000,100
13988,302,32101,109
13989,302,32201,112
13990,302,32201,101
13991,302,34103,110
13992,302,34300,104
13993,302,34300,116
13994,302,43410,357
13995,302,41000,305
13996,302,41000,301
13997,302,41000,314
13998,302,40102,313
13999,302,40101,300
14000,302,43001,310
14001,302,46871,757
14002,302,46562,756
14003,302,49425,190
14004,302,46521,762
14005,302,46662,750
14006,302,46674,760
14007,302,45511,763
14008,302,46712,761
14009,302,46591,755
14010,302,45520,566
14011,302,45520,573
14012,302,45520,560
14013,302,45520,568
14014,302,45520,567
14015,302,45520,569
14016,302,45520,563
14017,302,45520,562
14018,302,46703,607
14019,302,46504,605
14020,302,46604,602
14021,302,46605,606
14022,302,34300,113
14023,302,34300,111
14024,302,40002,308
14025,302,43001,312
14026,303,38100,125
14027,303,30301,100
14028,303,30300,113
14029,303,38001,111
14030,303,32001,104
14031,303,32100,112
14032,303,32100,109
14033,303,34300,114
14034,303,34100,101
14035,303,34300,117
14036,303,43410,357
14037,303,41000,305
14038,303,41000,314
14039,303,41000,301
14040,303,40005,308
14041,303,43000,300
14042,303,40102,312
14043,303,46955,757
14044,303,46642,756
14045,303,49426,190
14046,303,46523,755
14047,303,46663,760
14048,303,46562,763
14049,303,46722,762
14050,303,46774,761
14051,303,46551,750
14052,303,46602,602
14053,303,46503,607
14054,303,46603,606
14055,303,46701,605
14056,303,34300,110
14057,303,34300,116
14058,303,45000,310
14059,303,43001,313
14060,304,30301,127
14061,304,30000,109
14062,304,38101,117
14063,304,38001,114
14064,304,32102,104
14065,304,32100,116
14066,304,32100,101
14067,304,34200,108
14068,304,34101,110
14069,304,34200,100
14070,304,45010,360
14071,304,41000,307
14072,304,41000,301
14073,304,41000,308
14074,304,40003,300
14075,304,40102,305
14076,304,43501,313
14077,304,46821,757
14078,304,46533,756
14079,304,49416,190
14080,304,46561,761
14081,304,46581,763
14082,304,46642,755
14083,304,45512,762
14084,304,46711,760
14085,304,46627,750
14086,304,46504,607
14087,304,46602,605
14088,304,46605,602
14089,304,46701,606
14090,304,30000,113
14091,304,34200,111
14092,304,43401,314
14093,304,43401,312
14094,305,30301,121
14095,305,30300,117
14096,305,38100,108
14097,305,38000,100
14098,305,32100,120
14099,305,32200,113
14100,305,34000,104
14101,305,34001,109
14102,305,34000,103
14103,305,45010,350
14104,305,41000,313
14105,305,41000,305
14106,305,41000,301
14107,305,40003,312
14108,305,43401,302
14109,305,40101,307
14110,305,46914,757
14111,305,46534,756
14112,305,49417,190
14113,305,46672,755
14114,305,46521,753
14115,305,46511,762
14116,305,45513,750
14117,305,46541,754
14118,305,46625,763
14119,305,46603,605
14120,305,46605,601
14121,305,46703,602
14122,305,46503,607
14123,305,49400,715
14124,305,30301,114
14125,305,34001,116
14126,305,37900,308
14127,305,40009,314
14128,306,30001,129
14129,306,30300,116
14130,306,38100,103
14131,306,38101,113
14132,306,32100,104
14133,306,32000,117
14134,306,34104,100
14135,306,34002,109
14136,306,34002,120
14137,306,43411,364
14138,306,41000,305
14139,306,41000,300
14140,306,41000,313
14141,306,40000,301
14142,306,43501,308
14143,306,40103,302
14144,306,46911,757
14145,306,46643,756
14146,306,49418,190
14147,306,46673,762
14148,306,46662,755
14149,306,46531,753
14150,306,46773,763
14151,306,46511,750
14152,306,46724,754
14153,306,45530,524
14154,306,45530,529
14155,306,45530,534
14156,306,45530,528
14157,306,45530,520
14158,306,45530,521
14159,306,45530,522
14160,306,45530,530
14161,306,46802,607
14162,306,46504,605
14163,306,46606,602
14164,306,46702,601
14165,306,49400,716
14166,306,30300,108
14167,306,32000,114
14168,306,34104,101
14169,306,45000,307
14170,306,40102,312
14171,307,30300,125
14172,307,30001,109
14173,307,38101,114
14174,307,38000,113
14175,307,32101,103
14176,307,32100,100
14177,307,34104,120
14178,307,34000,104
14179,307,34000,117
14180,307,43011,357
14181,307,41000,305
14182,307,41000,314
14183,307,41000,302
14184,307,40003,308
14185,307,43401,301
14186,307,43000,312
14187,307,46951,757
14188,307,46661,756
14189,307,49427,190
14190,307,46681,755
14191,307,46671,753
14192,307,46542,763
14193,307,46627,762
14194,307,46714,754
14195,307,46724,750
14196,307,46502,602
14197,307,46605,605
14198,307,46704,601
14199,307,46603,607
14200,307,30300,101
14201,307,34000,116
14202,307,40102,313
14203,307,43000,300
14204,308,38100,126
14205,308,30300,100
14206,308,30001,120
14207,308,38101,114
14208,308,32201,116
14209,308,32101,103
14210,308,34103,113
14211,308,34101,109
14212,308,34103,117
14213,308,43410,358
14214,308,41000,313
14215,308,41000,302
14216,308,41000,307
14217,308,40009,301
14218,308,43401,300
14219,308,40102,312
14220,308,46872,757
14221,308,46662,756
14222,308,49428,190
14223,308,46583,762
14224,308,46633,750
14225,308,46532,754
14226,308,45514,763
14227,308,46571,753
14228,308,46712,755
14229,308,46603,602
14230,308,46703,607
14231,308,46604,601
14232,308,46502,605
14233,308,38100,101
14234,308,32201,104
14235,308,45000,314
14236,308,43400,305
14237,309,38101,123
14238,309,30301,116
14239,309,30300,101
14240,309,38100,114
14241,309,32000,100
14242,309,32001,113
14243,309,34102,104
14244,309,34101,109
14245,309,34102,117
14246,309,41010,352
14247,309,41000,308
14248,309,41000,313
14249,309,41000,301
14250,309,40008,305
14251,309,40102,300
14252,309,43401,307
14253,309,46912,757
14254,309,46663,756
14255,309,49411,190
14256,309,46541,755
14257,309,46643,763
14258,309,46683,754
14259,309,46515,762
14260,309,46721,750
14261,309,46593,753
14262,309,46780,541
14263,309,46780,549
14264,309,46780,554
14265,309,46780,542
14266,309,46780,540
14267,309,46780,548
14268,309,46780,546
14269,309,46780,544
14270,309,46800,601
14271,309,46603,602
14272,309,46704,605
14273,309,46504,607
14274,309,49400,712
14275,309,30300,108
14276,309,32000,103
14277,309,37900,314
14278,309,43501,312
14279,310,38101,129
14280,310,30001,117
14281,310,30300,103
14282,310,38100,107
14283,310,32102,110
14284,310,32201,112
14285,310,32201,100
14286,310,34104,106
14287,310,34003,104
14288,310,34003,120
14289,310,43411,364
14290,310,41000,302
14291,310,41000,310
14292,310,41000,313
14293,310,40003,301
14294,310,40101,305
14295,310,46952,757
14296,310,46683,756
14297,310,49421,190
14298,310,46521,319
14299,310,46741,317
14300,310,46644,322
14301,310,46674,309
14302,310,46633,320
14303,310,46663,315
14304,310,46533,750
14305,310,46563,754
14306,310,46625,761
14307,310,46591,753
14308,310,46713,755
14309,310,46551,758
14310,310,46516,760
14311,310,45511,759
14312,310,46702,604
14313,310,46504,607
14314,310,46502,606
14315,310,46703,602
14316,310,46603,601
14317,310,46606,603
14318,310,41300,321
14319,310,43300,318
14320,310,43301,316
14321,310,30300,116
14322,310,38101,101
14323,310,40005,306
14324,310,43000,300
14325,310,49400,717
14326,311,38101,123
14327,311,30000,103
14328,311,30001,116
14329,311,38100,106
14330,311,32001,104
14331,311,32102,112
14332,311,32001,101
14333,311,34001,100
14334,311,34200,107
14335,311,34200,117
14336,311,41010,352
14337,311,41000,300
14338,311,41000,313
14339,311,41000,306
14340,311,40009,314
14341,311,40103,310
14342,311,46811,757
14343,311,46563,756
14344,311,49433,190
14345,311,46682,322
14346,311,46643,318
14347,311,46521,309
14348,311,46672,316
14349,311,46532,319
14350,311,46662,317
14351,311,46542,755
14352,311,46632,753
14353,311,46651,750
14354,311,46627,761
14355,311,46573,758
14356,311,46513,754
14357,311,46723,760
14358,311,46692,759
14359,311,46606,601
14360,311,46602,604
14361,311,46703,607
14362,311,46700,602
14363,311,46503,606
14364,311,46505,603
14365,311,41300,321
14366,311,43301,320
14367,311,43300,315
14368,311,38100,110
14369,311,34001,111
14370,311,45000,305
14371,311,40101,301
14372,312,30300,123
14373,312,30301,111
14374,312,38000,103
14375,312,38101,100
14376,312,32000,107
14377,312,32100,101
14378,312,32100,116
14379,312,34300,112
14380,312,34003,106
14381,312,34003,110
14382,312,44010,352
14383,312,41000,313
14384,312,41000,310
14385,312,41000,305
14386,312,40004,314
14387,312,43001,300
14388,312,46861,757
14389,312,46742,756
14390,312,49412,190
14391,312,46534,315
14392,312,46681,319
14393,312,46764,318
14394,312,46663,320
14395,312,46632,322
14396,312,46644,316
14397,312,46561,754
14398,312,46674,759
14399,312,46693,758
14400,312,45512,753
14401,312,46724,760
14402,312,46628,750
14403,312,46653,755
14404,312,46516,761
14405,312,45550,580
14406,312,45550,585
14407,312,45550,592
14408,312,45550,587
14409,312,45550,582
14410,312,45550,588
14411,312,45550,583
14412,312,45550,591
14413,312,46700,602
14414,312,46505,606
14415,312,46701,601
14416,312,46602,604
14417,312,46504,607
14418,312,46606,603
14419,312,41300,321
14420,312,43301,317
14421,312,43300,309
14422,312,30301,104
14423,312,34300,117
14424,312,40000,301
14425,312,40103,306
14426,313,38001,127
14427,313,30000,110
14428,313,30300,116
14429,313,38100,103
14430,313,32102,107
14431,313,32001,117
14432,313,32001,100
14433,313,34003,120
14434,313,34103,104
14435,313,34003,111
14436,313,44010,360
14437,313,41000,313
14438,313,41000,301
14439,313,41000,306
14440,313,40102,314
14441,313,40101,305
14442,313,46873,757
14443,313,46743,756
14444,313,49413,190
14445,313,46661,316
14446,313,46641,322
14447,313,46671,309
14448,313,46632,315
14449,313,46534,317
14450,313,46523,318
14451,313,46543,761
14452,313,46584,750
14453,313,46771,758
14454,313,46711,753
14455,313,45513,755
14456,313,46653,760
14457,313,46573,754
14458,313,46592,759
14459,313,46780,541
14460,313,46780,547
14461,313,46780,548
14462,313,46780,551
14463,313,46780,540
14464,313,46780,552
14465,313,46780,544
14466,313,46780,542
14467,313,46604,606
14468,313,46703,604
14469,313,46701,607
14470,313,46605,602
14471,313,46504,601
14472,313,46505,603
14473,313,41300,321
14474,313,43300,319
14475,313,43301,320
14476,313,30000,106
14477,313,32001,101
14478,313,40004,300
14479,313,43000,302
14480,314,30001,122
14481,314,30300,106
14482,314,38101,116
14483,314,38100,120
14484,314,32001,103
14485,314,32102,101
14486,314,32001,112
14487,314,34300,117
14488,314,34100,104
14489,314,34300,107
14490,314,43020,351
14491,314,41000,314
14492,314,41000,306
14493,314,41000,300
14494,314,40006,305
14495,314,43401,313
14496,314,46821,757
14497,314,46524,756
14498,314,49434,190
14499,314,46663,322
14500,314,46562,318
14501,314,46763,315
14502,314,46671,319
14503,314,46631,320
14504,314,46742,317
14505,314,46641,754
14506,314,46544,761
14507,314,46592,753
14508,314,46626,750
14509,314,46712,758
14510,314,46571,760
14511,314,45514,755
14512,314,46551,759
14513,314,46800,607
14514,314,46606,606
14515,314,46703,604
14516,314,46702,601
14517,314,46602,602
14518,314,46502,603
14519,314,41300,321
14520,314,43301,309
14521,314,43300,316
14522,314,30001,110
14523,314,32001,111
14524,314,37900,302
14525,314,40103,310
14526,315,30301,128
14527,315,30001,108
14528,315,38000,112
14529,315,38100,110
14530,315,32000,120
14531,315,32100,117
14532,315,32201,109
14533,315,34100,113
14534,315,34200,107
14535,315,34104,103
14536,315,43011,362
14537,315,41000,310
14538,315,41000,302
14539,315,41000,314
14540,315,40103,308
14541,315,40101,306
14542,315,46632,760
14543,315,46543,763
14544,315,46523,754
14545,315,46593,753
14546,315,46773,762
14547,315,46511,761
14548,315,46652,758
14549,315,46714,759
14550,315,46802,607
14551,315,46504,601
14552,315,46703,606
14553,315,46603,604
14554,315,46604,605
14555,315,46700,603
14556,315,30301,111
14557,315,38100,106
14558,315,32201,116
14559,315,40007,313
14560,315,43501,307
14561,316,30000,128
14562,316,30001,103
14563,316,38100,108
14564,316,38101,106
14565,316,32102,116
14566,316,32000,112
14567,316,32201,113
14568,316,34200,109
14569,316,34102,111
14570,316,34300,107
14571,316,45010,362
14572,316,41000,313
14573,316,41000,308
14574,316,41000,307
14575,316,40007,302
14576,316,40101,310
14577,316,46683,763
14578,316,46542,754
14579,316,46643,761
14580,316,46572,753
14581,316,46711,759
14582,316,46621,760
14583,316,45511,762
14584,316,46552,758
14585,316,45520,576
14586,316,45520,565
14587,316,45520,569
14588,316,45520,567
14589,316,45520,568
14590,316,45520,561
14591,316,45520,577
14592,316,45520,570
14593,316,46700,601
14594,316,46603,606
14595,316,46606,604
14596,316,46703,607
14597,316,46504,605
14598,316,46505,603
14599,316,30001,110
14600,316,38101,120
14601,316,34102,117
14602,316,45000,306
14603,316,40005,314
14604,317,38101,129
14605,317,30300,106
14606,317,30001,113
14607,317,38001,116
14608,317,32001,120
14609,317,32100,114
14610,317,32200,108
14611,317,34200,107
14612,317,34100,109
14613,317,34003,112
14614,317,43010,364
14615,317,41000,310
14616,317,41000,302
14617,317,41000,313
14618,317,40004,312
14619,317,40101,307
14620,317,46741,753
14621,317,46523,760
14622,317,46632,762
14623,317,45512,759
14624,317,46571,754
14625,317,46591,763
14626,317,46628,761
14627,317,46515,758
14628,317,46503,601
14629,317,46505,603
14630,317,46604,607
14631,317,46701,605
14632,317,46704,604
14633,317,46602,606
14634,317,49400,713
14635,317,30300,117
14636,317,38101,103
14637,317,34003,110
14638,317,37900,308
14639,317,45000,306
14640,318,30001,127
14641,318,30300,114
14642,318,38001,116
14643,318,38101,103
14644,318,32101,110
14645,318,32000,113
14646,318,32200,107
14647,318,34103,109
14648,318,34200,120
14649,318,34000,117
14650,318,43411,360
14651,318,41000,312
14652,318,41000,307
14653,318,41000,306
14654,318,40006,313
14655,318,40101,302
14656,318,46681,760
14657,318,46533,759
14658,318,46672,753
14659,318,46713,761
14660,318,46554,754
14661,318,46774,763
14662,318,46628,762
14663,318,46516,758
14664,318,46504,604
14665,318,46605,606
14666,318,46503,607
14667,318,46700,601
14668,318,46701,605
14669,318,46606,603
14670,318,38101,108
14671,318,32200,111
14672,318,34200,106
14673,318,37900,308
14674,318,40000,314
14675,319,38000,129
14676,319,30300,112
14677,319,30000,110
14678,319,38100,117
14679,319,32200,109
14680,319,32100,103
14681,319,32102,113
14682,319,34000,120
14683,319,34001,108
14684,319,34102,114
14685,319,45010,364
14686,319,41000,306
14687,319,41000,313
14688,319,41000,310
14689,319,40008,312
14690,319,40102,302
14691,319,46662,758
14692,319,46563,760
14693,319,46683,753
14694,319,46723,762
14695,319,46652,761
14696,319,46516,754
14697,319,46554,759
14698,319,46694,763
14699,319,45550,596
14700,319,45550,581
14701,319,45550,588
14702,319,45550,589
14703,319,45550,587
14704,319,45550,590
14705,319,45550,585
14706,319,45550,595
14707,319,46703,603
14708,319,46505,607
14709,319,46503,605
14710,319,46605,601
14711,319,46602,606
14712,319,46704,604
14713,319,30000,116
14714,319,32200,107
14715,319,32102,106
14716,319,37900,308
14717,319,43001,307
100000,1000,38101,2124
100001,1000,50020,2103
100002,1000,50030,2104
100003,1000,50020,2116
100004,1000,38000,2100
100005,1000,50113,2117
100006,1000,50116,2107
100007,1000,50100,2101
100008,1000,50100,2113
100009,1000,34101,2106
100010,1000,34100,2110
100011,1000,34200,2112
100012,1000,34101,2108
100013,1000,43011,2356
100014,1000,41000,2301
100015,1000,41000,2314
100016,1000,41000,2310
100017,1000,45000,2313
100018,1000,40009,2300
100019,1000,43000,2302
100020,1000,40103,2305
100021,1000,46822,2757
100022,1000,46562,2756
100023,1000,49414,2190
100024,1000,46683,2760
100025,1000,46642,2763
100026,1000,46631,2753
100027,1000,46532,2755
100028,1000,46591,2761
100029,1000,46573,2759
100030,1000,45513,2750
100031,1000,46696,2754
100032,1000,46653,2762
100033,1000,46724,2758
100034,1000,53050,2524
100035,1000,53050,2530
100036,1000,53050,2527
100037,1000,53050,2528
100038,1000,53050,2521
100039,1000,53050,2523
100040,1000,53050,2525
100041,1000,53050,2529
100042,1000,46703,2603
100043,1000,46502,2605
100044,1000,46503,2604
100045,1000,46702,2606
100046,1000,46602,2601
100047,1000,46603,2607
100048,1000,46605,2602
100049,1000,49400,2712
100050,1000,50030,2111
100051,1000,50030,2109
100052,1000,38000,2114
100053,1000,37900,2307
100054,1000,40000,2308
100055,1000,40101,2312
100056,1000,53050,2526
100057,1000,53050,2520
100058,1001,38001,2128
100059,1001,50001,2108
100060,1001,50050,2106
100061,1001,50050,2101
100062,1001,38101,2116
100063,1001,50114,2107
100064,1001,50100,2109
100065,1001,50102,2100
100066,1001,50114,2113
100067,1001,34001,2117
100068,1001,34200,2120
100069,1001,34002,2110
100070,1001,34200,2103
100071,1001,43020,2362
100072,1001,41000,2313
100073,1001,41000,2300
100074,1001,41000,2305
100075,1001,45000,2308
100076,1001,40007,2310
100077,1001,43401,2306
100078,1001,43400,2301
100079,1001,46861,2757
100080,1001,46683,2756
100081,1001,49415,2190
100082,1001,46663,2755
100083,1001,46632,2760
100084,1001,46561,2758
100085,1001,46521,2750
100086,1001,46724,2753
100087,1001,46593,2763
100088,1001,46571,2754
100089,1001,46691,2759
100090,1001,46712,2761
100091,1001,45514,2762
100092,1001,46504,2607
100093,1001,46602,2604
100094,1001,46702,2602
100095,1001,46502,2601
100096,1001,46605,2605
100097,1001,46701,2606
100098,1001,46604,2603
100099,1001,49400,2714
100100,1001,50001,2111
100101,1001,34001,2104
100102,1001,34200,2112
100103,1001,40101,2302
100104,1001,43400,2314
100105,1001,43401,2307
100106,1002,38100,2121
100107,1002,50050,2116
100108,1002,50030,2103
100109,1002,50030,2104
100110,1002,38101,2113
100111,1002,50100,2108
100112,1002,50114,2106
100113,1002,50112,2120
100114,1002,50114,2110
100115,1002,34300,2107
100116,1002,34101,2100
100117,1002,34000,2114
100118,1002,34000,2111
100119,1002,43011,2350
100120,1002,41000,2310
100121,1002,41000,2308
100122,1002,41000,2301
100123,1002,45000,2306
100124,1002,40001,2313
100125,1002,40103,2312
100126,1002,43400,2305
100127,1002,46812,2757
100128,1002,46742,2756
100129,1002,49435,2190
100130,1002,46632,2755
100131,1002,46521,2754
100132,1002,46673,2762
100133,1002,46543,2760
100134,1002,46513,2763
100135,1002,46573,2753
100136,1002,46721,2761
100137,1002,46692,2759
100138,1002,46711,2750
100139,1002,46653,2758
100140,1002,53050,2525
100141,1002,53050,2530
100142,1002,53050,2521
100143,1002,53050,2523
100144,1002,53050,2529
100145,1002,53050,2527
100146,1002,53050,2524
100147,1002,53050,2528
100148,1002,46604,2602
100149,1002,46503,2607
100150,1002,46504,2601
100151,1002,46605,2605
100152,1002,46602,2604
100153,1002,46702,2606
100154,1002,46700,2603
100155,1002,49400,2711
100156,1002,38101,2117
100157,1002,34000,2112
100158,1002,34300,2109
100159,1002,40009,2302
100160,1002,43501,2307
100161,1002,43501,2314
100162,1002,53050,2522
100163,1002,53050,2526
100164,1003,38001,2127
100165,1003,50050,2117
100166,1003,50011,2106
100167,1003,50011,2113
100168,1003,38101,2101
100169,1003,50103,2100
100170,1003,50102,2103
100171,1003,50116,2114
100172,1003,50103,2111
100173,1003,34101,2116
100174,1003,34103,2104
100175,1003,34100,2108
100176,1003,34101,2120
100177,1003,43020,2360
100178,1003,41000,2312
100179,1003,41000,2307
100180,1003,41000,2300
100181,1003,45000,2302
100182,1003,40000,2306
100183,1003,43000,2308
100184,1003,40101,2305
100185,1003,46823,2757
100186,1003,46671,2756
100187,1003,49416,2190
100188,1003,46663,2754
100189,1003,46644,2759
100190,1003,46523,2753
100191,1003,46682,2755
100192,1003,46628,2762
100193,1003,46592,2761
100194,1003,46652,2750
100195,1003,46573,2760
100196,1003,46693,2758
100197,1003,46724,2763
100198,1003,46604,2604
100199,1003,46606,2606
100200,1003,46700,2605
100201,1003,46603,2603
100202,1003,46504,2601
100203,1003,46701,2607
100204,1003,46503,2602
100205,1003,50011,2110
100206,1003,50011,2109
100207,1003,50116,2107
100208,1003,37900,2301
100209,1003,45000,2314
100210,1003,40003,2313
100211,1004,38101,2124
100212,1004,50020,2117
100213,1004,50040,2104
100214,1004,50020,2107
100215,1004,38000,2113
100216,1004,50103,2108
100217,1004,50102,2111
100218,1004,50104,2109
100219,1004,50102,2106
100220,1004,32200,2112
100221,1004,32101,2101
100222,1004,32000,2116
100223,1004,32200,2110
100224,1004,43011,2356
100225,1004,41000,2307
100226,1004,41000,2310
100227,1004,41000,2314
100228,1004,45000,2313
100229,1004,40102,2301
100230,1004,43401,2308
100231,1004,43400,2312
100232,1004,46881,2757
100233,1004,46534,2756
100234,1004,49436,2190
100235,1004,46681,2763
100236,1004,46631,2761
100237,1004,46524,2760
100238,1004,46661,2759
100239,1004,46721,2753
100240,1004,46511,2762
100241,1004,46653,2755
100242,1004,46712,2750
100243,1004,46572,2758
100244,1004,46694,2754
100245,1004,46800,2601
100246,1004,46502,2602
100247,1004,46604,2606
100248,1004,46503,2605
100249,1004,46702,2607
100250,1004,46605,2604
100251,1004,46701,2603
100252,1004,50020,2103
100253,1004,50020,2114
100254,1004,38101,2100
100255,1004,45000,2302
100256,1004,40006,2305
100257,1004,40103,2300
100258,1005,52420,1107
100259,1005,52570,1110
100260,1005,52460,1108
100261,1005,52520,1109
100262,1005,53590,1141
100263,1005,53570,1142
100264,1005,53630,1143
100265,1005,53510,1144
100266,1005,49102,1114
100267,1005,48502,1115
100268,1005,48602,1116
100269,1005,53610,1145
100270,1005,53490,1146
100271,1005,53530,1147
100272,1005,53550,1148
100273,1005,49172,1111
100274,1005,47802,1112
100275,1005,48802,1113
100276,1005,46695,1162
100277,1005,46627,1155
100278,1005,46773,1164
100279,1005,46652,1158
100280,1005,46592,1160
100281,1005,46573,1156
100282,1005,46711,1161
100283,1005,46672,1163
100284,1005,46681,1159
100285,1005,46581,1157
100286,1005,46633,1165
100287,1005,51000,1150
100288,1005,51000,1153
100289,1005,46524,1103
100290,1005,53680,1135
100291,1005,53820,1136
100292,1005,53830,1137
100293,1005,53700,1138
100294,1005,53860,1139
100295,1005,53870,1140
100296,1005,51101,1152
100297,1005,51050,1151
100298,1005,53990,1210
100299,1005,46561,1166
100300,1006,52400,1107
100301,1006,52570,1110
100302,1006,52460,1108
100303,1006,52520,1109
100304,1006,53580,1141
100305,1006,53540,1142
100306,1006,53620,1143
100307,1006,53500,1144
100308,1006,49302,1114
100309,1006,48502,1115
100310,1006,49242,1116
100311,1006,53600,1145
100312,1006,53640,1146
100313,1006,53520,1147
100314,1006,53560,1148
100315,1006,49102,1111
100316,1006,49282,1112
100317,1006,48302,1113
100318,1006,46652,1164
100319,1006,46553,1161
100320,1006,46721,1155
100321,1006,46515,1158
100322,1006,46713,1160
100323,1006,46572,1162
100324,1006,46691,1165
100325,1006,46644,1157
100326,1006,46672,1159
100327,1006,46632,1163
100328,1006,46663,1156
100329,1006,51000,1152
100330,1006,51000,1153
100331,1006,46741,1103
100332,1006,53680,1135
100333,1006,53820,1136
100334,1006,53830,1137
100335,1006,53710,1138
100336,1006,53880,1139
100337,1006,53890,1140
100338,1006,53050,1202
100339,1006,53050,1200
100340,1006,53050,1201
100341,1006,51108,1150
100342,1006,51050,1151
100343,1006,53990,1211
100344,1006,46581,1166
100345,1007,52400,1107
100346,1007,52570,1110
100347,1007,52460,1108
100348,1007,52520,1109
100349,1007,53580,1141
100350,1007,53540,1142
100351,1007,53620,1143
100352,1007,53500,1144
100353,1007,49272,1114
100354,1007,48802,1115
100355,1007,49262,1116
100356,1007,53610,1145
100357,1007,53490,1146
100358,1007,53530,1147
100359,1007,53560,1148
100360,1007,49282,1111
100361,1007,48602,1112
100362,1007,49212,1113
100363,1007,46723,1164
100364,1007,46653,1155
100365,1007,46542,1157
100366,1007,46581,1158
100367,1007,46516,1160
100368,1007,45511,1163
100369,1007,46773,1161
100370,1007,46633,1159
100371,1007,46682,1162
100372,1007,46661,1165
100373,1007,46692,1156
100374,1007,51000,1153
100375,1007,51000,1150
100376,1007,51100,1152
100377,1007,46673,1103
100378,1007,53670,1135
100379,1007,53800,1136
100380,1007,53810,1137
100381,1007,53720,1138
100382,1007,53900,1139
100383,1007,53910,1140
100384,1007,51050,1151
100385,1007,46742,1166
100386,1008,52420,1107
100387,1008,52570,1110
100388,1008,52450,1108
100389,1008,52520,1109
100390,1008,53590,1141
100391,1008,53570,1142
100392,1008,53630,1143
100393,1008,53510,1144
100394,1008,49282,1114
100395,1008,49182,1115
100396,1008,49252,1116
100397,1008,53600,1145
100398,1008,53640,1146
100399,1008,53520,1147
100400,1008,53550,1148
100401,1008,49272,1111
100402,1008,49902,1112
100403,1008,48802,1113
100404,1008,46593,1160
100405,1008,46714,1155
100406,1008,46773,1158
100407,1008,46693,1162
100408,1008,46653,1164
100409,1008,46573,1163
100410,1008,46551,1161
100411,1008,46542,1157
100412,1008,46524,1159
100413,1008,46643,1165
100414,1008,46672,1156
100415,1008,51000,1151
100416,1008,51000,1153
100417,1008,51101,1152
100418,1008,46742,1103
100419,1008,53680,1135
100420,1008,53820,1136
100421,1008,53830,1137
100422,1008,53700,1138
100423,1008,53860,1139
100424,1008,53870,1140
100425,1008,51150,1150
100426,1008,53990,1210
100427,1008,46663,1166
100428,1009,52420,1107
100429,1009,52550,1110
100430,1009,52460,1108
100431,1009,52520,1109
100432,1009,53590,1141
100433,1009,53570,1142
100434,1009,53630,1143
100435,1009,53510,1144
100436,1009,49172,1114
100437,1009,48402,1115
100438,1009,49182,1116
100439,1009,53610,1145
100440,1009,53490,1146
100441,1009,53530,1147
100442,1009,53560,1148
100443,1009,49272,1111
100444,1009,48802,1112
100445,1009,49212,1113
100446,1009,46592,1164
100447,1009,46573,1160
100448,1009,46694,1156
100449,1009,46653,1158
100450,1009,45512,1165
100451,1009,46551,1155
100452,1009,46723,1159
100453,1009,46584,1157
100454,1009,46521,1163
100455,1009,46541,1161
100456,1009,46673,1162
100457,1009,51000,1153
100458,1009,51000,1151
100459,1009,46563,1103
100460,1009,53670,1135
100461,1009,53800,1136
100462,1009,53810,1137
100463,1009,53720,1138
100464,1009,53900,1139
100465,1009,53910,1140
100466,1009,51109,1152
100467,1009,51050,1150
100468,1009,46681,1166
100469,1010,38101,2123
100470,1010,50020,2101
100471,1010,50060,2110
100472,1010,50060,2106
100473,1010,38001,2103
100474,1010,50112,2117
100475,1010,50114,2104
100476,1010,50113,2107
100477,1010,50113,2113
100478,1010,32001,2100
100479,1010,32201,2111
100480,1010,32101,2108
100481,1010,32001,2114
100482,1010,43011,2352
100483,1010,41000,2308
100484,1010,41000,2307
100485,1010,41000,2313
100486,1010,45000,2300
100487,1010,40006,2305
100488,1010,43001,2314
100489,1010,43000,2301
100490,1010,46874,2757
100491,1010,46531,2756
100492,1010,49417,2190
100493,1010,46584,2762
100494,1010,46544,2758
100495,1010,46741,2755
100496,1010,46674,2760
100497,1010,46722,2753
100498,1010,46696,2759
100499,1010,46774,2754
100500,1010,46713,2761
100501,1010,46653,2750
100502,1010,46621,2763
100503,1010,53050,2530
100504,1010,53050,2524
100505,1010,53050,2525
100506,1010,53050,2527
100507,1010,53050,2528
100508,1010,53050,2520
100509,1010,53050,2521
100510,1010,53050,2526
100511,1010,46703,2607
100512,1010,46700,2603
100513,1010,46604,2601
100514,1010,46603,2605
100515,1010,46504,2604
100516,1010,46605,2606
100517,1010,46503,2602
100518,1010,38101,2116
100519,1010,50112,2109
100520,1010,32001,2112
100521,1010,40007,2310
100522,1010,43000,2306
100523,1010,40102,2312
100524,1010,53050,2529
100525,1010,53050,2522
100526,1011,38001,2128
100527,1011,50020,2100
100528,1011,50001,2107
100529,1011,50001,2112
100530,1011,38000,2103
100531,1011,50112,2101
100532,1011,50100,2104
100533,1011,50103,2111
100534,1011,50112,2116
100535,1011,34100,2120
100536,1011,34103,2109
100537,1011,34001,2117
100538,1011,34100,2110
100539,1011,43410,2362
100540,1011,41000,2307
100541,1011,41000,2313
100542,1011,41000,2310
100543,1011,45000,2314
100544,1011,40003,2302
100545,1011,43000,2301
100546,1011,43001,2308
100547,1011,46883,2757
100548,1011,46743,2756
100549,1011,49418,2190
100550,1011,46663,2758
100551,1011,46524,2753
100552,1011,46562,2759
100553,1011,46643,2763
100554,1011,46691,2754
100555,1011,46511,2760
100556,1011,45513,2762
100557,1011,46724,2750
100558,1011,46711,2755
100559,1011,46572,2761
100560,1011,53000,2527
100561,1011,53000,2524
100562,1011,53000,2529
100563,1011,53000,2528
100564,1011,53000,2523
100565,1011,53000,2526
100566,1011,53000,2521
100567,1011,53000,2530
100568,1011,46605,2601
100569,1011,46703,2607
100570,1011,46505,2606
100571,1011,46701,2604
100572,1011,46604,2603
100573,1011,46504,2605
100574,1011,46602,2602
100575,1011,50020,2113
100576,1011,50001,2108
100577,1011,50112,2106
100578,1011,45000,2306
100579,1011,40103,2305
100580,1011,40102,2300
100581,1011,53000,2525
100582,1011,53000,2520
100583,1012,30001,2123
100584,1012,50001,2110
100585,1012,50011,2103
100586,1012,50011,2107
100587,1012,30301,2113
100588,1012,50114,2106
100589,1012,50100,2100
100590,1012,50112,2114
100591,1012,50114,2108
100592,1012,32100,2101
100593,1012,32102,2112
100594,1012,32200,2116
100595,1012,32200,2104
100596,1012,43020,2352
100597,1012,41000,2308
100598,1012,41000,2312
100599,1012,41000,2310
100600,1012,45000,2307
100601,1012,40101,2314
100602,1012,40103,2305
100603,1012,43000,2301
100604,1012,46813,2757
100605,1012,46563,2756
100606,1012,49411,2190
100607,1012,46642,2750
100608,1012,46683,2754
100609,1012,46631,2763
100610,1012,46533,2761
100611,1012,46712,2762
100612,1012,46593,2755
100613,1012,46652,2759
100614,1012,46774,2758
100615,1012,46513,2760
100616,1012,46692,2753
100617,1012,53000,2526
100618,1012,53000,2523
100619,1012,53000,2529
100620,1012,53000,2528
100621,1012,53000,2530
100622,1012,53000,2525
100623,1012,53000,2527
100624,1012,53000,2521
100625,1012,46606,2601
100626,1012,46605,2602
100627,1012,46502,2604
100628,1012,46604,2607
100629,1012,46703,2605
100630,1012,46504,2606
100631,1012,46701,2603
100632,1012,50001,2117
100633,1012,50112,2111
100634,1012,50112,2109
100635,1012,40004,2300
100636,1012,40007,2306
100637,1012,43001,2313
100638,1012,53000,2524
100639,1012,53000,2520
100640,1013,38101,2124
100641,1013,50050,2113
100642,1013,50001,2108
100643,1013,50001,2109
100644,1013,38001,2110
100645,1013,50103,2111
100646,1013,50114,2106
100647,1013,50100,2114
100648,1013,50103,2100
100649,1013,32001,2104
100650,1013,32102,2101
100651,1013,32000,2116
100652,1013,32102,2103
100653,1013,43011,2356
100654,1013,41000,2314
100655,1013,41000,2302
100656,1013,41000,2312
100657,1013,45000,2301
100658,1013,40008,2308
100659,1013,43000,2313
100660,1013,40101,2300
100661,1013,46862,2757
100662,1013,46672,2756
100663,1013,49422,2190
100664,1013,46641,2753
100665,1013,46742,2758
100666,1013,46682,2763
100667,1013,46561,2760
100668,1013,46693,2759
100669,1013,46722,2755
100670,1013,46714,2761
100671,1013,45514,2762
100672,1013,46651,2750
100673,1013,46516,2754
100674,1013,46504,2604
100675,1013,46502,2606
100676,1013,46605,2607
100677,1013,46602,2603
100678,1013,46703,2601
100679,1013,46606,2605
100680,1013,46701,2602
100681,1013,50050,2117
100682,1013,38001,2107
100683,1013,50114,2112
100684,1013,37900,2310
100685,1013,40102,2307
100686,1013,40005,2305
100687,1014,30000,2122
100688,1014,50060,2107
100689,1014,50020,2113
100690,1014,50020,2104
100691,1014,30300,2120
100692,1014,50104,2101
100693,1014,50113,2111
100694,1014,50100,2109
100695,1014,50113,2108
100696,1014,32100,2103
100697,1014,32101,2114
100698,1014,32200,2110
100699,1014,32100,2117
100700,1014,43011,2351
100701,1014,41000,2313
100702,1014,41000,2305
100703,1014,41000,2306
100704,1014,45000,2302
100705,1014,40103,2308
100706,1014,43400,2307
100707,1014,40101,2300
100708,1014,46913,2757
100709,1014,46741,2756
100710,1014,49423,2190
100711,1014,46641,2759
100712,1014,46681,2762
100713,1014,46524,2755
100714,1014,46633,2760
100715,1014,46721,2758
100716,1014,46516,2763
100717,1014,46551,2761
100718,1014,46572,2750
100719,1014,46711,2753
100720,1014,46591,2754
100721,1014,46800,2603
100722,1014,46503,2607
100723,1014,46602,2604
100724,1014,46702,2605
100725,1014,46606,2602
100726,1014,46505,2601
100727,1014,46700,2606
100728,1014,50060,2112
100729,1014,30000,2106
100730,1014,50113,2116
100731,1014,37900,2314
100732,1014,45000,2312
100733,1014,40001,2310
100734,1015,52420,1107
100735,1015,52570,1110
100736,1015,52460,1108
100737,1015,52520,1109
100738,1015,53580,1141
100739,1015,53540,1142
100740,1015,53620,1143
100741,1015,53500,1144
100742,1015,49272,1114
100743,1015,49232,1115
100744,1015,49182,1116
100745,1015,53600,1145
100746,1015,53640,1146
100747,1015,53520,1147
100748,1015,53560,1148
100749,1015,49902,1111
100750,1015,49172,1112
100751,1015,49212,1113
100752,1015,46652,1159
100753,1015,45511,1162
100754,1015,46583,1158
100755,1015,46722,1165
100756,1015,46515,1163
100757,1015,46551,1164
100758,1015,46571,1160
100759,1015,46543,1155
100760,1015,46563,1157
100761,1015,46521,1156
100762,1015,46644,1161
100763,1015,51000,1151
100764,1015,51000,1152
100765,1015,46531,1103
100766,1015,53680,1135
100767,1015,53820,1136
100768,1015,53830,1137
100769,1015,53700,1138
100770,1015,53860,1139
100771,1015,53870,1140
100772,1015,49400,1174
100773,1015,53000,1201
100774,1015,53000,1200
100775,1015,53000,1202
100776,1015,51104,1150
100777,1015,51050,1153
100778,1015,53990,1212
100779,1015,46681,1166
100780,1016,52400,1107
100781,1016,52570,1110
100782,1016,52450,1108
100783,1016,52520,1109
100784,1016,53590,1141
100785,1016,53570,1142
100786,1016,53630,1143
100787,1016,53510,1144
100788,1016,49302,1114
100789,1016,49262,1115
100790,1016,49232,1116
100791,1016,53600,1145
100792,1016,53640,1146
100793,1016,53520,1147
100794,1016,53550,1148
100795,1016,49102,1111
100796,1016,49172,1112
100797,1016,48502,1113
100798,1016,46724,1164
100799,1016,46551,1163
100800,1016,46711,1155
100801,1016,46571,1158
100802,1016,46694,1160
100803,1016,46651,1157
100804,1016,46627,1162
100805,1016,46673,1159
100806,1016,46681,1156
100807,1016,46562,1165
100808,1016,46582,1161
100809,1016,51000,1152
100810,1016,51000,1150
100811,1016,46532,1103
100812,1016,53680,1135
100813,1016,53820,1136
100814,1016,53830,1137
100815,1016,53710,1138
100816,1016,53880,1139
100817,1016,53890,1140
100818,1016,51107,1153
100819,1016,51150,1151
100820,1016,53990,1212
100821,1016,46743,1166
100822,1017,52400,1107
100823,1017,52570,1110
100824,1017,52450,1108
100825,1017,52520,1109
100826,1017,53590,1141
100827,1017,53570,1142
100828,1017,53630,1143
100829,1017,53510,1144
100830,1017,49902,1114
100831,1017,49272,1115
100832,1017,49242,1116
100833,1017,53610,1145
100834,1017,53490,1146
100835,1017,53530,1147
100836,1017,53550,1148
100837,1017,49302,1111
100838,1017,49172,1112
100839,1017,48302,1113
100840,1017,46772,1157
100841,1017,46714,1165
100842,1017,46553,1163
100843,1017,46511,1159
100844,1017,45512,1158
100845,1017,46695,1160
100846,1017,46653,1156
100847,1017,46671,1161
100848,1017,46662,1164
100849,1017,46681,1155
100850,1017,46524,1162
100851,1017,51000,1153
100852,1017,51000,1152
100853,1017,51102,1150
100854,1017,46743,1103
100855,1017,53670,1135
100856,1017,53800,1136
100857,1017,53810,1137
100858,1017,53720,1138
100859,1017,53900,1139
100860,1017,53910,1140
100861,1017,51150,1151
100862,1017,53990,1210
100863,1017,46562,1166
100864,1018,52420,1107
100865,1018,52550,1110
100866,1018,52460,1108
100867,1018,52520,1109
100868,1018,53580,1141
100869,1018,53540,1142
100870,1018,53620,1143
100871,1018,53500,1144
100872,1018,49302,1114
100873,1018,49202,1115
100874,1018,48802,1116
100875,1018,53600,1145
100876,1018,53640,1146
100877,1018,53520,1147
100878,1018,53550,1148
100879,1018,49902,1111
100880,1018,49282,1112
100881,1018,49212,1113
100882,1018,46691,1155
100883,1018,46774,1161
100884,1018,45513,1160
100885,1018,46542,1158
100886,1018,46721,1164
100887,1018,46712,1163
100888,1018,46571,1159
100889,1018,46531,1157
100890,1018,46522,1165
100891,1018,46673,1156
100892,1018,46644,1162
100893,1018,51000,1151
100894,1018,51000,1153
100895,1018,46663,1103
100896,1018,53670,1135
100897,1018,53800,1136
100898,1018,53810,1137
100899,1018,53700,1138
100900,1018,53860,1139
100901,1018,53870,1140
100902,1018,51107,1150
100903,1018,51050,1152
100904,1018,53990,1212
100905,1018,46582,1166
100906,1019,52400,1107
100907,1019,52570,1110
100908,1019,52460,1108
100909,1019,52520,1109
100910,1019,53580,1141
100911,1019,53540,1142
100912,1019,53620,1143
100913,1019,53500,1144
100914,1019,49282,1114
100915,1019,49202,1115
100916,1019,48802,1116
100917,1019,53610,1145
100918,1019,53490,1146
100919,1019,53530,1147
100920,1019,53560,1148
100921,1019,49102,1111
100922,1019,48502,1112
100923,1019,48402,1113
100924,1019,46771,1155
100925,1019,46591,1163
100926,1019,45514,1157
100927,1019,46551,1158
100928,1019,46572,1159
100929,1019,46514,1162
100930,1019,46692,1164
100931,1019,46681,1161
100932,1019,46561,1160
100933,1019,46742,1165
100934,1019,46632,1156
100935,1019,51000,1151
100936,1019,51000,1153
100937,1019,46523,1103
100938,1019,53670,1135
100939,1019,53800,1136
100940,1019,53810,1137
100941,1019,53710,1138
100942,1019,53880,1139
100943,1019,53890,1140
100944,1019,53050,1200
100945,1019,53050,1201
100946,1019,53050,1202
100947,1019,51106,1152
100948,1019,51150,1150
100949,1019,46582,1166
100950,1020,38001,2129
100951,1020,50060,2108
100952,1020,50050,2106
100953,1020,50050,2110
100954,1020,38100,2100
100955,1020,50102,2120
100956,1020,50100,2116
100957,1020,50114,2117
100958,1020,50114,2104
100959,1020,34102,2112
100960,1020,34104,2113
100961,1020,34002,2114
100962,1020,34104,2103
100963,1020,44010,2364
100964,1020,41000,2301
100965,1020,41000,2306
100966,1020,41000,2302
100967,1020,45000,2300
100968,1020,40101,2312
100969,1020,43001,2308
100970,1020,40103,2305
100971,1020,46883,2757
100972,1020,46681,2756
100973,1020,49437,2190
100974,1020,46533,2755
100975,1020,46644,2754
100976,1020,46662,2760
100977,1020,46741,2763
100978,1020,46693,2750
100979,1020,46771,2758
100980,1020,46651,2762
100981,1020,46713,2759
100982,1020,45511,2761
100983,1020,46627,2753
100984,1020,46802,2603
100985,1020,46701,2604
100986,1020,46603,2601
100987,1020,46703,2605
100988,1020,46505,2602
100989,1020,46502,2607
100990,1020,46602,2606
100991,1020,50050,2109
100992,1020,50060,2101
100993,1020,50114,2107
100994,1020,45000,2310
100995,1020,40005,2313
100996,1020,40000,2307
100997,1021,30000,2121
100998,1021,50050,2100
100999,1021,50060,2114
101000,1021,50060,2120
101001,1021,30300,2104
101002,1021,50116,2107
101003,1021,50114,2110
101004,1021,50104,2108
101005,1021,50114,2112
101006,1021,32201,2117
101007,1021,32001,2113
101008,1021,32000,2103
101009,1021,32001,2106
101010,1021,41010,2350
101011,1021,41000,2310
101012,1021,41000,2308
101013,1021,41000,2314
101014,1021,45000,2313
101015,1021,40000,2312
101016,1021,43400,2301
101017,1021,43000,2305
101018,1021,46863,2757
101019,1021,46523,2756
101020,1021,49438,2190
101021,1021,46742,2762
101022,1021,46581,2754
101023,1021,46562,2755
101024,1021,46643,2750
101025,1021,46694,2761
101026,1021,46773,2763
101027,1021,46714,2759
101028,1021,46628,2753
101029,1021,45512,2760
101030,1021,46593,2758
101031,1021,53050,2529
101032,1021,53050,2522
101033,1021,53050,2525
101034,1021,53050,2528
101035,1021,53050,2521
101036,1021,53050,2523
101037,1021,53050,2524
101038,1021,53050,2530
101039,1021,46606,2607
101040,1021,46605,2603
101041,1021,46503,2606
101042,1021,46505,2601
101043,1021,46704,2605
101044,1021,46703,2604
101045,1021,46602,2602
101046,1021,30000,2111
101047,1021,50116,2109
101048,1021,32001,2116
101049,1021,37900,2307
101050,1021,45000,2302
101051,1021,40103,2306
101052,1021,53050,2527
101053,1021,53050,2520
101054,1022,30300,2124
101055,1022,50060,2114
101056,1022,50020,2111
101057,1022,50020,2112
101058,1022,30000,2106
101059,1022,50113,2101
101060,1022,50112,2109
101061,1022,50104,2110
101062,1022,50113,2107
101063,1022,32001,2117
101064,1022,32000,2116
101065,1022,32102,2113
101066,1022,32000,2108
101067,1022,41010,2356
101068,1022,41000,2312
101069,1022,41000,2313
101070,1022,41000,2310
101071,1022,45000,2314
101072,1022,40002,2307
101073,1022,40102,2301
101074,1022,43501,2308
101075,1022,46871,2757
101076,1022,46683,2756
101077,1022,49412,2190
101078,1022,46673,2761
101079,1022,46531,2750
101080,1022,46661,2755
101081,1022,46742,2753
101082,1022,46772,2762
101083,1022,46571,2760
101084,1022,46552,2758
101085,1022,46722,2759
101086,1022,46714,2763
101087,1022,46592,2754
101088,1022,46502,2602
101089,1022,46606,2604
101090,1022,46602,2607
101091,1022,46605,2601
101092,1022,46505,2606
101093,1022,46702,2605
101094,1022,46704,2603
101095,1022,50060,2103
101096,1022,50020,2100
101097,1022,32000,2104
101098,1022,37900,2305
101099,1022,45000,2300
101100,1022,40103,2302
101101,1023,38100,2121
101102,1023,50020,2110
101103,1023,50040,2104
101104,1023,50040,2116
101105,1023,38001,2103
101106,1023,50104,2120
101107,1023,50103,2109
101108,1023,50113,2113
101109,1023,50103,2117
101110,1023,34000,2107
101111,1023,34102,2108
101112,1023,34001,2114
101113,1023,34000,2112
101114,1023,41010,2350
101115,1023,41000,2314
101116,1023,41000,2306
101117,1023,41000,2307
101118,1023,45000,2312
101119,1023,40101,2302
101120,1023,43400,2310
101121,1023,40103,2308
101122,1023,46824,2757
101123,1023,46673,2756
101124,1023,49424,2190
101125,1023,46563,2754
101126,1023,46681,2760
101127,1023,46662,2755
101128,1023,46544,2753
101129,1023,45513,2750
101130,1023,46696,2758
101131,1023,46711,2761
101132,1023,46593,2759
101133,1023,46652,2762
101134,1023,46774,2763
101135,1023,53050,2522
101136,1023,53050,2528
101137,1023,53050,2524
101138,1023,53050,2527
101139,1023,53050,2523
101140,1023,53050,2521
101141,1023,53050,2525
101142,1023,53050,2530
101143,1023,46502,2606
101144,1023,46606,2604
101145,1023,46604,2607
101146,1023,46704,2603
101147,1023,46701,2601
101148,1023,46504,2605
101149,1023,46603,2602
101150,1023,38100,2106
101151,1023,50104,2100
101152,1023,34001,2111
101153,1023,37900,2313
101154,1023,40009,2305
101155,1023,40000,2301
101156,1023,53050,2529
101157,1023,53050,2520
101158,1024,30001,2123
101159,1024,50011,2111
101160,1024,50001,2108
101161,1024,50011,2114
101162,1024,30301,2106
101163,1024,50102,2116
101164,1024,50103,2110
101165,1024,50114,2103
101166,1024,50102,2101
101167,1024,32200,2104
101168,1024,32000,2107
101169,1024,32100,2117
101170,1024,32000,2109
101171,1024,45010,2352
101172,1024,41000,2306
101173,1024,41000,2301
101174,1024,41000,2307
101175,1024,45000,2313
101176,1024,40000,2305
101177,1024,40101,2312
101178,1024,43401,2310
101179,1024,46814,2757
101180,1024,46633,2756
101181,1024,49425,2190
101182,1024,46663,2763
101183,1024,46534,2755
101184,1024,46682,2760
101185,1024,46544,2750
101186,1024,46516,2753
101187,1024,46773,2762
101188,1024,46627,2754
101189,1024,46712,2761
101190,1024,46691,2759
101191,1024,46591,2758
101192,1024,53000,2520
101193,1024,53000,2526
101194,1024,53000,2524
101195,1024,53000,2530
101196,1024,53000,2527
101197,1024,53000,2528
101198,1024,53000,2525
101199,1024,53000,2521
101200,1024,46503,2605
101201,1024,46702,2601
101202,1024,46603,2604
101203,1024,46606,2606
101204,1024,46701,2602
101205,1024,46502,2607
101206,1024,46604,2603
101207,1024,49400,2713
101208,1024,50011,2100
101209,1024,30301,2113
101210,1024,50103,2112
101211,1024,43401,2308
101212,1024,43401,2314
101213,1024,43401,2300
101214,1024,53000,2529
101215,1024,53000,2522
101216,1025,52400,1107
101217,1025,52550,1110
101218,1025,52460,1108
101219,1025,52520,1109
101220,1025,53590,1141
101221,1025,53570,1142
101222,1025,53630,1143
101223,1025,53510,1144
101224,1025,49272,1114
101225,1025,49212,1115
101226,1025,48802,1116
101227,1025,53610,1145
101228,1025,53490,1146
101229,1025,53530,1147
101230,1025,53550,1148
101231,1025,49292,1111
101232,1025,48302,1112
101233,1025,49182,1113
101234,1025,46516,1163
101235,1025,46652,1160
101236,1025,46711,1165
101237,1025,46628,1157
101238,1025,46722,1164
101239,1025,46572,1158
101240,1025,46692,1162
101241,1025,46644,1159
101242,1025,46533,1156
101243,1025,46543,1161
101244,1025,46562,1155
101245,1025,51000,1150
101246,1025,51000,1153
101247,1025,51103,1151
101248,1025,46631,1103
101249,1025,53680,1135
101250,1025,53820,1136
101251,1025,53830,1137
101252,1025,53720,1138
101253,1025,53900,1139
101254,1025,53910,1140
101255,1025,51150,1152
101256,1025,53990,1212
101257,1025,46582,1166
101258,1026,52420,1107
101259,1026,52570,1110
101260,1026,52460,1108
101261,1026,52500,1109
101262,1026,53590,1141
101263,1026,53570,1142
101264,1026,53630,1143
101265,1026,53510,1144
101266,1026,49102,1114
101267,1026,49232,1115
101268,1026,49252,1116
101269,1026,53600,1145
101270,1026,53640,1146
101271,1026,53520,1147
101272,1026,53550,1148
101273,1026,49282,1111
101274,1026,49202,1112
101275,1026,48602,1113
101276,1026,46516,1157
101277,1026,46572,1160
101278,1026,46543,1158
101279,1026,46773,1163
101280,1026,46723,1164
101281,1026,46592,1155
101282,1026,46651,1156
101283,1026,46553,1159
101284,1026,46632,1162
101285,1026,46673,1165
101286,1026,46662,1161
101287,1026,51000,1150
101288,1026,51000,1153
101289,1026,46741,1103
101290,1026,53680,1135
101291,1026,53820,1136
101292,1026,53830,1137
101293,1026,53700,1138
101294,1026,53860,1139
101295,1026,53870,1140
101296,1026,51107,1152
101297,1026,51150,1151
101298,1026,46682,1166
101299,1027,52420,1107
101300,1027,52570,1110
101301,1027,52450,1108
101302,1027,52500,1109
101303,1027,53580,1141
101304,1027,53540,1142
101305,1027,53620,1143
101306,1027,53500,1144
101307,1027,49102,1114
101308,1027,48502,1115
101309,1027,49262,1116
101310,1027,53610,1145
101311,1027,53490,1146
101312,1027,53530,1147
101313,1027,53560,1148
101314,1027,47902,1111
101315,1027,49252,1112
101316,1027,49202,1113
101317,1027,46592,1162
101318,1027,46652,1165
101319,1027,46513,1159
101320,1027,46573,1158
101321,1027,46626,1163
101322,1027,46551,1156
101323,1027,46693,1157
101324,1027,46581,1161
101325,1027,46661,1155
101326,1027,46742,1160
101327,1027,46562,1164
101328,1027,51000,1152
101329,1027,51000,1150
101330,1027,51104,1153
101331,1027,46533,1103
101332,1027,53670,1135
101333,1027,53800,1136
101334,1027,53810,1137
101335,1027,53720,1138
101336,1027,53900,1139
101337,1027,53910,1140
101338,1027,49400,1176
101339,1027,53000,1202
101340,1027,53000,1200
101341,1027,53000,1201
101342,1027,51050,1151
101343,1027,53990,1213
101344,1027,46682,1166
101345,1028,52400,1107
101346,1028,52570,1110
101347,1028,52450,1108
101348,1028,52500,1109
101349,1028,53590,1141
101350,1028,53570,1142
101351,1028,53630,1143
101352,1028,53510,1144
101353,1028,49292,1114
101354,1028,48602,1115
101355,1028,49212,1116
101356,1028,53610,1145
101357,1028,53490,1146
101358,1028,53530,1147
101359,1028,53560,1148
101360,1028,49282,1111
101361,1028,48102,1112
101362,1028,49252,1113
101363,1028,46511,1163
101364,1028,46651,1164
101365,1028,46723,1165
101366,1028,46592,1158
101367,1028,45514,1157
101368,1028,46573,1160
101369,1028,46553,1155
101370,1028,46633,1161
101371,1028,46674,1159
101372,1028,46641,1162
101373,1028,46661,1156
101374,1028,51000,1153
101375,1028,51000,1151
101376,1028,46521,1103
101377,1028,53680,1135
101378,1028,53820,1136
101379,1028,53830,1137
101380,1028,53710,1138
101381,1028,53880,1139
101382,1028,53890,1140
101383,1028,49400,1172
101384,1028,51106,1150
101385,1028,51150,1152
101386,1028,53990,1213
101387,1028,46581,1166
101388,1029,52420,1107
101389,1029,52550,1110
101390,1029,52450,1108
101391,1029,52500,1109
101392,1029,53580,1141
101393,1029,53540,1142
101394,1029,53620,1143
101395,1029,53500,1144
101396,1029,49302,1114
101397,1029,49242,1115
101398,1029,49202,1116
101399,1029,53600,1145
101400,1029,53640,1146
101401,1029,53520,1147
101402,1029,53560,1148
101403,1029,49902,1111
101404,1029,49172,1112
101405,1029,48402,1113
101406,1029,46551,1163
101407,1029,46694,1157
101408,1029,46627,1159
101409,1029,46581,1158
101410,1029,46651,1155
101411,1029,45511,1160
101412,1029,46542,1161
101413,1029,46644,1165
101414,1029,46662,1156
101415,1029,46521,1164
101416,1029,46511,1162
101417,1029,51000,1153
101418,1029,51000,1150
101419,1029,46534,1103
101420,1029,53670,1135
101421,1029,53800,1136
101422,1029,53810,1137
101423,1029,53710,1138
101424,1029,53880,1139
101425,1029,53890,1140
101426,1029,49400,1173
101427,1029,45520,1201
101428,1029,45520,1200
101429,1029,45520,1202
101430,1029,51050,1152
101431,1029,51105,1151
101432,1029,46741,1166
101433,1030,38101,2129
101434,1030,50050,2117
101435,1030,50030,2103
101436,1030,50030,2110
101437,1030,38100,2107
101438,1030,50112,2104
101439,1030,50104,2101
101440,1030,50102,2108
101441,1030,50112,2106
101442,1030,32101,2109
101443,1030,32000,2100
101444,1030,32001,2112
101445,1030,32001,2113
101446,1030,41010,2364
101447,1030,41000,2307
101448,1030,41000,2306
101449,1030,41000,2300
101450,1030,45000,2312
101451,1030,40001,2302
101452,1030,43400,2310
101453,1030,40101,2305
101454,1030,46872,2757
101455,1030,46532,2756
101456,1030,49426,2190
101457,1030,46582,2763
101458,1030,46541,2754
101459,1030,46521,2760
101460,1030,46743,2753
101461,1030,46551,2750
101462,1030,46627,2759
101463,1030,46713,2761
101464,1030,46591,2762
101465,1030,46511,2755
101466,1030,46573,2758
101467,1030,46606,2602
101468,1030,46502,2601
101469,1030,46602,2607
101470,1030,46604,2605
101471,1030,46701,2606
101472,1030,46503,2604
101473,1030,46700,2603
101474,1030,50030,2120
101475,1030,50112,2114
101476,1030,50112,2116
101477,1030,45000,2313
101478,1030,43400,2301
101479,1030,43501,2308
101480,1031,38001,2124
101481,1031,50020,2107
101482,1031,50011,2100
101483,1031,50020,2117
101484,1031,38100,2101
101485,1031,50100,2114
101486,1031,50112,2112
101487,1031,50103,2111
101488,1031,50112,2103
101489,1031,34002,2116
101490,1031,34103,2108
101491,1031,34104,2110
101492,1031,34002,2106
101493,1031,44010,2356
101494,1031,41000,2313
101495,1031,41000,2302
101496,1031,41000,2308
101497,1031,45000,2310
101498,1031,40004,2312
101499,1031,43401,2300
101500,1031,40103,2301
101501,1031,46821,2757
101502,1031,46742,2756
101503,1031,49413,2190
101504,1031,46644,2755
101505,1031,46532,2760
101506,1031,46663,2762
101507,1031,46681,2753
101508,1031,46711,2763
101509,1031,46593,2754
101510,1031,46627,2761
101511,1031,46723,2759
101512,1031,46773,2750
101513,1031,46571,2758
101514,1031,46801,2607
101515,1031,46605,2603
101516,1031,46704,2606
101517,1031,46502,2601
101518,1031,46602,2604
101519,1031,46503,2605
101520,1031,46701,2602
101521,1031,50103,2104
101522,1031,34104,2113
101523,1031,34002,2109
101524,1031,37900,2314
101525,1031,40101,2307
101526,1031,40000,2305
101527,1032,38101,2121
101528,1032,50040,2111
101529,1032,50060,2108
101530,1032,50040,2114
101531,1032,38001,2112
101532,1032,50103,2106
101533,1032,50112,2103
101534,1032,50113,2109
101535,1032,50112,2120
101536,1032,32101,2100
101537,1032,32000,2117
101538,1032,32100,2116
101539,1032,32000,2110
101540,1032,43411,2350
101541,1032,41000,2310
101542,1032,41000,2312
101543,1032,41000,2308
101544,1032,45000,2305
101545,1032,40103,2313
101546,1032,43401,2314
101547,1032,40102,2301
101548,1032,46912,2757
101549,1032,46631,2756
101550,1032,49431,2190
101551,1032,46661,2754
101552,1032,46541,2750
101553,1032,46682,2762
101554,1032,46673,2755
101555,1032,46591,2763
101556,1032,45512,2759
101557,1032,46573,2761
101558,1032,46695,2758
101559,1032,46722,2760
101560,1032,46621,2753
101561,1032,46800,2606
101562,1032,46702,2607
101563,1032,46700,2601
101564,1032,46606,2603
101565,1032,46505,2605
101566,1032,46504,2604
101567,1032,46605,2602
101568,1032,50040,2107
101569,1032,50040,2104
101570,1032,38001,2113
101571,1032,37900,2302
101572,1032,45000,2306
101573,1032,40002,2307
101574,1033,30300,2121
101575,1033,50060,2117
101576,1033,50011,2107
101577,1033,50011,2116
101578,1033,30001,2110
101579,1033,50102,2112
101580,1033,50112,2113
101581,1033,50104,2106
101582,1033,50104,2114
101583,1033,34002,2120
101584,1033,34101,2108
101585,1033,34103,2100
101586,1033,34101,2109
101587,1033,41010,2350
101588,1033,41000,2312
101589,1033,41000,2305
101590,1033,41000,2301
101591,1033,45000,2308
101592,1033,40003,2314
101593,1033,43000,2307
101594,1033,40101,2313
101595,1033,46822,2757
101596,1033,46681,2756
101597,1033,49414,2190
101598,1033,46674,2761
101599,1033,46542,2754
101600,1033,46531,2755
101601,1033,46632,2750
101602,1033,46551,2758
101603,1033,46627,2763
101604,1033,46572,2760
101605,1033,46652,2753
101606,1033,46772,2759
101607,1033,46691,2762
101608,1033,53050,2528
101609,1033,53050,2522
101610,1033,53050,2530
101611,1033,53050,2529
101612,1033,53050,2525
101613,1033,53050,2521
101614,1033,53050,2523
101615,1033,53050,2527
101616,1033,46703,2605
101617,1033,46602,2604
101618,1033,46604,2601
101619,1033,46505,2607
101620,1033,46603,2606
101621,1033,46700,2602
101622,1033,46504,2603
101623,1033,49400,2718
101624,1033,50060,2104
101625,1033,30300,2103
101626,1033,50104,2111
101627,1033,43501,2306
101628,1033,43501,2310
101629,1033,43501,2302
101630,1033,53050,2524
101631,1033,53050,2520
101632,1034,30301,2121
101633,1034,50001,2109
101634,1034,50020,2111
101635,1034,50020,2107
101636,1034,30300,2100
101637,1034,50102,2120
101638,1034,50103,2106
101639,1034,50113,2117
101640,1034,50102,2113
101641,1034,34002,2116
101642,1034,34102,2110
101643,1034,34100,2112
101644,1034,34100,2103
101645,1034,45010,2350
101646,1034,41000,2314
101647,1034,41000,2301
101648,1034,41000,2302
101649,1034,45000,2313
101650,1034,40004,2306
101651,1034,43400,2305
101652,1034,43501,2310
101653,1034,46911,2757
101654,1034,46674,2756
101655,1034,49432,2190
101656,1034,46681,2754
101657,1034,46743,2750
101658,1034,46521,2755
101659,1034,46532,2759
101660,1034,46591,2760
101661,1034,46628,2763
101662,1034,46551,2753
101663,1034,46692,2761
101664,1034,46514,2758
101665,1034,45513,2762
101666,1034,46503,2604
101667,1034,46603,2602
101668,1034,46505,2605
101669,1034,46700,2607
101670,1034,46606,2601
101671,1034,46605,2606
101672,1034,46704,2603
101673,1034,50001,2104
101674,1034,50001,2108
101675,1034,34002,2114
101676,1034,40101,2308
101677,1034,40003,2307
101678,1034,40102,2312
101679,1035,52420,1107
101680,1035,52550,1110
101681,1035,52460,1108
101682,1035,52520,1109
101683,1035,53590,1141
101684,1035,53570,1142
101685,1035,53630,1143
101686,1035,53510,1144
101687,1035,49302,1114
101688,1035,49292,1115
101689,1035,49202,1116
101690,1035,53610,1145
101691,1035,53490,1146
101692,1035,53530,1147
101693,1035,53560,1148
101694,1035,49282,1111
101695,1035,49212,1112
101696,1035,49262,1113
101697,1035,46653,1165
101698,1035,46714,1159
101699,1035,46722,1162
101700,1035,46551,1158
101701,1035,45514,1161
101702,1035,46693,1157
101703,1035,46573,1164
101704,1035,46531,1163
101705,1035,46662,1155
101706,1035,46523,1160
101707,1035,46674,1156
101708,1035,51000,1153
101709,1035,51000,1152
101710,1035,46644,1103
101711,1035,53680,1135
101712,1035,53820,1136
101713,1035,53830,1137
101714,1035,53720,1138
101715,1035,53900,1139
101716,1035,53910,1140
101717,1035,49400,1172
101718,1035,51108,1151
101719,1035,51150,1150
101720,1035,53990,1212
101721,1035,46581,1166
101722,1036,52420,1107
101723,1036,52570,1110
101724,1036,52450,1108
101725,1036,52500,1109
101726,1036,53580,1141
101727,1036,53540,1142
101728,1036,53620,1143
101729,1036,53500,1144
101730,1036,49902,1114
101731,1036,48602,1115
101732,1036,49232,1116
101733,1036,53610,1145
101734,1036,53490,1146
101735,1036,53530,1147
101736,1036,53560,1148
101737,1036,48002,1111
101738,1036,49102,1112
101739,1036,49182,1113
101740,1036,46694,1163
101741,1036,46554,1158
101742,1036,46724,1165
101743,1036,46511,1157
101744,1036,46571,1164
101745,1036,46591,1160
101746,1036,46544,1161
101747,1036,45511,1156
101748,1036,46741,1159
101749,1036,46563,1155
101750,1036,46642,1162
101751,1036,51000,1153
101752,1036,51000,1152
101753,1036,51106,1151
101754,1036,51107,1150
101755,1036,46674,1103
101756,1036,53670,1135
101757,1036,53800,1136
101758,1036,53810,1137
101759,1036,53700,1138
101760,1036,53860,1139
101761,1036,53870,1140
101762,1036,46581,1166
101763,1037,52420,1107
101764,1037,52550,1110
101765,1037,52460,1108
101766,1037,52520,1109
101767,1037,53590,1141
101768,1037,53570,1142
101769,1037,53630,1143
101770,1037,53510,1144
101771,1037,49282,1114
101772,1037,49242,1115
101773,1037,49252,1116
101774,1037,53600,1145
101775,1037,53640,1146
101776,1037,53520,1147
101777,1037,53550,1148
101778,1037,49172,1111
101779,1037,48302,1112
101780,1037,49212,1113
101781,1037,46653,1159
101782,1037,46561,1158
101783,1037,46511,1155
101784,1037,46554,1161
101785,1037,46774,1164
101786,1037,46714,1162
101787,1037,46721,1163
101788,1037,46522,1156
101789,1037,46631,1165
101790,1037,46661,1160
101791,1037,46543,1157
101792,1037,51000,1150
101793,1037,51000,1153
101794,1037,51108,1152
101795,1037,51109,1151
101796,1037,46641,1103
101797,1037,53670,1135
101798,1037,53800,1136
101799,1037,53810,1137
101800,1037,53710,1138
101801,1037,53880,1139
101802,1037,53890,1140
101803,1037,49400,1172
101804,1037,45530,1202
101805,1037,45530,1201
101806,1037,45530,1200
101807,1037,46532,1166
101808,1038,52400,1107
101809,1038,52550,1110
101810,1038,52460,1108
101811,1038,52500,1109
101812,1038,53580,1141
101813,1038,53540,1142
101814,1038,53620,1143
101815,1038,53500,1144
101816,1038,49292,1114
101817,1038,49282,1115
101818,1038,48602,1116
101819,1038,53600,1145
101820,1038,53640,1146
101821,1038,53520,1147
101822,1038,53550,1148
101823,1038,47802,1111
101824,1038,48402,1112
101825,1038,49262,1113
101826,1038,46543,1157
101827,1038,46572,1164
101828,1038,46696,1158
101829,1038,46554,1163
101830,1038,46712,1155
101831,1038,46511,1160
101832,1038,45513,1165
101833,1038,46562,1159
101834,1038,46591,1162
101835,1038,46682,1156
101836,1038,46741,1161
101837,1038,51000,1153
101838,1038,51000,1150
101839,1038,51100,1152
101840,1038,46631,1103
101841,1038,53680,1135
101842,1038,53820,1136
101843,1038,53830,1137
101844,1038,53700,1138
101845,1038,53860,1139
101846,1038,53870,1140
101847,1038,53050,1202
101848,1038,53050,1201
101849,1038,53050,1200
101850,1038,51150,1151
101851,1038,46582,1166
101852,1039,52400,1107
101853,1039,52570,1110
101854,1039,52460,1108
101855,1039,52520,1109
101856,1039,53580,1141
101857,1039,53540,1142
101858,1039,53620,1143
101859,1039,53500,1144
101860,1039,49292,1114
101861,1039,49202,1115
101862,1039,49262,1116
101863,1039,53600,1145
101864,1039,53640,1146
101865,1039,53520,1147
101866,1039,53550,1148
101867,1039,47902,1111
101868,1039,49182,1112
101869,1039,48502,1113
101870,1039,46551,1161
101871,1039,46593,1155
101872,1039,46651,1159
101873,1039,45514,1158
101874,1039,46513,1157
101875,1039,46724,1164
101876,1039,46571,1156
101877,1039,46534,1162
101878,1039,46631,1160
101879,1039,46743,1165
101880,1039,46673,1163
101881,1039,51000,1150
101882,1039,51000,1153
101883,1039,51150,1151
101884,1039,46661,1103
101885,1039,53670,1135
101886,1039,53800,1136
101887,1039,53810,1137
101888,1039,53720,1138
101889,1039,53900,1139
101890,1039,53910,1140
101891,1039,51103,1152
101892,1039,53990,1210
101893,1039,46583,1166
101894,1040,38001,2129
101895,1040,50001,2106
101896,1040,50050,2110
101897,1040,50001,2116
101898,1040,38100,2104
101899,1040,50116,2113
101900,1040,50112,2114
101901,1040,50114,2120
101902,1040,50114,2107
101903,1040,32000,2103
101904,1040,32102,2117
101905,1040,32101,2100
101906,1040,32000,2109
101907,1040,43011,2364
101908,1040,41000,2312
101909,1040,41000,2307
101910,1040,41000,2300
101911,1040,45000,2310
101912,1040,40007,2306
101913,1040,43000,2305
101914,1040,43401,2302
101915,1040,46953,2757
101916,1040,46632,2756
101917,1040,49427,2190
101918,1040,46534,2761
101919,1040,46644,2763
101920,1040,46681,2758
101921,1040,46582,2753
101922,1040,46573,2760
101923,1040,46652,2750
101924,1040,46724,2759
101925,1040,46713,2762
101926,1040,46512,2755
101927,1040,46551,2754
101928,1040,53000,2528
101929,1040,53000,2522
101930,1040,53000,2524
101931,1040,53000,2530
101932,1040,53000,2523
101933,1040,53000,2525
101934,1040,53000,2521
101935,1040,53000,2527
101936,1040,46704,2605
101937,1040,46703,2606
101938,1040,46605,2604
101939,1040,46503,2601
101940,1040,46502,2602
101941,1040,46606,2607
101942,1040,46603,2603
101943,1040,50001,2101
101944,1040,50001,2108
101945,1040,50116,2112
101946,1040,37900,2301
101947,1040,40102,2308
101948,1040,43401,2313
101949,1040,53000,2529
101950,1040,53000,2520
101951,1041,38101,2121
101952,1041,50050,2114
101953,1041,50020,2120
101954,1041,50050,2108
101955,1041,38100,2109
101956,1041,50113,2113
101957,1041,50103,2110
101958,1041,50102,2104
101959,1041,50113,2106
101960,1041,32100,2100
101961,1041,32200,2111
101962,1041,32000,2103
101963,1041,32200,2112
101964,1041,43011,2350
101965,1041,41000,2301
101966,1041,41000,2314
101967,1041,41000,2308
101968,1041,45000,2302
101969,1041,40002,2310
101970,1041,43001,2305
101971,1041,40101,2306
101972,1041,46811,2757
101973,1041,46682,2756
101974,1041,49433,2190
101975,1041,46522,2760
101976,1041,46581,2762
101977,1041,46662,2761
101978,1041,46632,2758
101979,1041,46622,2763
101980,1041,46771,2754
101981,1041,46712,2755
101982,1041,46571,2759
101983,1041,46721,2750
101984,1041,46511,2753
101985,1041,46800,2607
101986,1041,46704,2606
101987,1041,46503,2605
101988,1041,46502,2604
101989,1041,46702,2602
101990,1041,46606,2601
101991,1041,46605,2603
101992,1041,50050,2107
101993,1041,50050,2117
101994,1041,38100,2116
101995,1041,37900,2312
101996,1041,45000,2313
101997,1041,43001,2307
101998,1042,38100,2122
101999,1042,50030,2113
102000,1042,50011,2111
102001,1042,50011,2101
102002,1042,38000,2120
102003,1042,50103,2108
102004,1042,50114,2104
102005,1042,50116,2106
102006,1042,50116,2103
102007,1042,34002,2110
102008,1042,34300,2117
102009,1042,34200,2114
102010,1042,34200,2107
102011,1042,41010,2351
102012,1042,41000,2310
102013,1042,41000,2300
102014,1042,41000,2307
102015,1042,45000,2314
102016,1042,40009,2313
102017,1042,43501,2302
102018,1042,40103,2305
102019,1042,46954,2757
102020,1042,46643,2756
102021,1042,49428,2190
102022,1042,46663,2760
102023,1042,46632,2761
102024,1042,46533,2759
102025,1042,46741,2750
102026,1042,46774,2762
102027,1042,46516,2758
102028,1042,46627,2755
102029,1042,45511,2753
102030,1042,46721,2763
102031,1042,46652,2754
102032,1042,46502,2604
102033,1042,46701,2603
102034,1042,46505,2605
102035,1042,46605,2606
102036,1042,46702,2601
102037,1042,46603,2607
102038,1042,46606,2602
102039,1042,38100,2109
102040,1042,34300,2112
102041,1042,34002,2116
102042,1042,37900,2306
102043,1042,40102,2312
102044,1042,40006,2308
102045,1043,38000,2122
102046,1043,50050,2109
102047,1043,50020,2103
102048,1043,50050,2110
102049,1043,38100,2107
102050,1043,50100,2116
102051,1043,50116,2120
102052,1043,50114,2108
102053,1043,50100,2117
102054,1043,32201,2101
102055,1043,32000,2113
102056,1043,32102,2104
102057,1043,32102,2112
102058,1043,43410,2351
102059,1043,41000,2307
102060,1043,41000,2313
102061,1043,41000,2308
102062,1043,45000,2306
102063,1043,40102,2302
102064,1043,40103,2314
102065,1043,43401,2305
102066,1043,46955,2757
102067,1043,46682,2756
102068,1043,49415,2190
102069,1043,46663,2755
102070,1043,46541,2758
102071,1043,46563,2753
102072,1043,46644,2762
102073,1043,46628,2761
102074,1043,46772,2754
102075,1043,46592,2763
102076,1043,46511,2750
102077,1043,46651,2760
102078,1043,45512,2759
102079,1043,46605,2606
102080,1043,46704,2605
102081,1043,46602,2607
102082,1043,46502,2601
102083,1043,46503,2604
102084,1043,46604,2602
102085,1043,46701,2603
102086,1043,50050,2106
102087,1043,50050,2111
102088,1043,38000,2114
102089,1043,40004,2312
102090,1043,43401,2310
102091,1043,43401,2300
102092,1044,38100,2125
102093,1044,50020,2111
102094,1044,50011,2103
102095,1044,50011,2120
102096,1044,38001,2110
102097,1044,50102,2112
102098,1044,50113,2107
102099,1044,50103,2101
102100,1044,50113,2109
102101,1044,32102,2114
102102,1044,32200,2100
102103,1044,32101,2113
102104,1044,32101,2117
102105,1044,43011,2357
102106,1044,41000,2310
102107,1044,41000,2313
102108,1044,41000,2301
102109,1044,45000,2308
102110,1044,40000,2302
102111,1044,43400,2306
102112,1044,43401,2312
102113,1044,46812,2757
102114,1044,46644,2756
102115,1044,49421,2190
102116,1044,46673,2758
102117,1044,46532,2762
102118,1044,46542,2750
102119,1044,46661,2760
102120,1044,46627,2763
102121,1044,46653,2753
102122,1044,46691,2761
102123,1044,46723,2755
102124,1044,46773,2759
102125,1044,46511,2754
102126,1044,46701,2602
102127,1044,46604,2606
102128,1044,46503,2601
102129,1044,46603,2607
102130,1044,46502,2605
102131,1044,46700,2604
102132,1044,46606,2603
102133,1044,50113,2116
102134,1044,50113,2104
102135,1044,32200,2106
102136,1044,40102,2300
102137,1044,40101,2314
102138,1044,43400,2305
102139,1045,52420,1107
102140,1045,52550,1110
102141,1045,52450,1108
102142,1045,52520,1109
102143,1045,53590,1141
102144,1045,53570,1142
102145,1045,53630,1143
102146,1045,53510,1144
102147,1045,49292,1114
102148,1045,49272,1115
102149,1045,48602,1116
102150,1045,53600,1145
102151,1045,53640,1146
102152,1045,53520,1147
102153,1045,53560,1148
102154,1045,49282,1111
102155,1045,49262,1112
102156,1045,49242,1113
102157,1045,46692,1165
102158,1045,46572,1156
102159,1045,45513,1160
102160,1045,46721,1164
102161,1045,46741,1158
102162,1045,46592,1157
102163,1045,46512,1163
102164,1045,46661,1162
102165,1045,46521,1159
102166,1045,46682,1155
102167,1045,46542,1161
102168,1045,51000,1150
102169,1045,51000,1153
102170,1045,46642,1103
102171,1045,53680,1135
102172,1045,53820,1136
102173,1045,53830,1137
102174,1045,53710,1138
102175,1045,53880,1139
102176,1045,53890,1140
102177,1045,45530,1202
102178,1045,45530,1201
102179,1045,45530,1200
102180,1045,51101,1152
102181,1045,51150,1151
102182,1045,46582,1166
102183,1046,52420,1107
102184,1046,52550,1110
102185,1046,52450,1108
102186,1046,52500,1109
102187,1046,53580,1141
102188,1046,53540,1142
102189,1046,53620,1143
102190,1046,53500,1144
102191,1046,49902,1114
102192,1046,48402,1115
102193,1046,48502,1116
102194,1046,53610,1145
102195,1046,53490,1146
102196,1046,53530,1147
102197,1046,53550,1148
102198,1046,49292,1111
102199,1046,49172,1112
102200,1046,49262,1113
102201,1046,46724,1161
102202,1046,46511,1165
102203,1046,46573,1164
102204,1046,46541,1158
102205,1046,46592,1160
102206,1046,46711,1162
102207,1046,46693,1157
102208,1046,46641,1159
102209,1046,46741,1155
102210,1046,46562,1163
102211,1046,46671,1156
102212,1046,51000,1152
102213,1046,51000,1151
102214,1046,46662,1103
102215,1046,53680,1135
102216,1046,53820,1136
102217,1046,53830,1137
102218,1046,53710,1138
102219,1046,53880,1139
102220,1046,53890,1140
102221,1046,51101,1150
102222,1046,51150,1153
102223,1046,46683,1166
102224,1047,52400,1107
102225,1047,52570,1110
102226,1047,52460,1108
102227,1047,52500,1109
102228,1047,53580,1141
102229,1047,53540,1142
102230,1047,53620,1143
102231,1047,53500,1144
102232,1047,49292,1114
102233,1047,49202,1115
102234,1047,48302,1116
102235,1047,53610,1145
102236,1047,53490,1146
102237,1047,53530,1147
102238,1047,53560,1148
102239,1047,49282,1111
102240,1047,49272,1112
102241,1047,49252,1113
102242,1047,46515,1155
102243,1047,46712,1161
102244,1047,46694,1160
102245,1047,46651,1158
102246,1047,46554,1164
102247,1047,45514,1157
102248,1047,46571,1163
102249,1047,46671,1159
102250,1047,46562,1162
102251,1047,46681,1165
102252,1047,46663,1156
102253,1047,51000,1153
102254,1047,51000,1151
102255,1047,51102,1150
102256,1047,51103,1152
102257,1047,46742,1103
102258,1047,53670,1135
102259,1047,53800,1136
102260,1047,53810,1137
102261,1047,53700,1138
102262,1047,53860,1139
102263,1047,53870,1140
102264,1047,53990,1213
102265,1047,46583,1166
102266,1048,52420,1107
102267,1048,52570,1110
102268,1048,52460,1108
102269,1048,52500,1109
102270,1048,53590,1141
102271,1048,53570,1142
102272,1048,53630,1143
102273,1048,53510,1144
102274,1048,49272,1114
102275,1048,48502,1115
102276,1048,49232,1116
102277,1048,53600,1145
102278,1048,53640,1146
102279,1048,53520,1147
102280,1048,53550,1148
102281,1048,49902,1111
102282,1048,48302,1112
102283,1048,49182,1113
102284,1048,46572,1163
102285,1048,45511,1159
102286,1048,46551,1155
102287,1048,46523,1158
102288,1048,46541,1157
102289,1048,46628,1161
102290,1048,46774,1160
102291,1048,46671,1164
102292,1048,46562,1156
102293,1048,46712,1165
102294,1048,46662,1162
102295,1048,51000,1150
102296,1048,51000,1153
102297,1048,51051,1152
102298,1048,46643,1103
102299,1048,53670,1135
102300,1048,53800,1136
102301,1048,53810,1137
102302,1048,53720,1138
102303,1048,53900,1139
102304,1048,53910,1140
102305,1048,51102,1151
102306,1048,53990,1210
102307,1048,46683,1166
102308,1049,52420,1107
102309,1049,52550,1110
102310,1049,52450,1108
102311,1049,52520,1109
102312,1049,53590,1141
102313,1049,53570,1142
102314,1049,53630,1143
102315,1049,53510,1144
102316,1049,49292,1114
102317,1049,49272,1115
102318,1049,49242,1116
102319,1049,53610,1145
102320,1049,53490,1146
102321,1049,53530,1147
102322,1049,53560,1148
102323,1049,47902,1111
102324,1049,48802,1112
102325,1049,48502,1113
102326,1049,46621,1164
102327,1049,46695,1158
102328,1049,46713,1163
102329,1049,46573,1155
102330,1049,46724,1160
102331,1049,46516,1157
102332,1049,45512,1156
102333,1049,46674,1165
102334,1049,46531,1159
102335,1049,46643,1162
102336,1049,46742,1161
102337,1049,51000,1150
102338,1049,51000,1152
102339,1049,46522,1103
102340,1049,53680,1135
102341,1049,53820,1136
102342,1049,53830,1137
102343,1049,53700,1138
102344,1049,53860,1139
102345,1049,53870,1140
102346,1049,51103,1153
102347,1049,51150,1151
102348,1049,46581,1166
102349,1050,30300,2128
102350,1050,50030,2113
102351,1050,50040,2107
102352,1050,50040,2120
102353,1050,30000,2100
102354,1050,50103,2108
102355,1050,50114,2106
102356,1050,50104,2109
102357,1050,50103,2116
102358,1050,34104,2104
102359,1050,34300,2110
102360,1050,34002,2103
102361,1050,34104,2112
102362,1050,41010,2362
102363,1050,41000,2300
102364,1050,41000,2313
102365,1050,41000,2307
102366,1050,45000,2314
102367,1050,40103,2301
102368,1050,43000,2310
102369,1050,43501,2302
102370,1050,46951,2757
102371,1050,46662,2756
102372,1050,49422,2190
102373,1050,46673,2754
102374,1050,46632,2753
102375,1050,46644,2760
102376,1050,46561,2763
102377,1050,46571,2755
102378,1050,45513,2750
102379,1050,46771,2762
102380,1050,46711,2759
102381,1050,46516,2761
102382,1050,46651,2758
102383,1050,53000,2526
102384,1050,53000,2523
102385,1050,53000,2525
102386,1050,53000,2528
102387,1050,53000,2521
102388,1050,53000,2530
102389,1050,53000,2524
102390,1050,53000,2527
102391,1050,46606,2607
102392,1050,46505,2601
102393,1050,46502,2605
102394,1050,46703,2603
102395,1050,46704,2606
102396,1050,46605,2604
102397,1050,46604,2602
102398,1050,50040,2111
102399,1050,50030,2117
102400,1050,50103,2101
102401,1050,40004,2305
102402,1050,40101,2308
102403,1050,43501,2306
102404,1050,53000,2529
102405,1050,53000,2520
102406,1051,30000,2122
102407,1051,50011,2110
102408,1051,50030,2106
102409,1051,50030,2109
102410,1051,30001,2116
102411,1051,50102,2108
102412,1051,50103,2104
102413,1051,50113,2117
102414,1051,50103,2114
102415,1051,34000,2101
102416,1051,34100,2111
102417,1051,34102,2107
102418,1051,34100,2112
102419,1051,43010,2351
102420,1051,41000,2305
102421,1051,41000,2314
102422,1051,41000,2302
102423,1051,45000,2306
102424,1051,40009,2307
102425,1051,40102,2310
102426,1051,43501,2308
102427,1051,46823,2757
102428,1051,46633,2756
102429,1051,49434,2190
102430,1051,46642,2759
102431,1051,46533,2762
102432,1051,46674,2755
102433,1051,46683,2760
102434,1051,46592,2753
102435,1051,45514,2754
102436,1051,46573,2763
102437,1051,46653,2750
102438,1051,46714,2761
102439,1051,46691,2758
102440,1051,46802,2607
102441,1051,46602,2605
102442,1051,46704,2602
102443,1051,46603,2601
102444,1051,46504,2606
102445,1051,46703,2604
102446,1051,46503,2603
102447,1051,50011,2103
102448,1051,50011,2120
102449,1051,30000,2113
102450,1051,45000,2313
102451,1051,43000,2300
102452,1051,43501,2312
102453,1052,30300,2125
102454,1052,50050,2113
102455,1052,50040,2116
102456,1052,50040,2112
102457,1052,30001,2114
102458,1052,50100,2111
102459,1052,50114,2120
102460,1052,50104,2100
102461,1052,50100,2106
102462,1052,32201,2107
102463,1052,32200,2101
102464,1052,32001,2110
102465,1052,32201,2104
102466,1052,41010,2357
102467,1052,41000,2301
102468,1052,41000,2313
102469,1052,41000,2305
102470,1052,45000,2302
102471,1052,40101,2308
102472,1052,40102,2314
102473,1052,43401,2310
102474,1052,46823,2757
102475,1052,46523,2756
102476,1052,49435,2190
102477,1052,46743,2760
102478,1052,46674,2762
102479,1052,46661,2755
102480,1052,46583,2758
102481,1052,46552,2754
102482,1052,46625,2750
102483,1052,46771,2763
102484,1052,45511,2759
102485,1052,46571,2761
102486,1052,46692,2753
102487,1052,46604,2603
102488,1052,46605,2605
102489,1052,46603,2606
102490,1052,46701,2607
102491,1052,46505,2601
102492,1052,46503,2604
102493,1052,46700,2602
102494,1052,50040,2109
102495,1052,32001,2103
102496,1052,32201,2117
102497,1052,37900,2306
102498,1052,45000,2312
102499,1052,40003,2300
102500,1053,38000,2128
102501,1053,50020,2112
102502,1053,50001,2103
102503,1053,50020,2113
102504,1053,38100,2111
102505,1053,50116,2106
102506,1053,50113,2110
102507,1053,50102,2120
102508,1053,50116,2117
102509,1053,32201,2100
102510,1053,32100,2107
102511,1053,32000,2108
102512,1053,32000,2109
102513,1053,45010,2362
102514,1053,41000,2305
102515,1053,41000,2308
102516,1053,41000,2314
102517,1053,45000,2306
102518,1053,40103,2313
102519,1053,43401,2310
102520,1053,40101,2307
102521,1053,46952,2757
102522,1053,46533,2756
102523,1053,49423,2190
102524,1053,46582,2754
102525,1053,46741,2760
102526,1053,46683,2755
102527,1053,46544,2761
102528,1053,46713,2750
102529,1053,46511,2763
102530,1053,46592,2758
102531,1053,46552,2759
102532,1053,46723,2753
102533,1053,45512,2762
102534,1053,46703,2605
102535,1053,46604,2603
102536,1053,46606,2604
102537,1053,46502,2601
102538,1053,46605,2606
102539,1053,46700,2607
102540,1053,46505,2602
102541,1053,49400,2711
102542,1053,50001,2116
102543,1053,50020,2104
102544,1053,38000,2101
102545,1053,40007,2300
102546,1053,40002,2301
102547,1053,43501,2302
102548,1054,30300,2127
102549,1054,50060,2114
102550,1054,50050,2110
102551,1054,50060,2120
102552,1054,30000,2116
102553,1054,50113,2113
102554,1054,50103,2109
102555,1054,50100,2111
102556,1054,50113,2104
102557,1054,34001,2101
102558,1054,34101,2117
102559,1054,34104,2108
102560,1054,34104,2107
102561,1054,43010,2360
102562,1054,41000,2306
102563,1054,41000,2314
102564,1054,41000,2300
102565,1054,45000,2308
102566,1054,40007,2313
102567,1054,43501,2312
102568,1054,43000,2307
102569,1054,46864,2757
102570,1054,46561,2756
102571,1054,49416,2190
102572,1054,46533,2753
102573,1054,46671,2762
102574,1054,46663,2761
102575,1054,46633,2759
102576,1054,46693,2755
102577,1054,46627,2758
102578,1054,46651,2750
102579,1054,46771,2760
102580,1054,45513,2763
102581,1054,46724,2754
102582,1054,46503,2601
102583,1054,46604,2603
102584,1054,46703,2607
102585,1054,46606,2604
102586,1054,46602,2606
102587,1054,46701,2605
102588,1054,46504,2602
102589,1054,50050,2103
102590,1054,50113,2106
102591,1054,34101,2100
102592,1054,40103,2305
102593,1054,40004,2301
102594,1054,40102,2302
102595,1055,52400,1107
102596,1055,52570,1110
102597,1055,52450,1108
102598,1055,52520,1109
102599,1055,53590,1141
102600,1055,53570,1142
102601,1055,53630,1143
102602,1055,53510,1144
102603,1055,49292,1114
102604,1055,49242,1115
102605,1055,48402,1116
102606,1055,53600,1145
102607,1055,53640,1146
102608,1055,53520,1147
102609,1055,53560,1148
102610,1055,48102,1111
102611,1055,48302,1112
102612,1055,48502,1113
102613,1055,46551,1163
102614,1055,46724,1157
102615,1055,46714,1160
102616,1055,46591,1155
102617,1055,46652,1164
102618,1055,45514,1158
102619,1055,46694,1156
102620,1055,46644,1162
102621,1055,46632,1159
102622,1055,46533,1165
102623,1055,46743,1161
102624,1055,51000,1153
102625,1055,51000,1152
102626,1055,51104,1151
102627,1055,46523,1103
102628,1055,53670,1135
102629,1055,53800,1136
102630,1055,53810,1137
102631,1055,53710,1138
102632,1055,53880,1139
102633,1055,53890,1140
102634,1055,45550,1201
102635,1055,45550,1200
102636,1055,45550,1202
102637,1055,51050,1150
102638,1055,53990,1213
102639,1055,46561,1166
102640,1056,52400,1107
102641,1056,52570,1110
102642,1056,52460,1108
102643,1056,52520,1109
102644,1056,53590,1141
102645,1056,53570,1142
102646,1056,53630,1143
102647,1056,53510,1144
102648,1056,49282,1114
102649,1056,49182,1115
102650,1056,48602,1116
102651,1056,53600,1145
102652,1056,53640,1146
102653,1056,53520,1147
102654,1056,53550,1148
102655,1056,48002,1111
102656,1056,49232,1112
102657,1056,48402,1113
102658,1056,46544,1155
102659,1056,46514,1160
102660,1056,46653,1164
102661,1056,46552,1163
102662,1056,46713,1157
102663,1056,46644,1158
102664,1056,46724,1159
102665,1056,46562,1161
102666,1056,46662,1165
102667,1056,46672,1156
102668,1056,46592,1162
102669,1056,51150,1152
102670,1056,51000,1151
102671,1056,51000,1153
102672,1056,46522,1103
102673,1056,53670,1135
102674,1056,53800,1136
102675,1056,53810,1137
102676,1056,53720,1138
102677,1056,53900,1139
102678,1056,53910,1140
102679,1056,49400,1170
102680,1056,51107,1150
102681,1056,53990,1211
102682,1056,46584,1166
102683,1057,52400,1107
102684,1057,52570,1110
102685,1057,52460,1108
102686,1057,52500,1109
102687,1057,53580,1141
102688,1057,53540,1142
102689,1057,53620,1143
102690,1057,53500,1144
102691,1057,49272,1114
102692,1057,48502,1115
102693,1057,49252,1116
102694,1057,53600,1145
102695,1057,53640,1146
102696,1057,53520,1147
102697,1057,53560,1148
102698,1057,49102,1111
102699,1057,49172,1112
102700,1057,49202,1113
102701,1057,46516,1160
102702,1057,46724,1158
102703,1057,46652,1157
102704,1057,46627,1164
102705,1057,46592,1165
102706,1057,45511,1163
102707,1057,46552,1161
102708,1057,46563,1159
102709,1057,46742,1162
102710,1057,46632,1155
102711,1057,46644,1156
102712,1057,51000,1152
102713,1057,51000,1151
102714,1057,51051,1150
102715,1057,46671,1103
102716,1057,53670,1135
102717,1057,53800,1136
102718,1057,53810,1137
102719,1057,53700,1138
102720,1057,53860,1139
102721,1057,53870,1140
102722,1057,53000,1202
102723,1057,53000,1200
102724,1057,53000,1201
102725,1057,51104,1153
102726,1057,46531,1166
102727,1058,52420,1107
102728,1058,52550,1110
102729,1058,52450,1108
102730,1058,52520,1109
102731,1058,53580,1141
102732,1058,53540,1142
102733,1058,53620,1143
102734,1058,53500,1144
102735,1058,49902,1114
102736,1058,49202,1115
102737,1058,49232,1116
102738,1058,53610,1145
102739,1058,53490,1146
102740,1058,53530,1147
102741,1058,53550,1148
102742,1058,47902,1111
102743,1058,48502,1112
102744,1058,48802,1113
102745,1058,46552,1156
102746,1058,46651,1165
102747,1058,45512,1158
102748,1058,46628,1159
102749,1058,46696,1163
102750,1058,46571,1160
102751,1058,46511,1157
102752,1058,46541,1161
102753,1058,46644,1164
102754,1058,46522,1155
102755,1058,46534,1162
102756,1058,51000,1152
102757,1058,51000,1153
102758,1058,51105,1151
102759,1058,51106,1150
102760,1058,46681,1103
102761,1058,53680,1135
102762,1058,53820,1136
102763,1058,53830,1137
102764,1058,53720,1138
102765,1058,53900,1139
102766,1058,53910,1140
102767,1058,53990,1211
102768,1058,46582,1166
102769,1059,52400,1107
102770,1059,52550,1110
102771,1059,52460,1108
102772,1059,52520,1109
102773,1059,53580,1141
102774,1059,53540,1142
102775,1059,53620,1143
102776,1059,53500,1144
102777,1059,49272,1114
102778,1059,49282,1115
102779,1059,49202,1116
102780,1059,53610,1145
102781,1059,53490,1146
102782,1059,53530,1147
102783,1059,53550,1148
102784,1059,49302,1111
102785,1059,48302,1112
102786,1059,49182,1113
102787,1059,46772,1159
102788,1059,46713,1155
102789,1059,46542,1158
102790,1059,46652,1163
102791,1059,46573,1157
102792,1059,46513,1161
102793,1059,45513,1156
102794,1059,46721,1165
102795,1059,46741,1164
102796,1059,46663,1162
102797,1059,46671,1160
102798,1059,51000,1153
102799,1059,51000,1151
102800,1059,51107,1150
102801,1059,46561,1103
102802,1059,53680,1135
102803,1059,53820,1136
102804,1059,53830,1137
102805,1059,53710,1138
102806,1059,53880,1139
102807,1059,53890,1140
102808,1059,51050,1152
102809,1059,46521,1166
102810,1060,38000,2126
102811,1060,50050,2116
102812,1060,50001,2109
102813,1060,50050,2110
102814,1060,38001,2113
102815,1060,50112,2103
102816,1060,50102,2120
102817,1060,50116,2112
102818,1060,50112,2114
102819,1060,32101,2117
102820,1060,32001,2100
102821,1060,32000,2107
102822,1060,32001,2106
102823,1060,44010,2358
102824,1060,41000,2302
102825,1060,41000,2310
102826,1060,41000,2305
102827,1060,45000,2314
102828,1060,40006,2313
102829,1060,40102,2312
102830,1060,43000,2301
102831,1060,46873,2757
102832,1060,46534,2756
102833,1060,49424,2190
102834,1060,46523,2759
102835,1060,46641,2760
102836,1060,46672,2750
102837,1060,46681,2755
102838,1060,46593,2758
102839,1060,46653,2762
102840,1060,46511,2761
102841,1060,46627,2753
102842,1060,46773,2754
102843,1060,46551,2763
102844,1060,46606,2607
102845,1060,46704,2602
102846,1060,46603,2604
102847,1060,46502,2601
102848,1060,46503,2605
102849,1060,46604,2606
102850,1060,46702,2603
102851,1060,49400,2717
102852,1060,38000,2111
102853,1060,32101,2104
102854,1060,32101,2101
102855,1060,37900,2300
102856,1060,45000,2307
102857,1060,43000,2306
102858,1061,38001,2128
102859,1061,50040,2109
102860,1061,50020,2113
102861,1061,50040,2108
102862,1061,38100,2120
102863,1061,50100,2116
102864,1061,50103,2107
102865,1061,50112,2100
102866,1061,50100,2103
102867,1061,32000,2104
102868,1061,32101,2112
102869,1061,32201,2106
102870,1061,32201,2110
102871,1061,43411,2362
102872,1061,41000,2302
102873,1061,41000,2314
102874,1061,41000,2301
102875,1061,45000,2305
102876,1061,40101,2310
102877,1061,40103,2307
102878,1061,43401,2300
102879,1061,46884,2757
102880,1061,46562,2756
102881,1061,49417,2190
102882,1061,46682,2758
102883,1061,46532,2755
102884,1061,46541,2762
102885,1061,46672,2753
102886,1061,46711,2761
102887,1061,46722,2750
102888,1061,46774,2754
102889,1061,46571,2763
102890,1061,46551,2759
102891,1061,46652,2760
102892,1061,53000,2530
102893,1061,53000,2526
102894,1061,53000,2524
102895,1061,53000,2529
102896,1061,53000,2528
102897,1061,53000,2521
102898,1061,53000,2520
102899,1061,53000,2525
102900,1061,46604,2602
102901,1061,46505,2605
102902,1061,46606,2606
102903,1061,46605,2604
102904,1061,46703,2601
102905,1061,46704,2607
102906,1061,46502,2603
102907,1061,38100,2111
102908,1061,50112,2117
102909,1061,32101,2101
102910,1061,45000,2313
102911,1061,40006,2308
102912,1061,43401,2306
102913,1061,53000,2527
102914,1061,53000,2522
102915,1062,30000,2124
102916,1062,50040,2103
102917,1062,50030,2112
102918,1062,50030,2111
102919,1062,30301,2100
102920,1062,50113,2114
102921,1062,50100,2106
102922,1062,50102,2110
102923,1062,50113,2117
102924,1062,34002,2109
102925,1062,34103,2113
102926,1062,34102,2101
102927,1062,34102,2116
102928,1062,41010,2356
102929,1062,41000,2307
102930,1062,41000,2300
102931,1062,41000,2310
102932,1062,45000,2308
102933,1062,40006,2301
102934,1062,43401,2313
102935,1062,43000,2305
102936,1062,46813,2757
102937,1062,46563,2756
102938,1062,49436,2190
102939,1062,46521,2758
102940,1062,46541,2761
102941,1062,46661,2753
102942,1062,46743,2762
102943,1062,46772,2755
102944,1062,46691,2763
102945,1062,46516,2760
102946,1062,46628,2754
102947,1062,46591,2759
102948,1062,46652,2750
102949,1062,46704,2604
102950,1062,46604,2601
102951,1062,46504,2605
102952,1062,46606,2606
102953,1062,46700,2607
102954,1062,46505,2603
102955,1062,46603,2602
102956,1062,50113,2104
102957,1062,34002,2107
102958,1062,34002,2108
102959,1062,40000,2314
102960,1062,43401,2302
102961,1062,40101,2312
102962,1063,38100,2129
102963,1063,50011,2117
102964,1063,50001,2100
102965,1063,50001,2110
102966,1063,38000,2103
102967,1063,50114,2120
102968,1063,50102,2108
102969,1063,50104,2109
102970,1063,50114,2116
102971,1063,32201,2106
102972,1063,32101,2112
102973,1063,32102,2104
102974,1063,32201,2101
102975,1063,43010,2364
102976,1063,41000,2305
102977,1063,41000,2302
102978,1063,41000,2313
102979,1063,45000,2307
102980,1063,40000,2300
102981,1063,43401,2312
102982,1063,40101,2308
102983,1063,46881,2757
102984,1063,46671,2756
102985,1063,49437,2190
102986,1063,46522,2763
102987,1063,46661,2761
102988,1063,46741,2759
102989,1063,46543,2750
102990,1063,46624,2754
102991,1063,46724,2762
102992,1063,46772,2760
102993,1063,45514,2755
102994,1063,46712,2753
102995,1063,46511,2758
102996,1063,46603,2601
102997,1063,46703,2605
102998,1063,46605,2602
102999,1063,46504,2606
103000,1063,46606,2604
103001,1063,46502,2607
103002,1063,46701,2603
103003,1063,50001,2107
103004,1063,50001,2113
103005,1063,38100,2114
103006,1063,37900,2310
103007,1063,40102,2306
103008,1063,40006,2301
103009,1064,30001,2126
103010,1064,50060,2116
103011,1064,50001,2112
103012,1064,50060,2103
103013,1064,30300,2101
103014,1064,50113,2110
103015,1064,50102,2120
103016,1064,50116,2107
103017,1064,50113,2114
103018,1064,32100,2106
103019,1064,32102,2113
103020,1064,32001,2109
103021,1064,32102,2111
103022,1064,43020,2358
103023,1064,41000,2306
103024,1064,41000,2301
103025,1064,41000,2313
103026,1064,45000,2305
103027,1064,40008,2310
103028,1064,43400,2312
103029,1064,43401,2300
103030,1064,46882,2757
103031,1064,46683,2756
103032,1064,49418,2190
103033,1064,46633,2750
103034,1064,46583,2763
103035,1064,46743,2758
103036,1064,46662,2753
103037,1064,46653,2759
103038,1064,46771,2754
103039,1064,46625,2762
103040,1064,46551,2760
103041,1064,46722,2761
103042,1064,46516,2755
103043,1064,46704,2605
103044,1064,46603,2603
103045,1064,46604,2606
103046,1064,46703,2601
103047,1064,46605,2607
103048,1064,46502,2604
103049,1064,46503,2602
103050,1064,50001,2104
103051,1064,50116,2100
103052,1064,32001,2117
103053,1064,37900,2307
103054,1064,40006,2302
103055,1064,40102,2314
103056,1065,52420,1107
103057,1065,52550,1110
103058,1065,52450,1108
103059,1065,52520,1109
103060,1065,53590,1141
103061,1065,53570,1142
103062,1065,53630,1143
103063,1065,53510,1144
103064,1065,49292,1114
103065,1065,49202,1115
103066,1065,48602,1116
103067,1065,53610,1145
103068,1065,53490,1146
103069,1065,53530,1147
103070,1065,53550,1148
103071,1065,49272,1111
103072,1065,49232,1112
103073,1065,49182,1113
103074,1065,46516,1158
103075,1065,45511,1163
103076,1065,46721,1159
103077,1065,46593,1165
103078,1065,46571,1157
103079,1065,46652,1161
103080,1065,46712,1162
103081,1065,46681,1160
103082,1065,46641,1156
103083,1065,46672,1164
103084,1065,46742,1155
103085,1065,51000,1151
103086,1065,51000,1153
103087,1065,51108,1150
103088,1065,46523,1103
103089,1065,53680,1135
103090,1065,53820,1136
103091,1065,53830,1137
103092,1065,53710,1138
103093,1065,53880,1139
103094,1065,53890,1140
103095,1065,51150,1152
103096,1065,53990,1212
103097,1065,46543,1166
103098,1066,52400,1107
103099,1066,52550,1110
103100,1066,52460,1108
103101,1066,52500,1109
103102,1066,53590,1141
103103,1066,53570,1142
103104,1066,53630,1143
103105,1066,53510,1144
103106,1066,49272,1114
103107,1066,48602,1115
103108,1066,49212,1116
103109,1066,53610,1145
103110,1066,53490,1146
103111,1066,53530,1147
103112,1066,53560,1148
103113,1066,48102,1111
103114,1066,49262,1112
103115,1066,48502,1113
103116,1066,46541,1161
103117,1066,46712,1164
103118,1066,45512,1155
103119,1066,46571,1158
103120,1066,46771,1160
103121,1066,46723,1162
103122,1066,46628,1165
103123,1066,46644,1163
103124,1066,46663,1159
103125,1066,46561,1157
103126,1066,46516,1156
103127,1066,51000,1152
103128,1066,51000,1150
103129,1066,51109,1151
103130,1066,46682,1103
103131,1066,53680,1135
103132,1066,53820,1136
103133,1066,53830,1137
103134,1066,53700,1138
103135,1066,53860,1139
103136,1066,53870,1140
103137,1066,45550,1200
103138,1066,45550,1202
103139,1066,45550,1201
103140,1066,51050,1153
103141,1066,53990,1213
103142,1066,46522,1166
103143,1067,52420,1107
103144,1067,52550,1110
103145,1067,52460,1108
103146,1067,52520,1109
103147,1067,53590,1141
103148,1067,53570,1142
103149,1067,53630,1143
103150,1067,53510,1144
103151,1067,49172,1114
103152,1067,49182,1115
103153,1067,48302,1116
103154,1067,53610,1145
103155,1067,53490,1146
103156,1067,53530,1147
103157,1067,53560,1148
103158,1067,49302,1111
103159,1067,49272,1112
103160,1067,49202,1113
103161,1067,46692,1157
103162,1067,46573,1159
103163,1067,46671,1158
103164,1067,46714,1155
103165,1067,46722,1163
103166,1067,45513,1165
103167,1067,46551,1160
103168,1067,46531,1162
103169,1067,46563,1164
103170,1067,46631,1156
103171,1067,46542,1161
103172,1067,51000,1152
103173,1067,51000,1151
103174,1067,46743,1103
103175,1067,53670,1135
103176,1067,53800,1136
103177,1067,53810,1137
103178,1067,53720,1138
103179,1067,53900,1139
103180,1067,53910,1140
103181,1067,45520,1202
103182,1067,45520,1200
103183,1067,45520,1201
103184,1067,51100,1150
103185,1067,51150,1153
103186,1067,53990,1210
103187,1067,46581,1166
103188,1068,52420,1107
103189,1068,52550,1110
103190,1068,52460,1108
103191,1068,52520,1109
103192,1068,53580,1141
103193,1068,53540,1142
103194,1068,53620,1143
103195,1068,53500,1144
103196,1068,49272,1114
103197,1068,49292,1115
103198,1068,48402,1116
103199,1068,53600,1145
103200,1068,53640,1146
103201,1068,53520,1147
103202,1068,53550,1148
103203,1068,49102,1111
103204,1068,49172,1112
103205,1068,49242,1113
103206,1068,46571,1165
103207,1068,46722,1158
103208,1068,46623,1159
103209,1068,46714,1163
103210,1068,46514,1157
103211,1068,46693,1164
103212,1068,46593,1156
103213,1068,46743,1155
103214,1068,46674,1162
103215,1068,46632,1160
103216,1068,46641,1161
103217,1068,51000,1150
103218,1068,51000,1152
103219,1068,46531,1103
103220,1068,53680,1135
103221,1068,53820,1136
103222,1068,53830,1137
103223,1068,53720,1138
103224,1068,53900,1139
103225,1068,53910,1140
103226,1068,51050,1151
103227,1068,51100,1153
103228,1068,46661,1166
103229,1069,52420,1107
103230,1069,52550,1110
103231,1069,52460,1108
103232,1069,52500,1109
103233,1069,53580,1141
103234,1069,53540,1142
103235,1069,53620,1143
103236,1069,53500,1144
103237,1069,49272,1114
103238,1069,49902,1115
103239,1069,49262,1116
103240,1069,53600,1145
103241,1069,53640,1146
103242,1069,53520,1147
103243,1069,53560,1148
103244,1069,48102,1111
103245,1069,49232,1112
103246,1069,48402,1113
103247,1069,46694,1155
103248,1069,46711,1163
103249,1069,46651,1164
103250,1069,45514,1157
103251,1069,46511,1160
103252,1069,46593,1158
103253,1069,46774,1156
103254,1069,46742,1159
103255,1069,46563,1165
103256,1069,46532,1161
103257,1069,46683,1162
103258,1069,51000,1151
103259,1069,51000,1153
103260,1069,51101,1152
103261,1069,46672,1103
103262,1069,53670,1135
103263,1069,53800,1136
103264,1069,53810,1137
103265,1069,53700,1138
103266,1069,53860,1139
103267,1069,53870,1140
103268,1069,51150,1150
103269,1069,46582,1166
103270,1070,38000,2127
103271,1070,50020,2116
103272,1070,50040,2113
103273,1070,50020,2101
103274,1070,38001,2110
103275,1070,50116,2104
103276,1070,50100,2114
103277,1070,50103,2111
103278,1070,50103,2103
103279,1070,34102,2108
103280,1070,34104,2107
103281,1070,34000,2100
103282,1070,34000,2117
103283,1070,43010,2360
103284,1070,41000,2302
103285,1070,41000,2307
103286,1070,41000,2300
103287,1070,45000,2313
103288,1070,40002,2301
103289,1070,43401,2306
103290,1070,40103,2314
103291,1070,46953,2757
103292,1070,46641,2756
103293,1070,49438,2190
103294,1070,46563,2762
103295,1070,46662,2760
103296,1070,46584,2758
103297,1070,46741,2761
103298,1070,45511,2763
103299,1070,46713,2755
103300,1070,46721,2759
103301,1070,46592,2750
103302,1070,46628,2753
103303,1070,46514,2754
103304,1070,53000,2528
103305,1070,53000,2520
103306,1070,53000,2529
103307,1070,53000,2522
103308,1070,53000,2530
103309,1070,53000,2527
103310,1070,53000,2521
103311,1070,53000,2525
103312,1070,46604,2605
103313,1070,46703,2601
103314,1070,46605,2604
103315,1070,46602,2607
103316,1070,46502,2602
103317,1070,46702,2606
103318,1070,46503,2603
103319,1070,50103,2120
103320,1070,34104,2109
103321,1070,34000,2106
103322,1070,37900,2308
103323,1070,45000,2305
103324,1070,40005,2312
103325,1070,53000,2524
103326,1070,53000,2523
103327,1071,38000,2124
103328,1071,50060,2106
103329,1071,50001,2108
103330,1071,50060,2111
103331,1071,38101,2112
103332,1071,50104,2100
103333,1071,50100,2109
103334,1071,50116,2116
103335,1071,50104,2107
103336,1071,32001,2101
103337,1071,32201,2117
103338,1071,32102,2104
103339,1071,32102,2113
103340,1071,43411,2356
103341,1071,41000,2301
103342,1071,41000,2308
103343,1071,41000,2314
103344,1071,45000,2310
103345,1071,40008,2307
103346,1071,43001,2300
103347,1071,43501,2302
103348,1071,46821,2757
103349,1071,46642,2756
103350,1071,49431,2190
103351,1071,46682,2761
103352,1071,46561,2754
103353,1071,46663,2750
103354,1071,46633,2759
103355,1071,46592,2760
103356,1071,46554,2763
103357,1071,46724,2753
103358,1071,46651,2755
103359,1071,46572,2758
103360,1071,46695,2762
103361,1071,46800,2606
103362,1071,46700,2601
103363,1071,46606,2602
103364,1071,46502,2607
103365,1071,46504,2605
103366,1071,46604,2604
103367,1071,46703,2603
103368,1071,50001,2114
103369,1071,50060,2103
103370,1071,38000,2110
103371,1071,45000,2312
103372,1071,40001,2305
103373,1071,40101,2313
103374,1072,38100,2126
103375,1072,50011,2100
103376,1072,50050,2103
103377,1072,50050,2107
103378,1072,38101,2112
103379,1072,50103,2110
103380,1072,50104,2113
103381,1072,50116,2116
103382,1072,50104,2106
103383,1072,32000,2117
103384,1072,32201,2109
103385,1072,32101,2120
103386,1072,32101,2104
103387,1072,45010,2358
103388,1072,41000,2301
103389,1072,41000,2300
103390,1072,41000,2305
103391,1072,45000,2306
103392,1072,40006,2312
103393,1072,43400,2302
103394,1072,40103,2310
103395,1072,46814,2757
103396,1072,46561,2756
103397,1072,49411,2190
103398,1072,46661,2758
103399,1072,46682,2755
103400,1072,46742,2760
103401,1072,46521,2753
103402,1072,46592,2762
103403,1072,46653,2761
103404,1072,46553,2750
103405,1072,46711,2754
103406,1072,46572,2759
103407,1072,46514,2763
103408,1072,53050,2527
103409,1072,53050,2522
103410,1072,53050,2521
103411,1072,53050,2525
103412,1072,53050,2523
103413,1072,53050,2530
103414,1072,53050,2528
103415,1072,53050,2529
103416,1072,46802,2606
103417,1072,46503,2601
103418,1072,46701,2602
103419,1072,46602,2605
103420,1072,46604,2604
103421,1072,46703,2607
103422,1072,46504,2603
103423,1072,32201,2101
103424,1072,32201,2114
103425,1072,32000,2111
103426,1072,37900,2313
103427,1072,40000,2314
103428,1072,40102,2307
103429,1072,53050,2524
103430,1072,53050,2526
103431,1073,38000,2129
103432,1073,50060,2100
103433,1073,50040,2109
103434,1073,50040,2107
103435,1073,38101,2101
103436,1073,50112,2106
103437,1073,50113,2112
103438,1073,50116,2114
103439,1073,50112,2110
103440,1073,32102,2117
103441,1073,32100,2104
103442,1073,32001,2113
103443,1073,32001,2120
103444,1073,43010,2364
103445,1073,41000,2301
103446,1073,41000,2307
103447,1073,41000,2305
103448,1073,45000,2306
103449,1073,40004,2313
103450,1073,43400,2312
103451,1073,43001,2300
103452,1073,46811,2757
103453,1073,46743,2756
103454,1073,49432,2190
103455,1073,46631,2760
103456,1073,46583,2753
103457,1073,46544,2750
103458,1073,46674,2754
103459,1073,46572,2763
103460,1073,46691,2759
103461,1073,46712,2761
103462,1073,46591,2758
103463,1073,46652,2755
103464,1073,46552,2762
103465,1073,46702,2605
103466,1073,46701,2604
103467,1073,46504,2603
103468,1073,46604,2601
103469,1073,46605,2607
103470,1073,46505,2606
103471,1073,46603,2602
103472,1073,38000,2108
103473,1073,50113,2103
103474,1073,32100,2116
103475,1073,45000,2308
103476,1073,40005,2302
103477,1073,40101,2310
103478,1074,38000,2127
103479,1074,50060,2104
103480,1074,50011,2106
103481,1074,50011,2108
103482,1074,38100,2120
103483,1074,50103,2117
103484,1074,50113,2103
103485,1074,50116,2101
103486,1074,50103,2113
103487,1074,34101,2107
103488,1074,34002,2110
103489,1074,34100,2116
103490,1074,34100,2109
103491,1074,45010,2360
103492,1074,41000,2312
103493,1074,41000,2301
103494,1074,41000,2307
103495,1074,45000,2306
103496,1074,40003,2308
103497,1074,40101,2314
103498,1074,43400,2302
103499,1074,46874,2757
103500,1074,46681,2756
103501,1074,49412,2190
103502,1074,46583,2754
103503,1074,46631,2762
103504,1074,46541,2750
103505,1074,46673,2753
103506,1074,46692,2758
103507,1074,46511,2755
103508,1074,46572,2761
103509,1074,46626,2760
103510,1074,46712,2763
103511,1074,45512,2759
103512,1074,46800,2601
103513,1074,46502,2604
103514,1074,46603,2602
103515,1074,46604,2607
103516,1074,46700,2605
103517,1074,46505,2606
103518,1074,46704,2603
103519,1074,50011,2111
103520,1074,50060,2114
103521,1074,38000,2100
103522,1074,37900,2300
103523,1074,45000,2305
103524,1074,40006,2313
103525,1075,52420,1107
103526,1075,52550,1110
103527,1075,52460,1108
103528,1075,52520,1109
103529,1075,53580,1141
103530,1075,53540,1142
103531,1075,53620,1143
103532,1075,53500,1144
103533,1075,49172,1114
103534,1075,49182,1115
103535,1075,49262,1116
103536,1075,53600,1145
103537,1075,53640,1146
103538,1075,53520,1147
103539,1075,53550,1148
103540,1075,49302,1111
103541,1075,49102,1112
103542,1075,49232,1113
103543,1075,46683,1158
103544,1075,46627,1159
103545,1075,46573,1161
103546,1075,45513,1155
103547,1075,46721,1165
103548,1075,46551,1163
103549,1075,46713,1162
103550,1075,46563,1156
103551,1075,46641,1164
103552,1075,46672,1160
103553,1075,46532,1157
103554,1075,51000,1150
103555,1075,51000,1153
103556,1075,51150,1152
103557,1075,46632,1103
103558,1075,53680,1135
103559,1075,53820,1136
103560,1075,53830,1137
103561,1075,53700,1138
103562,1075,53860,1139
103563,1075,53870,1140
103564,1075,51105,1151
103565,1075,46662,1166
103566,1076,52420,1107
103567,1076,52570,1110
103568,1076,52450,1108
103569,1076,52500,1109
103570,1076,53580,1141
103571,1076,53540,1142
103572,1076,53620,1143
103573,1076,53500,1144
103574,1076,49302,1114
103575,1076,49212,1115
103576,1076,49202,1116
103577,1076,53600,1145
103578,1076,53640,1146
103579,1076,53520,1147
103580,1076,53550,1148
103581,1076,47902,1111
103582,1076,49282,1112
103583,1076,48402,1113
103584,1076,46652,1155
103585,1076,46721,1157
103586,1076,45514,1164
103587,1076,46552,1158
103588,1076,46515,1160
103589,1076,46712,1163
103590,1076,46771,1162
103591,1076,46584,1161
103592,1076,46532,1159
103593,1076,46523,1165
103594,1076,46673,1156
103595,1076,51000,1151
103596,1076,51000,1152
103597,1076,51102,1153
103598,1076,46741,1103
103599,1076,53670,1135
103600,1076,53800,1136
103601,1076,53810,1137
103602,1076,53710,1138
103603,1076,53880,1139
103604,1076,53890,1140
103605,1076,51050,1150
103606,1076,46632,1166
103607,1077,52400,1107
103608,1077,52570,1110
103609,1077,52460,1108
103610,1077,52500,1109
103611,1077,53590,1141
103612,1077,53570,1142
103613,1077,53630,1143
103614,1077,53510,1144
103615,1077,49902,1114
103616,1077,48402,1115
103617,1077,48302,1116
103618,1077,53600,1145
103619,1077,53640,1146
103620,1077,53520,1147
103621,1077,53560,1148
103622,1077,48102,1111
103623,1077,49242,1112
103624,1077,48602,1113
103625,1077,46724,1156
103626,1077,46571,1159
103627,1077,46772,1165
103628,1077,46694,1158
103629,1077,45511,1155
103630,1077,46516,1162
103631,1077,46652,1164
103632,1077,46743,1163
103633,1077,46673,1160
103634,1077,46641,1157
103635,1077,46543,1161
103636,1077,51000,1150
103637,1077,51000,1152
103638,1077,46683,1103
103639,1077,53670,1135
103640,1077,53800,1136
103641,1077,53810,1137
103642,1077,53720,1138
103643,1077,53900,1139
103644,1077,53910,1140
103645,1077,53000,1201
103646,1077,53000,1202
103647,1077,53000,1200
103648,1077,51103,1151
103649,1077,51150,1153
103650,1077,46581,1166
103651,1078,52400,1107
103652,1078,52550,1110
103653,1078,52450,1108
103654,1078,52500,1109
103655,1078,53580,1141
103656,1078,53540,1142
103657,1078,53620,1143
103658,1078,53500,1144
103659,1078,49272,1114
103660,1078,49102,1115
103661,1078,49212,1116
103662,1078,53610,1145
103663,1078,53490,1146
103664,1078,53530,1147
103665,1078,53560,1148
103666,1078,49292,1111
103667,1078,49172,1112
103668,1078,48802,1113
103669,1078,46653,1164
103670,1078,46552,1160
103671,1078,46712,1165
103672,1078,46573,1156
103673,1078,46741,1158
103674,1078,46542,1155
103675,1078,46722,1159
103676,1078,46696,1163
103677,1078,46581,1157
103678,1078,46671,1162
103679,1078,46642,1161
103680,1078,51000,1152
103681,1078,51000,1150
103682,1078,46532,1103
103683,1078,53670,1135
103684,1078,53800,1136
103685,1078,53810,1137
103686,1078,53700,1138
103687,1078,53860,1139
103688,1078,53870,1140
103689,1078,51109,1151
103690,1078,51050,1153
103691,1078,53990,1211
103692,1078,46522,1166
103693,1079,52420,1107
103694,1079,52550,1110
103695,1079,52450,1108
103696,1079,52500,1109
103697,1079,53590,1141
103698,1079,53570,1142
103699,1079,53630,1143
103700,1079,53510,1144
103701,1079,49272,1114
103702,1079,49202,1115
103703,1079,49252,1116
103704,1079,53610,1145
103705,1079,53490,1146
103706,1079,53530,1147
103707,1079,53550,1148
103708,1079,49292,1111
103709,1079,49302,1112
103710,1079,48502,1113
103711,1079,46511,1164
103712,1079,45512,1158
103713,1079,46713,1163
103714,1079,46722,1155
103715,1079,46628,1160
103716,1079,46653,1157
103717,1079,46691,1162
103718,1079,46682,1159
103719,1079,46524,1161
103720,1079,46631,1165
103721,1079,46533,1156
103722,1079,51000,1152
103723,1079,51000,1151
103724,1079,51104,1153
103725,1079,46673,1103
103726,1079,53680,1135
103727,1079,53820,1136
103728,1079,53830,1137
103729,1079,53710,1138
103730,1079,53880,1139
103731,1079,53890,1140
103732,1079,53050,1201
103733,1079,53050,1202
103734,1079,53050,1200
103735,1079,51150,1150
103736,1079,53990,1211
103737,1079,46642,1166
103738,1080,30301,2128
103739,1080,50060,2108
103740,1080,50040,2100
103741,1080,50040,2110
103742,1080,30300,2109
103743,1080,50103,2101
103744,1080,50104,2106
103745,1080,50116,2104
103746,1080,50103,2116
103747,1080,32201,2113
103748,1080,32100,2120
103749,1080,32200,2112
103750,1080,32201,2107
103751,1080,44010,2362
103752,1080,41000,2307
103753,1080,41000,2313
103754,1080,41000,2306
103755,1080,45000,2310
103756,1080,40103,2305
103757,1080,43001,2308
103758,1080,40102,2300
103759,1080,46883,2757
103760,1080,46643,2756
103761,1080,49413,2190
103762,1080,46683,2762
103763,1080,46742,2750
103764,1080,46534,2754
103765,1080,46662,2759
103766,1080,46724,2755
103767,1080,45513,2753
103768,1080,46714,2758
103769,1080,46651,2761
103770,1080,46551,2763
103771,1080,46773,2760
103772,1080,46801,2601
103773,1080,46703,2603
103774,1080,46604,2607
103775,1080,46502,2604
103776,1080,46701,2605
103777,1080,46606,2606
103778,1080,46505,2602
103779,1080,49400,2716
103780,1080,50040,2103
103781,1080,32200,2111
103782,1080,32100,2117
103783,1080,37900,2301
103784,1080,45000,2302
103785,1080,40002,2314
103786,1081,30000,2121
103787,1081,50060,2104
103788,1081,50020,2120
103789,1081,50060,2110
103790,1081,30301,2108
103791,1081,50104,2106
103792,1081,50114,2109
103793,1081,50102,2111
103794,1081,50114,2112
103795,1081,34103,2116
103796,1081,34300,2103
103797,1081,34002,2107
103798,1081,34103,2100
103799,1081,43410,2350
103800,1081,41000,2312
103801,1081,41000,2313
103802,1081,41000,2305
103803,1081,45000,2301
103804,1081,40009,2302
103805,1081,40101,2314
103806,1081,43501,2308
103807,1081,46822,2757
103808,1081,46682,2756
103809,1081,49433,2190
103810,1081,46632,2754
103811,1081,46661,2750
103812,1081,46641,2763
103813,1081,46541,2753
103814,1081,46573,2758
103815,1081,46692,2760
103816,1081,46593,2761
103817,1081,46721,2755
103818,1081,46772,2762
103819,1081,46628,2759
103820,1081,53000,2523
103821,1081,53000,2525
103822,1081,53000,2524
103823,1081,53000,2529
103824,1081,53000,2530
103825,1081,53000,2527
103826,1081,53000,2526
103827,1081,53000,2521
103828,1081,46602,2606
103829,1081,46604,2604
103830,1081,46503,2603
103831,1081,46603,2605
103832,1081,46704,2601
103833,1081,46701,2607
103834,1081,46504,2602
103835,1081,49400,2717
103836,1081,50060,2113
103837,1081,50020,2117
103838,1081,50104,2114
103839,1081,43401,2310
103840,1081,43501,2307
103841,1081,43501,2306
103842,1081,53000,2528
103843,1081,53000,2520
103844,1082,30000,2127
103845,1082,50001,2101
103846,1082,50060,2104
103847,1082,50001,2117
103848,1082,30001,2114
103849,1082,50104,2111
103850,1082,50103,2109
103851,1082,50102,2107
103852,1082,50102,2108
103853,1082,32102,2110
103854,1082,32000,2100
103855,1082,32200,2103
103856,1082,32000,2106
103857,1082,43010,2360
103858,1082,41000,2302
103859,1082,41000,2312
103860,1082,41000,2314
103861,1082,45000,2307
103862,1082,40102,2301
103863,1082,40101,2308
103864,1082,43401,2300
103865,1082,46823,2757
103866,1082,46741,2756
103867,1082,49434,2190
103868,1082,46584,2753
103869,1082,46533,2760
103870,1082,46633,2754
103871,1082,46661,2762
103872,1082,46693,2750
103873,1082,46722,2763
103874,1082,46592,2758
103875,1082,46713,2761
103876,1082,46625,2759
103877,1082,45514,2755
103878,1082,53000,2530
103879,1082,53000,2527
103880,1082,53000,2529
103881,1082,53000,2522
103882,1082,53000,2528
103883,1082,53000,2521
103884,1082,53000,2520
103885,1082,53000,2525
103886,1082,46502,2606
103887,1082,46700,2607
103888,1082,46604,2602
103889,1082,46703,2601
103890,1082,46606,2605
103891,1082,46505,2604
103892,1082,46602,2603
103893,1082,30000,2120
103894,1082,50104,2116
103895,1082,50103,2113
103896,1082,45000,2313
103897,1082,40005,2305
103898,1082,43501,2306
103899,1082,53000,2524
103900,1082,53000,2526
103901,1083,38000,2128
103902,1083,50011,2100
103903,1083,50060,2110
103904,1083,50011,2113
103905,1083,38101,2104
103906,1083,50104,2117
103907,1083,50113,2107
103908,1083,50103,2103
103909,1083,50113,2101
103910,1083,34002,2112
103911,1083,34000,2111
103912,1083,34103,2116
103913,1083,34000,2108
103914,1083,43410,2362
103915,1083,41000,2314
103916,1083,41000,2308
103917,1083,41000,2300
103918,1083,45000,2306
103919,1083,40000,2301
103920,1083,40103,2302
103921,1083,43001,2307
103922,1083,46954,2757
103923,1083,46644,2756
103924,1083,49435,2190
103925,1083,46563,2755
103926,1083,46662,2758
103927,1083,46534,2753
103928,1083,46542,2763
103929,1083,46573,2761
103930,1083,46627,2750
103931,1083,45511,2759
103932,1083,46512,2762
103933,1083,46653,2760
103934,1083,46712,2754
103935,1083,46802,2601
103936,1083,46702,2605
103937,1083,46703,2602
103938,1083,46505,2607
103939,1083,46605,2606
103940,1083,46603,2604
103941,1083,46503,2603
103942,1083,50011,2106
103943,1083,50011,2109
103944,1083,38000,2120
103945,1083,37900,2305
103946,1083,45000,2310
103947,1083,43001,2313
103948,1084,38100,2123
103949,1084,50001,2103
103950,1084,50030,2110
103951,1084,50001,2106
103952,1084,38001,2104
103953,1084,50103,2107
103954,1084,50113,2116
103955,1084,50114,2100
103956,1084,50113,2113
103957,1084,32201,2111
103958,1084,32102,2109
103959,1084,32000,2112
103960,1084,32000,2101
103961,1084,43410,2352
103962,1084,41000,2308
103963,1084,41000,2307
103964,1084,41000,2305
103965,1084,45000,2306
103966,1084,40103,2300
103967,1084,43501,2313
103968,1084,43001,2301
103969,1084,46823,2757
103970,1084,46683,2756
103971,1084,49436,2190
103972,1084,46671,2761
103973,1084,46544,2760
103974,1084,46633,2758
103975,1084,46522,2755
103976,1084,46722,2759
103977,1084,46571,2753
103978,1084,45512,2762
103979,1084,46593,2750
103980,1084,46627,2754
103981,1084,46772,2763
103982,1084,46801,2606
103983,1084,46504,2601
103984,1084,46604,2602
103985,1084,46503,2604
103986,1084,46700,2605
103987,1084,46605,2607
103988,1084,46703,2603
103989,1084,50001,2117
103990,1084,50030,2108
103991,1084,38100,2114
103992,1084,40005,2310
103993,1084,43001,2312
103994,1084,40101,2314
103995,1085,38000,2123
103996,1085,50001,2106
103997,1085,50011,2103
103998,1085,50011,2116
103999,1085,38001,2104
104000,1085,50113,2109
104001,1085,50100,2110
104002,1085,50103,2100
104003,1085,50100,2112
104004,1085,34003,2113
104005,1085,34101,2107
104006,1085,34002,2101
104007,1085,34002,2108
104008,1085,41010,2352
104009,1085,41000,2305
104010,1085,41000,2300
104011,1085,41000,2306
104012,1085,45000,2314
104013,1085,40000,2308
104014,1085,43401,2310
104015,1085,43501,2312
104016,1085,46884,2757
104017,1085,46742,2756
104018,1085,49414,2190
104019,1085,46642,2761
104020,1085,46563,2750
104021,1085,46681,2762
104022,1085,46543,2754
104023,1085,46773,2763
104024,1085,46554,2753
104025,1085,46573,2759
104026,1085,46711,2758
104027,1085,46694,2755
104028,1085,45511,2760
104029,1085,46704,2601
104030,1085,46504,2606
104031,1085,46602,2603
104032,1085,46503,2604
104033,1085,46605,2605
104034,1085,46702,2607
104035,1085,46603,2602
104036,1085,49400,2714
104037,1085,50011,2111
104038,1085,38001,2114
104039,1085,50103,2117
104040,1085,43401,2301
104041,1085,43501,2313
104042,1085,40102,2307
104043,1086,30301,2126
104044,1086,50001,2120
104045,1086,50040,2103
104046,1086,50040,2109
104047,1086,30001,2117
104048,1086,50114,2116
104049,1086,50103,2101
104050,1086,50113,2107
104051,1086,50103,2111
104052,1086,32101,2104
104053,1086,32201,2112
104054,1086,32000,2110
104055,1086,32000,2106
104056,1086,43010,2358
104057,1086,41000,2310
104058,1086,41000,2314
104059,1086,41000,2302
104060,1086,45000,2305
104061,1086,40001,2312
104062,1086,43400,2306
104063,1086,43401,2301
104064,1086,46821,2757
104065,1086,46681,2756
104066,1086,49437,2190
104067,1086,46541,2760
104068,1086,46674,2753
104069,1086,46633,2750
104070,1086,46563,2759
104071,1086,46653,2763
104072,1086,45513,2755
104073,1086,46772,2758
104074,1086,46695,2761
104075,1086,46628,2754
104076,1086,46714,2762
104077,1086,53000,2523
104078,1086,53000,2529
104079,1086,53000,2521
104080,1086,53000,2528
104081,1086,53000,2527
104082,1086,53000,2522
104083,1086,53000,2524
104084,1086,53000,2525
104085,1086,46603,2602
104086,1086,46605,2605
104087,1086,46703,2607
104088,1086,46504,2606
104089,1086,46604,2604
104090,1086,46704,2601
104091,1086,46502,2603
104092,1086,49400,2713
104093,1086,50040,2113
104094,1086,50114,2114
104095,1086,32101,2100
104096,1086,43400,2307
104097,1086,43400,2300
104098,1086,40102,2313
104099,1086,53000,2530
104100,1086,53000,2526
104101,1087,30301,2126
104102,1087,50020,2100
104103,1087,50040,2107
104104,1087,50040,2110
104105,1087,30000,2112
104106,1087,50102,2114
104107,1087,50114,2103
104108,1087,50112,2106
104109,1087,50102,2111
104110,1087,32201,2109
104111,1087,32001,2117
104112,1087,32100,2120
104113,1087,32201,2113
104114,1087,43411,2358
104115,1087,41000,2310
104116,1087,41000,2313
104117,1087,41000,2305
104118,1087,45000,2312
104119,1087,40000,2307
104120,1087,43400,2302
104121,1087,43501,2306
104122,1087,46955,2757
104123,1087,46641,2756
104124,1087,49438,2190
104125,1087,46683,2755
104126,1087,46671,2754
104127,1087,46581,2753
104128,1087,46524,2762
104129,1087,46516,2763
104130,1087,46628,2750
104131,1087,46553,2758
104132,1087,45514,2759
104133,1087,46774,2760
104134,1087,46714,2761
104135,1087,46800,2606
104136,1087,46504,2601
104137,1087,46702,2604
104138,1087,46603,2605
104139,1087,46703,2602
104140,1087,46604,2607
104141,1087,46503,2603
104142,1087,49400,2714
104143,1087,30000,2116
104144,1087,32100,2104
104145,1087,32001,2101
104146,1087,45000,2300
104147,1087,43400,2314
104148,1087,40101,2301
104149,1088,38101,2121
104150,1088,50060,2114
104151,1088,50011,2111
104152,1088,50011,2108
104153,1088,38001,2116
104154,1088,50102,2117
104155,1088,50104,2100
104156,1088,50112,2106
104157,1088,50104,2113
104158,1088,34300,2120
104159,1088,34102,2110
104160,1088,34104,2104
104161,1088,34300,2112
104162,1088,41010,2350
104163,1088,41000,2308
104164,1088,41000,2306
104165,1088,41000,2301
104166,1088,45000,2305
104167,1088,40000,2313
104168,1088,43400,2314
104169,1088,40103,2310
104170,1088,46822,2757
104171,1088,46672,2756
104172,1088,49425,2190
104173,1088,46581,2755
104174,1088,46643,2759
104175,1088,46683,2761
104176,1088,46562,2760
104177,1088,46773,2762
104178,1088,46591,2750
104179,1088,46713,2753
104180,1088,45511,2758
104181,1088,46625,2754
104182,1088,46651,2763
104183,1088,53000,2524
104184,1088,53000,2529
104185,1088,53000,2526
104186,1088,53000,2528
104187,1088,53000,2527
104188,1088,53000,2520
104189,1088,53000,2525
104190,1088,53000,2530
104191,1088,46702,2601
104192,1088,46701,2607
104193,1088,46605,2602
104194,1088,46603,2606
104195,1088,46604,2605
104196,1088,46503,2604
104197,1088,46505,2603
104198,1088,50011,2107
104199,1088,34104,2109
104200,1088,34300,2103
104201,1088,40003,2302
104202,1088,40102,2307
104203,1088,43501,2312
104204,1088,53000,2521
104205,1088,53000,2522
104206,1089,30001,2126
104207,1089,50001,2103
104208,1089,50040,2117
104209,1089,50040,2109
104210,1089,30301,2101
104211,1089,50104,2100
104212,1089,50113,2113
104213,1089,50100,2110
104214,1089,50104,2116
104215,1089,34103,2107
104216,1089,34102,2112
104217,1089,34300,2104
104218,1089,34103,2111
104219,1089,43011,2358
104220,1089,41000,2314
104221,1089,41000,2300
104222,1089,41000,2307
104223,1089,45000,2312
104224,1089,40006,2310
104225,1089,40102,2301
104226,1089,43000,2313
104227,1089,46951,2757
104228,1089,46531,2756
104229,1089,49426,2190
104230,1089,46682,2750
104231,1089,46742,2754
104232,1089,46522,2753
104233,1089,46662,2761
104234,1089,45512,2763
104235,1089,46627,2759
104236,1089,46723,2760
104237,1089,46773,2755
104238,1089,46551,2758
104239,1089,46516,2762
104240,1089,53050,2523
104241,1089,53050,2521
104242,1089,53050,2524
104243,1089,53050,2526
104244,1089,53050,2530
104245,1089,53050,2525
104246,1089,53050,2528
104247,1089,53050,2529
104248,1089,46800,2606
104249,1089,46504,2602
104250,1089,46603,2605
104251,1089,46503,2604
104252,1089,46703,2601
104253,1089,46704,2607
104254,1089,46604,2603
104255,1089,49400,2715
104256,1089,50001,2106
104257,1089,50100,2120
104258,1089,34102,2114
104259,1089,45000,2305
104260,1089,40101,2306
104261,1089,40003,2302
104262,1089,53050,2527
104263,1089,53050,2522
104264,1090,38101,2122
104265,1090,50001,2103
104266,1090,50040,2112
104267,1090,50001,2109
104268,1090,38000,2110
104269,1090,50102,2107
104270,1090,50103,2116
104271,1090,50104,2101
104272,1090,50103,2104
104273,1090,34102,2117
104274,1090,34200,2114
104275,1090,34003,2113
104276,1090,34003,2120
104277,1090,45010,2351
104278,1090,41000,2312
104279,1090,41000,2313
104280,1090,41000,2310
104281,1090,45000,2308
104282,1090,40006,2305
104283,1090,43000,2314
104284,1090,43501,2306
104285,1090,46871,2757
104286,1090,46532,2756
104287,1090,49415,2190
104288,1090,46641,2754
104289,1090,46742,2761
104290,1090,46662,2750
104291,1090,46633,2753
104292,1090,46721,2762
104293,1090,46714,2760
104294,1090,46628,2755
104295,1090,46773,2758
104296,1090,46571,2759
104297,1090,46691,2763
104298,1090,46605,2606
104299,1090,46606,2602
104300,1090,46700,2604
104301,1090,46505,2601
104302,1090,46604,2607
104303,1090,46504,2605
104304,1090,46704,2603
104305,1090,49400,2712
104306,1090,50001,2106
104307,1090,38101,2108
104308,1090,34102,2111
104309,1090,45000,2302
104310,1090,40101,2307
104311,1090,40103,2300
104312,1091,30301,2127
104313,1091,50060,2111
104314,1091,50001,2101
104315,1091,50001,2107
104316,1091,30000,2109
104317,1091,50114,2117
104318,1091,50104,2120
104319,1091,50102,2106
104320,1091,50104,2116
104321,1091,34104,2103
104322,1091,34103,2104
104323,1091,34002,2110
104324,1091,34103,2114
104325,1091,43411,2360
104326,1091,41000,2305
104327,1091,41000,2312
104328,1091,41000,2307
104329,1091,45000,2313
104330,1091,40008,2300
104331,1091,40102,2302
104332,1091,43001,2306
104333,1091,46912,2757
104334,1091,46533,2756
104335,1091,49416,2190
104336,1091,46663,2758
104337,1091,46522,2759
104338,1091,46641,2762
104339,1091,46542,2753
104340,1091,46772,2754
104341,1091,46573,2750
104342,1091,46714,2755
104343,1091,46723,2763
104344,1091,45513,2760
104345,1091,46554,2761
104346,1091,46602,2606
104347,1091,46504,2601
104348,1091,46502,2603
104349,1091,46603,2607
104350,1091,46702,2605
104351,1091,46703,2604
104352,1091,46605,2602
104353,1091,50060,2113
104354,1091,50102,2100
104355,1091,34002,2108
104356,1091,37900,2314
104357,1091,40007,2308
104358,1091,43401,2301
104359,1092,38000,2123
104360,1092,50050,2116
104361,1092,50011,2101
104362,1092,50011,2113
104363,1092,38001,2114
104364,1092,50102,2103
104365,1092,50100,2100
104366,1092,50103,2111
104367,1092,50103,2109
104368,1092,32102,2108
104369,1092,32101,2117
104370,1092,32201,2104
104371,1092,32101,2106
104372,1092,41010,2352
104373,1092,41000,2310
104374,1092,41000,2306
104375,1092,41000,2308
104376,1092,45000,2313
104377,1092,40009,2300
104378,1092,40103,2305
104379,1092,43501,2301
104380,1092,46872,2757
104381,1092,46673,2756
104382,1092,49417,2190
104383,1092,46543,2753
104384,1092,46522,2750
104385,1092,46642,2763
104386,1092,46681,2755
104387,1092,46774,2762
104388,1092,46692,2760
104389,1092,46571,2758
104390,1092,46711,2761
104391,1092,46553,2759
104392,1092,46627,2754
104393,1092,53000,2530
104394,1092,53000,2522
104395,1092,53000,2527
104396,1092,53000,2528
104397,1092,53000,2521
104398,1092,53000,2523
104399,1092,53000,2529
104400,1092,53000,2524
104401,1092,46504,2607
104402,1092,46602,2602
104403,1092,46701,2601
104404,1092,46603,2605
104405,1092,46700,2606
104406,1092,46604,2604
104407,1092,46502,2603
104408,1092,49400,2710
104409,1092,50011,2112
104410,1092,38000,2107
104411,1092,50103,2110
104412,1092,40004,2312
104413,1092,40101,2314
104414,1092,43501,2307
104415,1092,53000,2525
104416,1092,53000,2526
104417,1093,20500,2106
104418,1093,30301,2124
104419,1093,50050,2100
104420,1093,50001,2111
104421,1093,50050,2109
104422,1093,30001,2116
104423,1093,50104,2117
104424,1093,50102,2110
104425,1093,50103,2101
104426,1093,50102,2114
104427,1093,34100,2107
104428,1093,34103,2104
104429,1093,34001,2103
104430,1093,34001,2113
104431,1093,45010,2356
104432,1093,41000,2314
104433,1093,41000,2302
104434,1093,41000,2312
104435,1093,45000,2301
104436,1093,40101,2307
104437,1093,40103,2310
104438,1093,43000,2300
104439,1093,46914,2757
104440,1093,46663,2756
104441,1093,49427,2190
104442,1093,46563,2760
104443,1093,46742,2759
104444,1093,46672,2762
104445,1093,46523,2755
104446,1093,46628,2758
104447,1093,45514,2753
104448,1093,46551,2750
104449,1093,46511,2763
104450,1093,46693,2761
104451,1093,46773,2754
104452,1093,46603,2602
104453,1093,46505,2605
104454,1093,46704,2607
104455,1093,46602,2604
104456,1093,46703,2606
104457,1093,46606,2601
104458,1093,46502,2603
104459,1093,50001,2108
104460,1093,34001,2112
104461,1093,37900,2308
104462,1093,45000,2305
104463,1093,40005,2313
104464,1094,38101,2123
104465,1094,50011,2111
104466,1094,50020,2100
104467,1094,50011,2116
104468,1094,38100,2110
104469,1094,50113,2106
104470,1094,50112,2104
104471,1094,50103,2108
104472,1094,50113,2101
104473,1094,34000,2117
104474,1094,34002,2113
104475,1094,34003,2114
104476,1094,34002,2107
104477,1094,44010,2352
104478,1094,41000,2306
104479,1094,41000,2313
104480,1094,41000,2300
104481,1094,45000,2307
104482,1094,40001,2310
104483,1094,43000,2301
104484,1094,40102,2305
104485,1094,46812,2757
104486,1094,46674,2756
104487,1094,49418,2190
104488,1094,46523,2763
104489,1094,46682,2754
104490,1094,46561,2755
104491,1094,46663,2759
104492,1094,46694,2762
104493,1094,46652,2758
104494,1094,46571,2760
104495,1094,46515,2761
104496,1094,46723,2750
104497,1094,46622,2753
104498,1094,53050,2526
104499,1094,53050,2524
104500,1094,53050,2529
104501,1094,53050,2520
104502,1094,53050,2525
104503,1094,53050,2527
104504,1094,53050,2530
104505,1094,53050,2521
104506,1094,46606,2605
104507,1094,46604,2602
104508,1094,46503,2607
104509,1094,46502,2601
104510,1094,46602,2606
104511,1094,46701,2604
104512,1094,46703,2603
104513,1094,49400,2713
104514,1094,38100,2109
104515,1094,34000,2103
104516,1094,34000,2112
104517,1094,40004,2314
104518,1094,43000,2308
104519,1094,43000,2312
104520,1094,53050,2528
104521,1094,53050,2522
104522,1095,38101,2126
104523,1095,50030,2107
104524,1095,50001,2101
104525,1095,50001,2113
104526,1095,38000,2111
104527,1095,50116,2104
104528,1095,50112,2117
104529,1095,50100,2114
104530,1095,50112,2120
104531,1095,32102,2103
104532,1095,32201,2100
104533,1095,32000,2110
104534,1095,32102,2116
104535,1095,45010,2358
104536,1095,41000,2307
104537,1095,41000,2300
104538,1095,41000,2302
104539,1095,45000,2306
104540,1095,40005,2305
104541,1095,43001,2314
104542,1095,40101,2310
104543,1095,46914,2757
104544,1095,46671,2756
104545,1095,49411,2190
104546,1095,46582,2762
104547,1095,46534,2758
104548,1095,46662,2755
104549,1095,46542,2750
104550,1095,46771,2760
104551,1095,45511,2759
104552,1095,46622,2761
104553,1095,46572,2753
104554,1095,46696,2754
104555,1095,46713,2763
104556,1095,53050,2522
104557,1095,53050,2521
104558,1095,53050,2525
104559,1095,53050,2520
104560,1095,53050,2529
104561,1095,53050,2524
104562,1095,53050,2528
104563,1095,53050,2527
104564,1095,46606,2605
104565,1095,46605,2604
104566,1095,46502,2601
104567,1095,46702,2602
104568,1095,46505,2606
104569,1095,46704,2607
104570,1095,46603,2603
104571,1095,50030,2109
104572,1095,50100,2106
104573,1095,32201,2112
104574,1095,37900,2312
104575,1095,45000,2313
104576,1095,40001,2301
104577,1095,53050,2530
104578,1095,53050,2523
104579,1096,20400,2104
104580,1096,38000,2126
104581,1096,50050,2114
104582,1096,50011,2111
104583,1096,50050,2107
104584,1096,38101,2109
104585,1096,50100,2116
104586,1096,50104,2120
104587,1096,50103,2110
104588,1096,50103,2112
104589,1096,32201,2117
104590,1096,32001,2103
104591,1096,32101,2113
104592,1096,32201,2101
104593,1096,41010,2358
104594,1096,41000,2314
104595,1096,41000,2301
104596,1096,41000,2306
104597,1096,45000,2305
104598,1096,40102,2302
104599,1096,43400,2312
104600,1096,40103,2313
104601,1096,46873,2757
104602,1096,46534,2756
104603,1096,49428,2190
104604,1096,46671,2755
104605,1096,46543,2750
104606,1096,46631,2753
104607,1096,46741,2758
104608,1096,46516,2754
104609,1096,46652,2763
104610,1096,46711,2760
104611,1096,46723,2759
104612,1096,46627,2761
104613,1096,46593,2762
104614,1096,46802,2603
104615,1096,46605,2606
104616,1096,46702,2602
104617,1096,46701,2604
104618,1096,46503,2607
104619,1096,46606,2605
104620,1096,46505,2601
104621,1096,49400,2713
104622,1096,50050,2100
104623,1096,50104,2106
104624,1096,45000,2300
104625,1096,40008,2310
104626,1096,43400,2307
104627,1097,38100,2121
104628,1097,50011,2107
104629,1097,50030,2109
104630,1097,50011,2110
104631,1097,38001,2111
104632,1097,50103,2100
104633,1097,50102,2108
104634,1097,50100,2116
104635,1097,50100,2117
104636,1097,32102,2103
104637,1097,32101,2113
104638,1097,32000,2112
104639,1097,32102,2114
104640,1097,44010,2350
104641,1097,41000,2305
104642,1097,41000,2314
104643,1097,41000,2307
104644,1097,45000,2310
104645,1097,40007,2308
104646,1097,43001,2301
104647,1097,43401,2313
104648,1097,46913,2757
104649,1097,46562,2756
104650,1097,49431,2190
104651,1097,46644,2759
104652,1097,46632,2763
104653,1097,46523,2753
104654,1097,46542,2760
104655,1097,46515,2750
104656,1097,46591,2762
104657,1097,46572,2758
104658,1097,46628,2761
104659,1097,46554,2755
104660,1097,45512,2754
104661,1097,46602,2607
104662,1097,46701,2606
104663,1097,46504,2602
104664,1097,46505,2601
104665,1097,46704,2605
104666,1097,46606,2604
104667,1097,46604,2603
104668,1097,50011,2120
104669,1097,38100,2104
104670,1097,50100,2106
104671,1097,45000,2312
104672,1097,40102,2302
104673,1097,43401,2306
104674,1098,38000,2122
104675,1098,50030,2112
104676,1098,50001,2101
104677,1098,50001,2104
104678,1098,38100,2113
104679,1098,50103,2108
104680,1098,50112,2111
104681,1098,50116,2120
104682,1098,50103,2116
104683,1098,34200,2117
104684,1098,34002,2106
104685,1098,34102,2103
104686,1098,34102,2109
104687,1098,44010,2351
104688,1098,41000,2310
104689,1098,41000,2312
104690,1098,41000,2313
104691,1098,45000,2307
104692,1098,40005,2302
104693,1098,40102,2314
104694,1098,43501,2306
104695,1098,46811,2757
104696,1098,46563,2756
104697,1098,49412,2190
104698,1098,46663,2761
104699,1098,46633,2763
104700,1098,46524,2753
104701,1098,46683,2754
104702,1098,46691,2759
104703,1098,46774,2750
104704,1098,46593,2758
104705,1098,46711,2755
104706,1098,46552,2760
104707,1098,46627,2762
104708,1098,53000,2526
104709,1098,53000,2530
104710,1098,53000,2523
104711,1098,53000,2527
104712,1098,53000,2521
104713,1098,53000,2528
104714,1098,53000,2524
104715,1098,53000,2525
104716,1098,46602,2601
104717,1098,46704,2602
104718,1098,46604,2604
104719,1098,46503,2606
104720,1098,46504,2605
104721,1098,46700,2607
104722,1098,46606,2603
104723,1098,49400,2716
104724,1098,50030,2110
104725,1098,50001,2114
104726,1098,50112,2107
104727,1098,37900,2305
104728,1098,45000,2308
104729,1098,40003,2300
104730,1098,53000,2529
104731,1098,53000,2520
104732,1099,38100,2127
104733,1099,50060,2113
104734,1099,50030,2111
104735,1099,50030,2106
104736,1099,38000,2100
104737,1099,50103,2107
104738,1099,50100,2114
104739,1099,50112,2101
104740,1099,50100,2110
104741,1099,34104,2104
104742,1099,34003,2120
104743,1099,34002,2108
104744,1099,34003,2116
104745,1099,44010,2360
104746,1099,41000,2300
104747,1099,41000,2312
104748,1099,41000,2307
104749,1099,45000,2301
104750,1099,40001,2314
104751,1099,43001,2313
104752,1099,40101,2306
104753,1099,46861,2757
104754,1099,46632,2756
104755,1099,49421,2190
104756,1099,46661,2763
104757,1099,46743,2754
104758,1099,46544,2753
104759,1099,46681,2761
104760,1099,46592,2762
104761,1099,45513,2759
104762,1099,46572,2760
104763,1099,46722,2755
104764,1099,46692,2750
104765,1099,46712,2758
104766,1099,46703,2604
104767,1099,46604,2601
104768,1099,46504,2602
104769,1099,46701,2606
104770,1099,46502,2607
104771,1099,46603,2605
104772,1099,46606,2603
104773,1099,49400,2710
104774,1099,50060,2109
104775,1099,50100,2103
104776,1099,50100,2117
104777,1099,45000,2302
104778,1099,40009,2308
104779,1099,40103,2305
104780,1100,30300,2121
104781,1100,50030,2117
104782,1100,50060,2108
104783,1100,30301,2109
104784,1100,50100,2104
104785,1100,50102,2116
104786,1100,50102,2111
104787,1100,34001,2110
104788,1100,34000,2100
104789,1100,34001,2113
104790,1100,43011,2350
104791,1100,41000,2312
104792,1100,41000,2305
104793,1100,41000,2308
104794,1100,40008,2310
104795,1100,40103,2313
104796,1100,43000,2301
104797,1100,46874,2757
104798,1100,46561,2756
104799,1100,49432,2190
104800,1100,46633,2763
104801,1100,46531,2761
104802,1100,46683,2750
104803,1100,46551,2755
104804,1100,46771,2762
104805,1100,46712,2760
104806,1100,46060,2643
104807,1100,46000,2630
104808,1100,46050,2658
104809,1100,46040,2649
104810,1100,46020,2629
104811,1100,46030,2616
104812,1100,46010,2651
104813,1100,46020,2620
104814,1100,46000,2653
104815,1100,46050,2661
104816,1100,46020,2656
104817,1100,46060,2640
104818,1100,46000,2650
104819,1100,46060,2645
104820,1100,46030,2641
104821,1100,46020,2648
104822,1100,46020,2652
104823,1100,46020,2631
104824,1100,46060,2662
104825,1100,46040,2657
104826,1100,46010,2647
104827,1100,46040,2615
104828,1100,46010,2618
104829,1100,46020,2619
104830,1100,46000,2644
104831,1100,46000,2646
104832,1100,46010,2628
104833,1100,46030,2659
104834,1100,46030,2642
104835,1100,46060,2632
104836,1100,46060,2617
104837,1100,46050,2654
104838,1100,46800,2607
104839,1100,46505,2606
104840,1100,46703,2602
104841,1100,46604,2605
104842,1100,49400,2716
104843,1100,34001,2114
104844,1100,34001,2112
104845,1100,45000,2307
104846,1100,40004,2314
104847,1101,30300,2125
104848,1101,50011,2112
104849,1101,50060,2104
104850,1101,30001,2111
104851,1101,50112,2110
104852,1101,50114,2116
104853,1101,50112,2100
104854,1101,32000,2114
104855,1101,32100,2101
104856,1101,32000,2113
104857,1101,44010,2357
104858,1101,41000,2312
104859,1101,41000,2301
104860,1101,41000,2314
104861,1101,40008,2300
104862,1101,40102,2308
104863,1101,43001,2313
104864,1101,46814,2757
104865,1101,46562,2756
104866,1101,49413,2190
104867,1101,46584,2763
104868,1101,46533,2755
104869,1101,46631,2750
104870,1101,46627,2760
104871,1101,46571,2761
104872,1101,46711,2762
104873,1101,53000,2523
104874,1101,53000,2533
104875,1101,53000,2522
104876,1101,53000,2529
104877,1101,53000,2527
104878,1101,53000,2530
104879,1101,53000,2528
104880,1101,53000,2520
104881,1101,46800,2606
104882,1101,46701,2607
104883,1101,46602,2605
104884,1101,46503,2602
104885,1101,49400,2712
104886,1101,50011,2109
104887,1101,32000,2117
104888,1101,37900,2310
104889,1101,45000,2305
104890,1101,53000,2524
104891,1101,53000,2526
104892,1102,38000,2122
104893,1102,50011,2110
104894,1102,50050,2116
104895,1102,38101,2101
104896,1102,50103,2113
104897,1102,50112,2112
104898,1102,50103,2108
104899,1102,34104,2111
104900,1102,34300,2114
104901,1102,34104,2104
104902,1102,43020,2351
104903,1102,41000,2308
104904,1102,41000,2300
104905,1102,41000,2310
104906,1102,40009,2314
104907,1102,43000,2305
104908,1102,40101,2313
104909,1102,46862,2757
104910,1102,46531,2756
104911,1102,49433,2190
104912,1102,46642,2762
104913,1102,46561,2750
104914,1102,46671,2760
104915,1102,45514,2755
104916,1102,46593,2763
104917,1102,46572,2761
104918,1102,46606,2605
104919,1102,46702,2602
104920,1102,46605,2606
104921,1102,46505,2607
104922,1102,49400,2710
104923,1102,50050,2109
104924,1102,34300,2117
104925,1102,37900,2307
104926,1102,45000,2312
104927,1103,38000,2121
104928,1103,50030,2100
104929,1103,50050,2109
104930,1103,38001,2113
104931,1103,50103,2114
104932,1103,50102,2111
104933,1103,50102,2112
104934,1103,32000,2104
104935,1103,32101,2116
104936,1103,32101,2117
104937,1103,45010,2350
104938,1103,41000,2305
104939,1103,41000,2307
104940,1103,41000,2301
104941,1103,40008,2312
104942,1103,40102,2314
104943,1103,43001,2310
104944,1103,46823,2757
104945,1103,46524,2756
104946,1103,49434,2190
104947,1103,46643,2763
104948,1103,46743,2750
104949,1103,46682,2755
104950,1103,46628,2760
104951,1103,46651,2762
104952,1103,46712,2761
104953,1103,46605,2602
104954,1103,46606,2606
104955,1103,46700,2607
104956,1103,46503,2605
104957,1103,49400,2717
104958,1103,32000,2108
104959,1103,32101,2110
104960,1103,43001,2308
104961,1103,43001,2313
104962,1104,30001,2126
104963,1104,50030,2113
104964,1104,50020,2104
104965,1104,30301,2101
104966,1104,50102,2114
104967,1104,50112,2110
104968,1104,50102,2117
104969,1104,32200,2111
104970,1104,32001,2116
104971,1104,32200,2112
104972,1104,43020,2358
104973,1104,41000,2312
104974,1104,41000,2310
104975,1104,41000,2314
104976,1104,40101,2313
104977,1104,43400,2300
104978,1104,40102,2305
104979,1104,46811,2757
104980,1104,46661,2756
104981,1104,49422,2190
104982,1104,46521,2761
104983,1104,46583,2762
104984,1104,46561,2760
104985,1104,46724,2750
104986,1104,46591,2755
104987,1104,46515,2763
104988,1104,46603,2607
104989,1104,46604,2605
104990,1104,46702,2602
104991,1104,46502,2606
104992,1104,30001,2109
104993,1104,50102,2100
104994,1104,45000,2307
104995,1104,40008,2301
104996,1105,38100,2126
104997,1105,50030,2116
104998,1105,50040,2100
104999,1105,38001,2101
105000,1105,50102,2104
105001,1105,50114,2114
105002,1105,50102,2120
105003,1105,34101,2117
105004,1105,34300,2113
105005,1105,41010,2358
105006,1105,41000,2314
105007,1105,41000,2307
105008,1105,41000,2300
105009,1105,40007,2302
105010,1105,43000,2305
105011,1105,40101,2313
105012,1105,46952,2757
105013,1105,46672,2756
105014,1105,49423,2190
105015,1105,46663,2753
105016,1105,46544,2750
105017,1105,46742,2755
105018,1105,45511,2762
105019,1105,46572,2754
105020,1105,46774,2763
105021,1105,53000,2522
105022,1105,53000,2528
105023,1105,53000,2520
105024,1105,53000,2529
105025,1105,53000,2530
105026,1105,53000,2521
105027,1105,53000,2534
105028,1105,53000,2524
105029,1105,46703,2602
105030,1105,46602,2605
105031,1105,46504,2601
105032,1105,46603,2607
105033,1105,49400,2715
105034,1105,50030,2109
105035,1105,38001,2103
105036,1105,37900,2301
105037,1105,45000,2312
105038,1105,53000,2523
105039,1105,53000,2526
105040,1106,38100,2129
105041,1106,50001,2101
105042,1106,50011,2104
105043,1106,38001,2100
105044,1106,50103,2114
105045,1106,50116,2117
105046,1106,50103,2103
105047,1106,32102,2108
105048,1106,32100,2113
105049,1106,43020,2364
105050,1106,41000,2300
105051,1106,41000,2301
105052,1106,41000,2313
105053,1106,40008,2302
105054,1106,40103,2307
105055,1106,43501,2305
105056,1106,46812,2757
105057,1106,46682,2756
105058,1106,49424,2190
105059,1106,46531,2754
105060,1106,46543,2763
105061,1106,46631,2753
105062,1106,46721,2750
105063,1106,46513,2755
105064,1106,46712,2762
105065,1106,46504,2605
105066,1106,46605,2602
105067,1106,46606,2607
105068,1106,46701,2601
105069,1106,50011,2116
105070,1106,38001,2120
105071,1106,37900,2312
105072,1106,45000,2308
105073,1106,20800,2109
105074,1107,38000,2121
105075,1107,50050,2100
105076,1107,50001,2103
105077,1107,38001,2114
105078,1107,50103,2120
105079,1107,50116,2116
105080,1107,50103,2104
105081,1107,34001,2117
105082,1107,34101,2113
105083,1107,43010,2350
105084,1107,41000,2301
105085,1107,41000,2314
105086,1107,41000,2307
105087,1107,40003,2312
105088,1107,43401,2308
105089,1107,40101,2305
105090,1107,46813,2757
105091,1107,46521,2756
105092,1107,49435,2190
105093,1107,46633,2755
105094,1107,46673,2762
105095,1107,46584,2750
105096,1107,46721,2753
105097,1107,46714,2763
105098,1107,46511,2754
105099,1107,53050,2524
105100,1107,53050,2521
105101,1107,53050,2530
105102,1107,53050,2520
105103,1107,53050,2534
105104,1107,53050,2522
105105,1107,53050,2529
105106,1107,53050,2528
105107,1107,46700,2607
105108,1107,46605,2605
105109,1107,46602,2601
105110,1107,46505,2602
105111,1107,50050,2108
105112,1107,34001,2109
105113,1107,40006,2302
105114,1107,43000,2313
105115,1107,53050,2523
105116,1107,53050,2526
105117,1108,30000,2122
105118,1108,50050,2114
105119,1108,50020,2101
105120,1108,30301,2108
105121,1108,50116,2113
105122,1108,50103,2104
105123,1108,50116,2120
105124,1108,32200,2117
105125,1108,32100,2103
105126,1108,43011,2351
105127,1108,41000,2314
105128,1108,41000,2305
105129,1108,41000,2308
105130,1108,40002,2302
105131,1108,43400,2312
105132,1108,43401,2307
105133,1108,46823,2757
105134,1108,46743,2756
105135,1108,49414,2190
105136,1108,46524,2755
105137,1108,46531,2753
105138,1108,46561,2762
105139,1108,45512,2754
105140,1108,46592,2750
105141,1108,46693,2763
105142,1108,46800,2607
105143,1108,46603,2605
105144,1108,46703,2602
105145,1108,46502,2601
105146,1108,49400,2714
105147,1108,32200,2109
105148,1108,32100,2116
105149,1108,40102,2300
105150,1108,40103,2313
105151,1109,20800,2109
105152,1109,38100,2125
105153,1109,50020,2116
105154,1109,50050,2120
105155,1109,38101,2114
105156,1109,50100,2100
105157,1109,50116,2113
105158,1109,50100,2103
105159,1109,32001,2101
105160,1109,32102,2104
105161,1109,43010,2357
105162,1109,41000,2312
105163,1109,41000,2300
105164,1109,41000,2308
105165,1109,40003,2313
105166,1109,40103,2302
105167,1109,43400,2314
105168,1109,46821,2757
105169,1109,46532,2756
105170,1109,49425,2190
105171,1109,46641,2755
105172,1109,46524,2763
105173,1109,46663,2750
105174,1109,45513,2753
105175,1109,46591,2754
105176,1109,46551,2762
105177,1109,46602,2605
105178,1109,46502,2607
105179,1109,46703,2602
105180,1109,46606,2601
105181,1109,50020,2117
105182,1109,45000,2305
105183,1109,43400,2301
105184,1110,38001,2127
105185,1110,50060,2103
105186,1110,50011,2110
105187,1110,38100,2104
105188,1110,50100,2107
105189,1110,50103,2101
105190,1110,50100,2111
105191,1110,32100,2117
105192,1110,32200,2120
105193,1110,32200,2106
105194,1110,41010,2360
105195,1110,41000,2313
105196,1110,41000,2306
105197,1110,41000,2300
105198,1110,40005,2301
105199,1110,40102,2302
105200,1110,46914,2757
105201,1110,46642,2756
105202,1110,49426,2190
105203,1110,46683,2315
105204,1110,46753,2309
105205,1110,46562,2322
105206,1110,46671,2320
105207,1110,46662,2318
105208,1110,46764,2319
105209,1110,46522,2761
105210,1110,46632,2750
105211,1110,46573,2760
105212,1110,45514,2754
105213,1110,46774,2753
105214,1110,46592,2759
105215,1110,46621,2755
105216,1110,46694,2758
105217,1110,53050,2531
105218,1110,53050,2521
105219,1110,53050,2525
105220,1110,53050,2524
105221,1110,53050,2532
105222,1110,53050,2528
105223,1110,53050,2527
105224,1110,53050,2522
105225,1110,46800,2606
105226,1110,46606,2602
105227,1110,46703,2601
105228,1110,46504,2604
105229,1110,46704,2607
105230,1110,46604,2603
105231,1110,41300,2321
105232,1110,43300,2317
105233,1110,43301,2316
105234,1110,50100,2116
105235,1110,32200,2100
105236,1110,45000,2305
105237,1110,43501,2314
105238,1110,53050,2523
105239,1110,53050,2520
105240,1111,38000,2127
105241,1111,50050,2101
105242,1111,50020,2104
105243,1111,38001,2107
105244,1111,50104,2110
105245,1111,50114,2117
105246,1111,50104,2116
105247,1111,32200,2100
105248,1111,32201,2106
105249,1111,32200,2103
105250,1111,43010,2360
105251,1111,41000,2305
105252,1111,41000,2301
105253,1111,41000,2300
105254,1111,40003,2313
105255,1111,40102,2306
105256,1111,46871,2757
105257,1111,46683,2756
105258,1111,49427,2190
105259,1111,46642,2309
105260,1111,46661,2315
105261,1111,46631,2320
105262,1111,46763,2322
105263,1111,46753,2319
105264,1111,46674,2318
105265,1111,46741,2750
105266,1111,46523,2760
105267,1111,45511,2758
105268,1111,46592,2755
105269,1111,46627,2753
105270,1111,46713,2761
105271,1111,46651,2759
105272,1111,46774,2754
105273,1111,53000,2528
105274,1111,53000,2524
105275,1111,53000,2521
105276,1111,53000,2527
105277,1111,53000,2525
105278,1111,53000,2532
105279,1111,53000,2520
105280,1111,53000,2522
105281,1111,46702,2601
105282,1111,46701,2607
105283,1111,46502,2602
105284,1111,46602,2606
105285,1111,46603,2604
105286,1111,46503,2603
105287,1111,41300,2321
105288,1111,43300,2317
105289,1111,43301,2316
105290,1111,49400,2710
105291,1111,50050,2111
105292,1111,50114,2120
105293,1111,40101,2302
105294,1111,43400,2314
105295,1111,53000,2531
105296,1111,53000,2523
105297,1112,38000,2122
105298,1112,50030,2106
105299,1112,50050,2110
105300,1112,38001,2107
105301,1112,50112,2111
105302,1112,50102,2101
105303,1112,50102,2103
105304,1112,32201,2120
105305,1112,32001,2116
105306,1112,32001,2104
105307,1112,43010,2351
105308,1112,41000,2306
105309,1112,41000,2300
105310,1112,41000,2305
105311,1112,40002,2310
105312,1112,40101,2302
105313,1112,46863,2757
105314,1112,46522,2756
105315,1112,49415,2190
105316,1112,46663,2316
105317,1112,46532,2320
105318,1112,46682,2322
105319,1112,46562,2315
105320,1112,46643,2317
105321,1112,46762,2318
105322,1112,46631,2754
105323,1112,46541,2750
105324,1112,46724,2760
105325,1112,46628,2753
105326,1112,45512,2758
105327,1112,46714,2761
105328,1112,46774,2755
105329,1112,46516,2759
105330,1112,46703,2604
105331,1112,46503,2602
105332,1112,46504,2601
105333,1112,46603,2606
105334,1112,46606,2607
105335,1112,46700,2603
105336,1112,41300,2321
105337,1112,43300,2309
105338,1112,43301,2319
105339,1112,38001,2112
105340,1112,50102,2117
105341,1112,37900,2314
105342,1112,40003,2313
105343,1113,30001,2121
105344,1113,50030,2104
105345,1113,50001,2116
105346,1113,30300,2117
105347,1113,50114,2111
105348,1113,50104,2103
105349,1113,50114,2100
105350,1113,34200,2120
105351,1113,34002,2107
105352,1113,34200,2110
105353,1113,43020,2350
105354,1113,41000,2302
105355,1113,41000,2314
105356,1113,41000,2306
105357,1113,40000,2310
105358,1113,40101,2301
105359,1113,46864,2757
105360,1113,46643,2756
105361,1113,49436,2190
105362,1113,46632,2315
105363,1113,46753,2320
105364,1113,46561,2316
105365,1113,46533,2322
105366,1113,46673,2317
105367,1113,46663,2318
105368,1113,46521,2753
105369,1113,46741,2754
105370,1113,46623,2761
105371,1113,46724,2759
105372,1113,46593,2750
105373,1113,46516,2755
105374,1113,46774,2758
105375,1113,46571,2760
105376,1113,46800,2601
105377,1113,46700,2607
105378,1113,46606,2603
105379,1113,46603,2604
105380,1113,46703,2606
105381,1113,46504,2602
105382,1113,41300,2321
105383,1113,43301,2309
105384,1113,43300,2319
105385,1113,49400,2712
105386,1113,50030,2106
105387,1113,50104,2112
105388,1113,45000,2313
105389,1113,40102,2305
105390,1114,20500,2106
105391,1114,30301,2121
105392,1114,50030,2110
105393,1114,50011,2117
105394,1114,30000,2112
105395,1114,50114,2103
105396,1114,50102,2111
105397,1114,50114,2107
105398,1114,34000,2104
105399,1114,34103,2116
105400,1114,34103,2120
105401,1114,43411,2350
105402,1114,41000,2302
105403,1114,41000,2313
105404,1114,41000,2305
105405,1114,40103,2301
105406,1114,40102,2310
105407,1114,46874,2757
105408,1114,46681,2756
105409,1114,49428,2190
105410,1114,46644,2317
105411,1114,46633,2319
105412,1114,46662,2315
105413,1114,46524,2322
105414,1114,46762,2320
105415,1114,46672,2316
105416,1114,46743,2761
105417,1114,46543,2760
105418,1114,46554,2750
105419,1114,46771,2755
105420,1114,46722,2758
105421,1114,45513,2753
105422,1114,46572,2759
105423,1114,46515,2754
105424,1114,46701,2603
105425,1114,46605,2604
105426,1114,46505,2601
105427,1114,46606,2606
105428,1114,46700,2607
105429,1114,46502,2602
105430,1114,41300,2321
105431,1114,43300,2318
105432,1114,43301,2309
105433,1114,49400,2711
105434,1114,34103,2100
105435,1114,45000,2306
105436,1114,40007,2314
105437,1115,52400,1107
105438,1115,52570,1110
105439,1115,52460,1108
105440,1115,52520,1109
105441,1115,53580,1141
105442,1115,53540,1142
105443,1115,53620,1143
105444,1115,53500,1144
105445,1115,49272,1114
105446,1115,49212,1115
105447,1115,49252,1116
105448,1115,53610,1145
105449,1115,53490,1146
105450,1115,53530,1147
105451,1115,53560,1148
105452,1115,48002,1111
105453,1115,49172,1112
105454,1115,49182,1113
105455,1115,45514,1161
105456,1115,46722,1164
105457,1115,46652,1165
105458,1115,46572,1160
105459,1115,46591,1158
105460,1115,46773,1157
105461,1115,46553,1163
105462,1115,46631,1159
105463,1115,46641,1162
105464,1115,46544,1155
105465,1115,46534,1156
105466,1115,51000,1150
105467,1115,51000,1153
105468,1115,51105,1151
105469,1115,51106,1152
105470,1115,46524,1103
105471,1115,53670,1135
105472,1115,53800,1136
105473,1115,53810,1137
105474,1115,53710,1138
105475,1115,53880,1139
105476,1115,53890,1140
105477,1115,49400,1175
105478,1115,53990,1210
105479,1115,46581,1166
105480,1116,52420,1107
105481,1116,52570,1110
105482,1116,52450,1108
105483,1116,52500,1109
105484,1116,53590,1141
105485,1116,53570,1142
105486,1116,53630,1143
105487,1116,53510,1144
105488,1116,49302,1114
105489,1116,49212,1115
105490,1116,49262,1116
105491,1116,53600,1145
105492,1116,53640,1146
105493,1116,53520,1147
105494,1116,53550,1148
105495,1116,49272,1111
105496,1116,49202,1112
105497,1116,48402,1113
105498,1116,46713,1165
105499,1116,46573,1160
105500,1116,46695,1163
105501,1116,45511,1157
105502,1116,46771,1164
105503,1116,46581,1158
105504,1116,46653,1161
105505,1116,46672,1159
105506,1116,46642,1162
105507,1116,46523,1155
105508,1116,46561,1156
105509,1116,51000,1150
105510,1116,51000,1153
105511,1116,46533,1103
105512,1116,53670,1135
105513,1116,53800,1136
105514,1116,53810,1137
105515,1116,53710,1138
105516,1116,53880,1139
105517,1116,53890,1140
105518,1116,53000,1200
105519,1116,53000,1201
105520,1116,53000,1202
105521,1116,51100,1151
105522,1116,51150,1152
105523,1116,53990,1213
105524,1116,46682,1166
105525,1117,52420,1107
105526,1117,52570,1110
105527,1117,52460,1108
105528,1117,52500,1109
105529,1117,53580,1141
105530,1117,53540,1142
105531,1117,53620,1143
105532,1117,53500,1144
105533,1117,49272,1114
105534,1117,49302,1115
105535,1117,48502,1116
105536,1117,53610,1145
105537,1117,53490,1146
105538,1117,53530,1147
105539,1117,53550,1148
105540,1117,49282,1111
105541,1117,49252,1112
105542,1117,49232,1113
105543,1117,46516,1155
105544,1117,46571,1160
105545,1117,46653,1158
105546,1117,45512,1161
105547,1117,46772,1164
105548,1117,46723,1163
105549,1117,46691,1157
105550,1117,46632,1159
105551,1117,46561,1165
105552,1117,46642,1156
105553,1117,46672,1162
105554,1117,51000,1152
105555,1117,51000,1153
105556,1117,51051,1150
105557,1117,46663,1103
105558,1117,53670,1135
105559,1117,53800,1136
105560,1117,53810,1137
105561,1117,53710,1138
105562,1117,53880,1139
105563,1117,53890,1140
105564,1117,49400,1171
105565,1117,51108,1151
105566,1117,53990,1211
105567,1117,46581,1166
105568,1118,52400,1107
105569,1118,52570,1110
105570,1118,52460,1108
105571,1118,52500,1109
105572,1118,53590,1141
105573,1118,53570,1142
105574,1118,53630,1143
105575,1118,53510,1144
105576,1118,49172,1114
105577,1118,49242,1115
105578,1118,48802,1116
105579,1118,53600,1145
105580,1118,53640,1146
105581,1118,53520,1147
105582,1118,53560,1148
105583,1118,49102,1111
105584,1118,47802,1112
105585,1118,48402,1113
105586,1118,46516,1157
105587,1118,46628,1155
105588,1118,46773,1164
105589,1118,46572,1158
105590,1118,46714,1163
105591,1118,46721,1160
105592,1118,46651,1162
105593,1118,46673,1161
105594,1118,46642,1159
105595,1118,46534,1165
105596,1118,46632,1156
105597,1118,51000,1152
105598,1118,51000,1151
105599,1118,46521,1103
105600,1118,53670,1135
105601,1118,53800,1136
105602,1118,53810,1137
105603,1118,53710,1138
105604,1118,53880,1139
105605,1118,53890,1140
105606,1118,49400,1173
105607,1118,51050,1150
105608,1118,51107,1153
105609,1118,46563,1166
105610,1119,52400,1107
105611,1119,52550,1110
105612,1119,52460,1108
105613,1119,52520,1109
105614,1119,53590,1141
105615,1119,53570,1142
105616,1119,53630,1143
105617,1119,53510,1144
105618,1119,49292,1114
105619,1119,49242,1115
105620,1119,48302,1116
105621,1119,53610,1145
105622,1119,53490,1146
105623,1119,53530,1147
105624,1119,53560,1148
105625,1119,49172,1111
105626,1119,48102,1112
105627,1119,48802,1113
105628,1119,46692,1162
105629,1119,45513,1155
105630,1119,46711,1160
105631,1119,46651,1164
105632,1119,46531,1158
105633,1119,46625,1161
105634,1119,46551,1156
105635,1119,46632,1165
105636,1119,46683,1159
105637,1119,46642,1157
105638,1119,46522,1163
105639,1119,51000,1152
105640,1119,51000,1150
105641,1119,46674,1103
105642,1119,53670,1135
105643,1119,53800,1136
105644,1119,53810,1137
105645,1119,53720,1138
105646,1119,53900,1139
105647,1119,53910,1140
105648,1119,49400,1176
105649,1119,53050,1202
105650,1119,53050,1201
105651,1119,53050,1200
105652,1119,51108,1151
105653,1119,51050,1153
105654,1119,46582,1166
105655,1120,52400,1107
105656,1120,52570,1110
105657,1120,52450,1108
105658,1120,52500,1109
105659,1120,53590,1141
105660,1120,53570,1142
105661,1120,53630,1143
105662,1120,53510,1144
105663,1120,49902,1114
105664,1120,49212,1115
105665,1120,48302,1116
105666,1120,53610,1145
105667,1120,53490,1146
105668,1120,53530,1147
105669,1120,53550,1148
105670,1120,49302,1111
105671,1120,48802,1112
105672,1120,49232,1113
105673,1120,46723,1164
105674,1120,46551,1162
105675,1120,46653,1155
105676,1120,46511,1158
105677,1120,46572,1160
105678,1120,45514,1161
105679,1120,46693,1157
105680,1120,46673,1159
105681,1120,46683,1156
105682,1120,46663,1165
105683,1120,46641,1163
105684,1120,51000,1152
105685,1120,51000,1150
105686,1120,46562,1103
105687,1120,53680,1135
105688,1120,53820,1136
105689,1120,53830,1137
105690,1120,53700,1138
105691,1120,53860,1139
105692,1120,53870,1140
105693,1120,49400,1170
105694,1120,51101,1153
105695,1120,51050,1151
105696,1120,53990,1211
105697,1120,46633,1166
105698,1121,52400,1107
105699,1121,52550,1110
105700,1121,52460,1108
105701,1121,52500,1109
105702,1121,53590,1141
105703,1121,53570,1142
105704,1121,53630,1143
105705,1121,53510,1144
105706,1121,49292,1114
105707,1121,49182,1115
105708,1121,48302,1116
105709,1121,53600,1145
105710,1121,53640,1146
105711,1121,53520,1147
105712,1121,53560,1148
105713,1121,49902,1111
105714,1121,49172,1112
105715,1121,49232,1113
105716,1121,46694,1165
105717,1121,46551,1160
105718,1121,46572,1157
105719,1121,46592,1163
105720,1121,46544,1158
105721,1121,46628,1164
105722,1121,46511,1161
105723,1121,46743,1156
105724,1121,45511,1159
105725,1121,46673,1162
105726,1121,46524,1155
105727,1121,51000,1151
105728,1121,51000,1152
105729,1121,51108,1153
105730,1121,46534,1103
105731,1121,53680,1135
105732,1121,53820,1136
105733,1121,53830,1137
105734,1121,53700,1138
105735,1121,53860,1139
105736,1121,53870,1140
105737,1121,51150,1150
105738,1121,46583,1166
105739,1122,52420,1107
105740,1122,52570,1110
105741,1122,52460,1108
105742,1122,52520,1109
105743,1122,53580,1141
105744,1122,53540,1142
105745,1122,53620,1143
105746,1122,53500,1144
105747,1122,49292,1114
105748,1122,49272,1115
105749,1122,49232,1116
105750,1122,53600,1145
105751,1122,53640,1146
105752,1122,53520,1147
105753,1122,53560,1148
105754,1122,49172,1111
105755,1122,49902,1112
105756,1122,48402,1113
105757,1122,46714,1157
105758,1122,45512,1165
105759,1122,46653,1160
105760,1122,46622,1164
105761,1122,46632,1158
105762,1122,46593,1163
105763,1122,46696,1155
105764,1122,46681,1162
105765,1122,46643,1159
105766,1122,46561,1161
105767,1122,46741,1156
105768,1122,51000,1152
105769,1122,51000,1150
105770,1122,51109,1151
105771,1122,51150,1153
105772,1122,46531,1103
105773,1122,53680,1135
105774,1122,53820,1136
105775,1122,53830,1137
105776,1122,53700,1138
105777,1122,53860,1139
105778,1122,53870,1140
105779,1122,46672,1166
105780,1123,52400,1107
105781,1123,52570,1110
105782,1123,52460,1108
105783,1123,52520,1109
105784,1123,53590,1141
105785,1123,53570,1142
105786,1123,53630,1143
105787,1123,53510,1144
105788,1123,49102,1114
105789,1123,49182,1115
105790,1123,49262,1116
105791,1123,53600,1145
105792,1123,53640,1146
105793,1123,53520,1147
105794,1123,53550,1148
105795,1123,49292,1111
105796,1123,48802,1112
105797,1123,49202,1113
105798,1123,46591,1159
105799,1123,46571,1161
105800,1123,46653,1165
105801,1123,46691,1158
105802,1123,46714,1156
105803,1123,45513,1163
105804,1123,46513,1164
105805,1123,46523,1157
105806,1123,46743,1160
105807,1123,46541,1155
105808,1123,46674,1162
105809,1123,51000,1153
105810,1123,51000,1151
105811,1123,46532,1103
105812,1123,53670,1135
105813,1123,53800,1136
105814,1123,53810,1137
105815,1123,53720,1138
105816,1123,53900,1139
105817,1123,53910,1140
105818,1123,51102,1152
105819,1123,51050,1150
105820,1123,46583,1166
105821,1124,52400,1107
105822,1124,52570,1110
105823,1124,52460,1108
105824,1124,52520,1109
105825,1124,53590,1141
105826,1124,53570,1142
105827,1124,53630,1143
105828,1124,53510,1144
105829,1124,49282,1114
105830,1124,49182,1115
105831,1124,48402,1116
105832,1124,53600,1145
105833,1124,53640,1146
105834,1124,53520,1147
105835,1124,53550,1148
105836,1124,49102,1111
105837,1124,49212,1112
105838,1124,48502,1113
105839,1124,46572,1159
105840,1124,46551,1161
105841,1124,45514,1155
105842,1124,46771,1158
105843,1124,46593,1160
105844,1124,46722,1165
105845,1124,46711,1163
105846,1124,46561,1164
105847,1124,46631,1162
105848,1124,46523,1156
105849,1124,46533,1157
105850,1124,51000,1151
105851,1124,51000,1152
105852,1124,46671,1103
105853,1124,53670,1135
105854,1124,53800,1136
105855,1124,53810,1137
105856,1124,53700,1138
105857,1124,53860,1139
105858,1124,53870,1140
105859,1124,49400,1170
105860,1124,51109,1150
105861,1124,51150,1153
105862,1124,46542,1166
105863,1125,52400,1107
105864,1125,52570,1110
105865,1125,52450,1108
105866,1125,52520,1109
105867,1125,53590,1141
105868,1125,53570,1142
105869,1125,53630,1143
105870,1125,53510,1144
105871,1125,49172,1114
105872,1125,48402,1115
105873,1125,49232,1116
105874,1125,53600,1145
105875,1125,53640,1146
105876,1125,53520,1147
105877,1125,53560,1148
105878,1125,48102,1111
105879,1125,49182,1112
105880,1125,48602,1113
105881,1125,46627,1156
105882,1125,46591,1165
105883,1125,46663,1158
105884,1125,46724,1164
105885,1125,46712,1160
105886,1125,45511,1162
105887,1125,46692,1163
105888,1125,46581,1155
105889,1125,46534,1157
105890,1125,46743,1159
105891,1125,46631,1161
105892,1125,51000,1152
105893,1125,51000,1150
105894,1125,46563,1103
105895,1125,53680,1135
105896,1125,53820,1136
105897,1125,53830,1137
105898,1125,53700,1138
105899,1125,53860,1139
105900,1125,53870,1140
105901,1125,49400,1175
105902,1125,53000,1202
105903,1125,53000,1201
105904,1125,53000,1200
105905,1125,51105,1153
105906,1125,51050,1151
105907,1125,53990,1211
105908,1125,46543,1166
105909,1126,52400,1107
105910,1126,52550,1110
105911,1126,52450,1108
105912,1126,52520,1109
105913,1126,53590,1141
105914,1126,53570,1142
105915,1126,53630,1143
105916,1126,53510,1144
105917,1126,49282,1114
105918,1126,49202,1115
105919,1126,49232,1116
105920,1126,53610,1145
105921,1126,53490,1146
105922,1126,53530,1147
105923,1126,53550,1148
105924,1126,49102,1111
105925,1126,47802,1112
105926,1126,48402,1113
105927,1126,46593,1162
105928,1126,45512,1158
105929,1126,46551,1164
105930,1126,46693,1160
105931,1126,46711,1155
105932,1126,46774,1157
105933,1126,46514,1165
105934,1126,46633,1159
105935,1126,46661,1156
105936,1126,46523,1163
105937,1126,46741,1161
105938,1126,51000,1152
105939,1126,51000,1153
105940,1126,46561,1103
105941,1126,53670,1135
105942,1126,53800,1136
105943,1126,53810,1137
105944,1126,53710,1138
105945,1126,53880,1139
105946,1126,53890,1140
105947,1126,53050,1201
105948,1126,53050,1202
105949,1126,53050,1200
105950,1126,51100,1151
105951,1126,51150,1150
105952,1126,46533,1166
105953,1127,52400,1107
105954,1127,52570,1110
105955,1127,52450,1108
105956,1127,52500,1109
105957,1127,53580,1141
105958,1127,53540,1142
105959,1127,53620,1143
105960,1127,53500,1144
105961,1127,49102,1114
105962,1127,49282,1115
105963,1127,49232,1116
105964,1127,53600,1145
105965,1127,53640,1146
105966,1127,53520,1147
105967,1127,53560,1148
105968,1127,47902,1111
105969,1127,49202,1112
105970,1127,48602,1113
105971,1127,46772,1160
105972,1127,46694,1157
105973,1127,46723,1165
105974,1127,46714,1158
105975,1127,45513,1163
105976,1127,46571,1164
105977,1127,46652,1156
105978,1127,46682,1162
105979,1127,46581,1155
105980,1127,46644,1159
105981,1127,46632,1161
105982,1127,51000,1150
105983,1127,51000,1152
105984,1127,51101,1151
105985,1127,46742,1103
105986,1127,53680,1135
105987,1127,53820,1136
105988,1127,53830,1137
105989,1127,53700,1138
105990,1127,53860,1139
105991,1127,53870,1140
105992,1127,51050,1153
105993,1127,53990,1211
105994,1127,46663,1166
105995,1128,52420,1107
105996,1128,52570,1110
105997,1128,52460,1108
105998,1128,52520,1109
105999,1128,53580,1141
106000,1128,53540,1142
106001,1128,53620,1143
106002,1128,53500,1144
106003,1128,49282,1114
106004,1128,49272,1115
106005,1128,49242,1116
106006,1128,53610,1145
106007,1128,53490,1146
106008,1128,53530,1147
106009,1128,53560,1148
106010,1128,49102,1111
106011,1128,49202,1112
106012,1128,49232,1113
106013,1128,46695,1165
106014,1128,45514,1159
106015,1128,46711,1156
106016,1128,46584,1158
106017,1128,46651,1155
106018,1128,46593,1164
106019,1128,46774,1163
106020,1128,46544,1161
106021,1128,46674,1160
106022,1128,46531,1157
106023,1128,46661,1162
106024,1128,51000,1151
106025,1128,51000,1153
106026,1128,51150,1152
106027,1128,46633,1103
106028,1128,53680,1135
106029,1128,53820,1136
106030,1128,53830,1137
106031,1128,53710,1138
106032,1128,53880,1139
106033,1128,53890,1140
106034,1128,51109,1150
106035,1128,53990,1210
106036,1128,46742,1166
106037,1129,52420,1107
106038,1129,52570,1110
106039,1129,52450,1108
106040,1129,52520,1109
106041,1129,53580,1141
106042,1129,53540,1142
106043,1129,53620,1143
106044,1129,53500,1144
106045,1129,49102,1114
106046,1129,48502,1115
106047,1129,48402,1116
106048,1129,53610,1145
106049,1129,53490,1146
106050,1129,53530,1147
106051,1129,53550,1148
106052,1129,47802,1111
106053,1129,49232,1112
106054,1129,49262,1113
106055,1129,45511,1156
106056,1129,46592,1165
106057,1129,46691,1159
106058,1129,46721,1158
106059,1129,46651,1160
106060,1129,46554,1162
106061,1129,46774,1164
106062,1129,46584,1161
106063,1129,46741,1155
106064,1129,46544,1157
106065,1129,46563,1163
106066,1129,51000,1153
106067,1129,51000,1151
106068,1129,51102,1150
106069,1129,51051,1152
106070,1129,46681,1103
106071,1129,53680,1135
106072,1129,53820,1136
106073,1129,53830,1137
106074,1129,53710,1138
106075,1129,53880,1139
106076,1129,53890,1140
106077,1129,53000,1200
106078,1129,53000,1202
106079,1129,53000,1201
106080,1129,46534,1166
106081,1130,52420,1107
106082,1130,52570,1110
106083,1130,52450,1108
106084,1130,52500,1109
106085,1130,53580,1141
106086,1130,53540,1142
106087,1130,53620,1143
106088,1130,53500,1144
106089,1130,49102,1114
106090,1130,49232,1115
106091,1130,48602,1116
106092,1130,53600,1145
106093,1130,53640,1146
106094,1130,53520,1147
106095,1130,53560,1148
106096,1130,49302,1111
106097,1130,48102,1112
106098,1130,48302,1113
106099,1130,46652,1159
106100,1130,46712,1155
106101,1130,46722,1158
106102,1130,46551,1162
106103,1130,46572,1164
106104,1130,46771,1157
106105,1130,46624,1160
106106,1130,46682,1163
106107,1130,46531,1165
106108,1130,46674,1156
106109,1130,46633,1161
106110,1130,51000,1153
106111,1130,51000,1150
106112,1130,51150,1152
106113,1130,46522,1103
106114,1130,53680,1135
106115,1130,53820,1136
106116,1130,53830,1137
106117,1130,53720,1138
106118,1130,53900,1139
106119,1130,53910,1140
106120,1130,49400,1171
106121,1130,51103,1151
106122,1130,46561,1166
106123,1131,52420,1107
106124,1131,52570,1110
106125,1131,52460,1108
106126,1131,52520,1109
106127,1131,53580,1141
106128,1131,53540,1142
106129,1131,53620,1143
106130,1131,53500,1144
106131,1131,49282,1114
106132,1131,49172,1115
106133,1131,49232,1116
106134,1131,53610,1145
106135,1131,53490,1146
106136,1131,53530,1147
106137,1131,53560,1148
106138,1131,49902,1111
106139,1131,49272,1112
106140,1131,49182,1113
106141,1131,46553,1157
106142,1131,46772,1155
106143,1131,45512,1160
106144,1131,46712,1163
106145,1131,46591,1164
106146,1131,46541,1158
106147,1131,46721,1156
106148,1131,46643,1162
106149,1131,46692,1159
106150,1131,46671,1165
106151,1131,46742,1161
106152,1131,51000,1153
106153,1131,51000,1152
106154,1131,46533,1103
106155,1131,53670,1135
106156,1131,53800,1136
106157,1131,53810,1137
106158,1131,53720,1138
106159,1131,53900,1139
106160,1131,53910,1140
106161,1131,49400,1174
106162,1131,53000,1201
106163,1131,53000,1200
106164,1131,53000,1202
106165,1131,51100,1150
106166,1131,51150,1151
106167,1131,53990,1212
106168,1131,46583,1166
106169,1132,52400,1107
106170,1132,52570,1110
106171,1132,52460,1108
106172,1132,52500,1109
106173,1132,53580,1141
106174,1132,53540,1142
106175,1132,53620,1143
106176,1132,53500,1144
106177,1132,49272,1114
106178,1132,49902,1115
106179,1132,48802,1116
106180,1132,53610,1145
106181,1132,53490,1146
106182,1132,53530,1147
106183,1132,53550,1148
106184,1132,49302,1111
106185,1132,49252,1112
106186,1132,49242,1113
106187,1132,46723,1155
106188,1132,46512,1158
106189,1132,46552,1164
106190,1132,46772,1157
106191,1132,46713,1163
106192,1132,46693,1160
106193,1132,46573,1159
106194,1132,46663,1161
106195,1132,46672,1165
106196,1132,46742,1156
106197,1132,46644,1162
106198,1132,51000,1152
106199,1132,51000,1150
106200,1132,51103,1153
106201,1132,46682,1103
106202,1132,53680,1135
106203,1132,53820,1136
106204,1132,53830,1137
106205,1132,53720,1138
106206,1132,53900,1139
106207,1132,53910,1140
106208,1132,53000,1202
106209,1132,53000,1200
106210,1132,53000,1201
106211,1132,51050,1151
106212,1132,53990,1213
106213,1132,46631,1166
106214,1133,52400,1107
106215,1133,52570,1110
106216,1133,52450,1108
106217,1133,52520,1109
106218,1133,53590,1141
106219,1133,53570,1142
106220,1133,53630,1143
106221,1133,53510,1144
106222,1133,49292,1114
106223,1133,49242,1115
106224,1133,49182,1116
106225,1133,53610,1145
106226,1133,53490,1146
106227,1133,53530,1147
106228,1133,53550,1148
106229,1133,49902,1111
106230,1133,49172,1112
106231,1133,49252,1113
106232,1133,46721,1164
106233,1133,46516,1160
106234,1133,46627,1163
106235,1133,46551,1157
106236,1133,46652,1155
106237,1133,46593,1158
106238,1133,45513,1156
106239,1133,46743,1162
106240,1133,46641,1159
106241,1133,46524,1165
106242,1133,46533,1161
106243,1133,51000,1150
106244,1133,51000,1152
106245,1133,51104,1153
106246,1133,46672,1103
106247,1133,53670,1135
106248,1133,53800,1136
106249,1133,53810,1137
106250,1133,53720,1138
106251,1133,53900,1139
106252,1133,53910,1140
106253,1133,49400,1173
106254,1133,53000,1202
106255,1133,53000,1201
106256,1133,53000,1200
106257,1133,51050,1151
106258,1133,53990,1213
106259,1133,46581,1166
106260,1134,52420,1107
106261,1134,52570,1110
106262,1134,52460,1108
106263,1134,52520,1109
106264,1134,53580,1141
106265,1134,53540,1142
106266,1134,53620,1143
106267,1134,53500,1144
106268,1134,49292,1114
106269,1134,49102,1115
106270,1134,49212,1116
106271,1134,53600,1145
106272,1134,53640,1146
106273,1134,53520,1147
106274,1134,53550,1148
106275,1134,48102,1111
106276,1134,49202,1112
106277,1134,48402,1113
106278,1134,45514,1163
106279,1134,46713,1160
106280,1134,46554,1165
106281,1134,46582,1158
106282,1134,46694,1164
106283,1134,46651,1157
106284,1134,46722,1156
106285,1134,46673,1162
106286,1134,46531,1155
106287,1134,46642,1159
106288,1134,46521,1161
106289,1134,51000,1150
106290,1134,51000,1152
106291,1134,46683,1103
106292,1134,53680,1135
106293,1134,53820,1136
106294,1134,53830,1137
106295,1134,53710,1138
106296,1134,53880,1139
106297,1134,53890,1140
106298,1134,49400,1171
106299,1134,53050,1201
106300,1134,53050,1200
106301,1134,53050,1202
106302,1134,51101,1153
106303,1134,51050,1151
106304,1134,53990,1211
106305,1134,46543,1166
106306,1135,30000,2125
106307,1135,50060,2103
106308,1135,50001,2109
106309,1135,30301,2116
106310,1135,50112,2113
106311,1135,50116,2106
106312,1135,50114,2111
106313,1135,50116,2112
106314,1135,34101,2117
106315,1135,34000,2120
106316,1135,34003,2110
106317,1135,43410,2357
106318,1135,41000,2302
106319,1135,41000,2308
106320,1135,41000,2313
106321,1135,40000,2312
106322,1135,40103,2310
106323,1135,46672,2760
106324,1135,46544,2754
106325,1135,46581,2763
106326,1135,46696,2759
106327,1135,46651,2753
106328,1135,46771,2758
106329,1135,46553,2762
106330,1135,46573,2761
106331,1135,53000,2535
106332,1135,53000,2521
106333,1135,53000,2530
106334,1135,53000,2527
106335,1135,53000,2528
106336,1135,53000,2525
106337,1135,53000,2529
106338,1135,53000,2536
106339,1135,46800,2603
106340,1135,46702,2607
106341,1135,46504,2601
106342,1135,46605,2604
106343,1135,46606,2605
106344,1135,46703,2606
106345,1135,49400,2714
106346,1135,30000,2107
106347,1135,50112,2114
106348,1135,43000,2314
106349,1135,43000,2306
106350,1136,38100,2123
106351,1136,50060,2116
106352,1136,50020,2113
106353,1136,38001,2109
106354,1136,50102,2103
106355,1136,50113,2107
106356,1136,50104,2110
106357,1136,50113,2117
106358,1136,32201,2111
106359,1136,32101,2106
106360,1136,32102,2108
106361,1136,43010,2352
106362,1136,41000,2314
106363,1136,41000,2306
106364,1136,41000,2312
106365,1136,40102,2310
106366,1136,40101,2307
106367,1136,46683,2763
106368,1136,46742,2758
106369,1136,46661,2759
106370,1136,46513,2753
106371,1136,46627,2761
106372,1136,46652,2762
106373,1136,46551,2760
106374,1136,46713,2754
106375,1136,46606,2606
106376,1136,46602,2607
106377,1136,46503,2601
106378,1136,46504,2603
106379,1136,46700,2605
106380,1136,46704,2604
106381,1136,50060,2112
106382,1136,38001,2114
106383,1136,37900,2308
106384,1136,40001,2313
106385,1137,38101,2128
106386,1137,50011,2109
106387,1137,50020,2110
106388,1137,38000,2103
106389,1137,50113,2113
106390,1137,50116,2111
106391,1137,50100,2107
106392,1137,50100,2112
106393,1137,34003,2106
106394,1137,34000,2116
106395,1137,34104,2120
106396,1137,43410,2362
106397,1137,41000,2302
106398,1137,41000,2307
106399,1137,41000,2308
106400,1137,40002,2306
106401,1137,40101,2310
106402,1137,46671,2753
106403,1137,46742,2754
106404,1137,46682,2762
106405,1137,46721,2760
106406,1137,46571,2761
106407,1137,46591,2758
106408,1137,46628,2763
106409,1137,46511,2759
106410,1137,46503,2601
106411,1137,46604,2606
106412,1137,46704,2607
106413,1137,46701,2605
106414,1137,46603,2604
106415,1137,46502,2603
106416,1137,49400,2718
106417,1137,38101,2108
106418,1137,50100,2117
106419,1137,37900,2314
106420,1137,45000,2313
106421,1138,38000,2129
106422,1138,50011,2117
106423,1138,50050,2103
106424,1138,38101,2120
106425,1138,50100,2116
106426,1138,50112,2109
106427,1138,50103,2108
106428,1138,50103,2113
106429,1138,34101,2112
106430,1138,34003,2110
106431,1138,34100,2114
106432,1138,41010,2364
106433,1138,41000,2307
106434,1138,41000,2313
106435,1138,41000,2306
106436,1138,40006,2312
106437,1138,40102,2308
106438,1138,46683,2759
106439,1138,46542,2761
106440,1138,46522,2753
106441,1138,46651,2760
106442,1138,46721,2754
106443,1138,46593,2762
106444,1138,46516,2763
106445,1138,46573,2758
106446,1138,53050,2525
106447,1138,53050,2530
106448,1138,53050,2521
106449,1138,53050,2535
106450,1138,53050,2527
106451,1138,53050,2528
106452,1138,53050,2529
106453,1138,53050,2536
106454,1138,46800,2606
106455,1138,46701,2601
106456,1138,46704,2604
106457,1138,46602,2605
106458,1138,46504,2603
106459,1138,46603,2607
106460,1138,49400,2714
106461,1138,38000,2107
106462,1138,34003,2106
106463,1138,37900,2310
106464,1138,45000,2302
106465,1139,38000,2129
106466,1139,50030,2117
106467,1139,50011,2113
106468,1139,38001,2116
106469,1139,50103,2110
106470,1139,50104,2112
106471,1139,50114,2107
106472,1139,50114,2120
106473,1139,34100,2106
106474,1139,34104,2108
106475,1139,34002,2114
106476,1139,40905,2310
106477,1139,43011,2364
106478,1139,41000,2312
106479,1139,41000,2307
106480,1139,41000,2308
106481,1139,40003,2313
106482,1139,40101,2306
106483,1139,46562,2754
106484,1139,46641,2759
106485,1139,46661,2753
106486,1139,46691,2760
106487,1139,46723,2758
106488,1139,46573,2763
106489,1139,46774,2761
106490,1139,46628,2762
106491,1139,46504,2603
106492,1139,46702,2607
106493,1139,46703,2605
106494,1139,46606,2601
106495,1139,46602,2604
106496,1139,46503,2606
106497,1139,50103,2103
106498,1139,50114,2109
106499,1139,45000,2302
106500,1140,38101,2125
106501,1140,50040,2117
106502,1140,50030,2110
106503,1140,50030,2106
106504,1140,38100,2114
106505,1140,50103,2113
106506,1140,50102,2103
106507,1140,50104,2116
106508,1140,50103,2107
106509,1140,32101,2109
106510,1140,32102,2104
106511,1140,32000,2111
106512,1140,32101,2120
106513,1140,43010,2357
106514,1140,41000,2301
106515,1140,41000,2305
106516,1140,41000,2308
106517,1140,45000,2312
106518,1140,40000,2314
106519,1140,43401,2306
106520,1140,43501,2310
106521,1140,46861,2757
106522,1140,46673,2756
106523,1140,49437,2190
106524,1140,46632,2762
106525,1140,46543,2761
106526,1140,46641,2758
106527,1140,46682,2759
106528,1140,46692,2754
106529,1140,46714,2753
106530,1140,46653,2750
106531,1140,46772,2760
106532,1140,45511,2755
106533,1140,46592,2763
106534,1140,45530,2524
106535,1140,45530,2528
106536,1140,45530,2521
106537,1140,45530,2523
106538,1140,45530,2527
106539,1140,45530,2526
106540,1140,45530,2529
106541,1140,45530,2525
106542,1140,46603,2602
106543,1140,46605,2604
106544,1140,46604,2607
106545,1140,46502,2601
106546,1140,46701,2606
106547,1140,46504,2605
106548,1140,46702,2603
106549,1140,38101,2112
106550,1140,32101,2100
106551,1140,37900,2300
106552,1140,40101,2302
106553,1140,43401,2313
106554,1140,20000,2101
106555,1141,38001,2125
106556,1141,50011,2109
106557,1141,50001,2113
106558,1141,50011,2116
106559,1141,38000,2111
106560,1141,50104,2114
106561,1141,50113,2101
106562,1141,50114,2103
106563,1141,50113,2110
106564,1141,34100,2104
106565,1141,34102,2112
106566,1141,34002,2106
106567,1141,34102,2120
106568,1141,43410,2357
106569,1141,41000,2308
106570,1141,41000,2312
106571,1141,41000,2301
106572,1141,45000,2314
106573,1141,40000,2313
106574,1141,43400,2300
106575,1141,40102,2302
106576,1141,46953,2757
106577,1141,46674,2756
106578,1141,49421,2190
106579,1141,46562,2755
106580,1141,46662,2754
106581,1141,46642,2759
106582,1141,46741,2753
106583,1141,46591,2762
106584,1141,46515,2758
106585,1141,46571,2750
106586,1141,46628,2761
106587,1141,46713,2760
106588,1141,46724,2763
106589,1141,46800,2603
106590,1141,46504,2601
106591,1141,46604,2602
106592,1141,46505,2605
106593,1141,46702,2607
106594,1141,46700,2604
106595,1141,46606,2606
106596,1141,50011,2100
106597,1141,50011,2117
106598,1141,50104,2107
106599,1141,43400,2310
106600,1141,43000,2305
106601,1141,43400,2306
106602,1142,30301,2122
106603,1142,50011,2110
106604,1142,50030,2101
106605,1142,50011,2107
106606,1142,30001,2104
106607,1142,50100,2103
106608,1142,50104,2114
106609,1142,50114,2111
106610,1142,50100,2108
106611,1142,32100,2120
106612,1142,32101,2117
106613,1142,32001,2109
106614,1142,32001,2113
106615,1142,43011,2351
106616,1142,41000,2307
106617,1142,41000,2302
106618,1142,41000,2308
106619,1142,45000,2305
106620,1142,40002,2300
106621,1142,43501,2314
106622,1142,43400,2312
106623,1142,46954,2757
106624,1142,46561,2756
106625,1142,49438,2190
106626,1142,46682,2753
106627,1142,46673,2750
106628,1142,46534,2762
106629,1142,46633,2761
106630,1142,46712,2759
106631,1142,46571,2763
106632,1142,46722,2760
106633,1142,46653,2755
106634,1142,46592,2754
106635,1142,46772,2758
106636,1142,46605,2605
106637,1142,46503,2604
106638,1142,46606,2603
106639,1142,46704,2607
106640,1142,46702,2601
106641,1142,46505,2606
106642,1142,46603,2602
106643,1142,50030,2112
106644,1142,50030,2116
106645,1142,30001,2106
106646,1142,45000,2313
106647,1142,43501,2306
106648,1142,40103,2310
106649,1143,30000,2125
106650,1143,50050,2120
106651,1143,50060,2110
106652,1143,50060,2114
106653,1143,30001,2106
106654,1143,50116,2107
106655,1143,50104,2104
106656,1143,50113,2111
106657,1143,50113,2103
106658,1143,34200,2100
106659,1143,34000,2116
106660,1143,34103,2113
106661,1143,34103,2112
106662,1143,43020,2357
106663,1143,41000,2301
106664,1143,41000,2310
106665,1143,41000,2300
106666,1143,45000,2308
106667,1143,40003,2312
106668,1143,43401,2305
106669,1143,43400,2306
106670,1143,46814,2757
106671,1143,46741,2756
106672,1143,49422,2190
106673,1143,46642,2753
106674,1143,46582,2755
106675,1143,46633,2758
106676,1143,46544,2760
106677,1143,46593,2763
106678,1143,46624,2761
106679,1143,46774,2759
106680,1143,46722,2750
106681,1143,46693,2754
106682,1143,46713,2762
106683,1143,46602,2606
106684,1143,46604,2605
106685,1143,46502,2602
106686,1143,46702,2601
106687,1143,46605,2607
106688,1143,46703,2604
106689,1143,46504,2603
106690,1143,50050,2117
106691,1143,34000,2109
106692,1143,34200,2101
106693,1143,43400,2302
106694,1143,43400,2313
106695,1143,40102,2314
106696,1144,38000,2124
106697,1144,50060,2111
106698,1144,50011,2101
106699,1144,50011,2112
106700,1144,38001,2103
106701,1144,50100,2100
106702,1144,50113,2107
106703,1144,50112,2114
106704,1144,50113,2110
106705,1144,34003,2109
106706,1144,34001,2116
106707,1144,34102,2113
106708,1144,34003,2108
106709,1144,43411,2356
106710,1144,41000,2305
106711,1144,41000,2310
106712,1144,41000,2308
106713,1144,45000,2313
106714,1144,40008,2301
106715,1144,43401,2300
106716,1144,40103,2307
106717,1144,46955,2757
106718,1144,46644,2756
106719,1144,49423,2190
106720,1144,46541,2760
106721,1144,46523,2761
106722,1144,46662,2753
106723,1144,46562,2763
106724,1144,46573,2759
106725,1144,46723,2750
106726,1144,46712,2755
106727,1144,45512,2754
106728,1144,46592,2762
106729,1144,46554,2758
106730,1144,46605,2603
106731,1144,46703,2607
106732,1144,46505,2604
106733,1144,46700,2601
106734,1144,46503,2606
106735,1144,46602,2605
106736,1144,46604,2602
106737,1144,50011,2104
106738,1144,50100,2117
106739,1144,50112,2106
106740,1144,40004,2314
106741,1144,40101,2302
106742,1144,43400,2312
106743,1145,38101,2129
106744,1145,50040,2110
106745,1145,50060,2108
106746,1145,50060,2113
106747,1145,38100,2117
106748,1145,50113,2103
106749,1145,50116,2120
106750,1145,50100,2104
106751,1145,50100,2112
106752,1145,34001,2116
106753,1145,34000,2106
106754,1145,34003,2109
106755,1145,34003,2101
106756,1145,43411,2364
106757,1145,41000,2301
106758,1145,41000,2307
106759,1145,41000,2305
106760,1145,45000,2310
106761,1145,40007,2308
106762,1145,43400,2300
106763,1145,40102,2313
106764,1145,46811,2757
106765,1145,46641,2756
106766,1145,49416,2190
106767,1145,46544,2761
106768,1145,46681,2760
106769,1145,46521,2762
106770,1145,46581,2758
106771,1145,46694,2750
106772,1145,46721,2763
106773,1145,46593,2759
106774,1145,46651,2755
106775,1145,46771,2753
106776,1145,46551,2754
106777,1145,46801,2607
106778,1145,46603,2603
106779,1145,46700,2605
106780,1145,46604,2601
106781,1145,46503,2606
106782,1145,46502,2604
106783,1145,46703,2602
106784,1145,50040,2100
106785,1145,50060,2114
106786,1145,38100,2107
106787,1145,45000,2302
106788,1145,40000,2312
106789,1145,43400,2306
106790,1146,38001,2128
106791,1146,50011,2111
106792,1146,50001,2106
106793,1146,50011,2120
106794,1146,38000,2110
106795,1146,50114,2108
106796,1146,50113,2116
106797,1146,50104,2117
106798,1146,50104,2103
106799,1146,32000,2101
106800,1146,32200,2112
106801,1146,32001,2113
106802,1146,32001,2104
106803,1146,45010,2362
106804,1146,41000,2301
106805,1146,41000,2314
106806,1146,41000,2306
106807,1146,45000,2310
106808,1146,40009,2308
106809,1146,43000,2313
106810,1146,43400,2305
106811,1146,46812,2757
106812,1146,46631,2756
106813,1146,49431,2190
106814,1146,46672,2761
106815,1146,46663,2755
106816,1146,46743,2754
106817,1146,46584,2762
106818,1146,46571,2759
106819,1146,46773,2758
106820,1146,46711,2753
106821,1146,46591,2750
106822,1146,46695,2760
106823,1146,46552,2763
106824,1146,53050,2521
106825,1146,53050,2524
106826,1146,53050,2530
106827,1146,53050,2529
106828,1146,53050,2522
106829,1146,53050,2527
106830,1146,53050,2523
106831,1146,53050,2525
106832,1146,46503,2605
106833,1146,46604,2603
106834,1146,46700,2606
106835,1146,46502,2607
106836,1146,46602,2604
106837,1146,46603,2601
106838,1146,46704,2602
106839,1146,50001,2100
106840,1146,50001,2109
106841,1146,50113,2107
106842,1146,45000,2307
106843,1146,40102,2300
106844,1146,40103,2302
106845,1146,53050,2528
106846,1146,53050,2526
106847,1147,38100,2126
106848,1147,50001,2113
106849,1147,50030,2116
106850,1147,50030,2106
106851,1147,38001,2112
106852,1147,50103,2110
106853,1147,50102,2114
106854,1147,50116,2104
106855,1147,50102,2117
106856,1147,34102,2103
106857,1147,34003,2120
106858,1147,34101,2111
106859,1147,34003,2109
106860,1147,41010,2358
106861,1147,41000,2307
106862,1147,41000,2300
106863,1147,41000,2314
106864,1147,45000,2312
106865,1147,40008,2301
106866,1147,40102,2305
106867,1147,43000,2306
106868,1147,46862,2757
106869,1147,46742,2756
106870,1147,49417,2190
106871,1147,46524,2760
106872,1147,46662,2763
106873,1147,46561,2753
106874,1147,46531,2758
106875,1147,46652,2759
106876,1147,45513,2754
106877,1147,46772,2755
106878,1147,46516,2750
106879,1147,46572,2761
106880,1147,46626,2762
106881,1147,46606,2602
106882,1147,46505,2606
106883,1147,46602,2607
106884,1147,46502,2601
106885,1147,46603,2604
106886,1147,46703,2605
106887,1147,46701,2603
106888,1147,50030,2101
106889,1147,50001,2107
106890,1147,50103,2100
106891,1147,45000,2302
106892,1147,40005,2313
106893,1147,43001,2310
106894,1148,30000,2129
106895,1148,50020,2112
106896,1148,50011,2108
106897,1148,50020,2110
106898,1148,30301,2104
106899,1148,50104,2106
106900,1148,50112,2114
106901,1148,50100,2103
106902,1148,50104,2113
106903,1148,32000,2101
106904,1148,32102,2109
106905,1148,32101,2117
106906,1148,32101,2116
106907,1148,43010,2364
106908,1148,41000,2308
106909,1148,41000,2313
106910,1148,41000,2305
106911,1148,45000,2301
106912,1148,40009,2307
106913,1148,40103,2300
106914,1148,43501,2310
106915,1148,46822,2757
106916,1148,46523,2756
106917,1148,49432,2190
106918,1148,46562,2761
106919,1148,46672,2759
106920,1148,46534,2760
106921,1148,46642,2754
106922,1148,46551,2750
106923,1148,46771,2763
106924,1148,46593,2753
106925,1148,46724,2758
106926,1148,46627,2755
106927,1148,45514,2762
106928,1148,45550,2581
106929,1148,45550,2582
106930,1148,45550,2587
106931,1148,45550,2585
106932,1148,45550,2588
106933,1148,45550,2580
106934,1148,45550,2590
106935,1148,45550,2589
106936,1148,46801,2601
106937,1148,46604,2607
106938,1148,46700,2605
106939,1148,46505,2602
106940,1148,46703,2606
106941,1148,46502,2604
106942,1148,46605,2603
106943,1148,50011,2120
106944,1148,30301,2107
106945,1148,50104,2100
106946,1148,45000,2312
106947,1148,40102,2306
106948,1148,43001,2302
106949,1149,38000,2129
106950,1149,50060,2106
106951,1149,50001,2104
106952,1149,50001,2114
106953,1149,38101,2108
106954,1149,50100,2112
106955,1149,50113,2113
106956,1149,50102,2100
106957,1149,50102,2110
106958,1149,32201,2117
106959,1149,32200,2120
106960,1149,32100,2107
106961,1149,32100,2103
106962,1149,44010,2364
106963,1149,41000,2307
106964,1149,41000,2312
106965,1149,41000,2305
106966,1149,45000,2300
106967,1149,40002,2310
106968,1149,43000,2308
106969,1149,40102,2302
106970,1149,46821,2757
106971,1149,46633,2756
106972,1149,49418,2190
106973,1149,46583,2761
106974,1149,46643,2753
106975,1149,46663,2760
106976,1149,46562,2750
106977,1149,46572,2762
106978,1149,46774,2758
106979,1149,46723,2755
106980,1149,46591,2759
106981,1149,46653,2754
106982,1149,46627,2763
106983,1149,53050,2529
106984,1149,53050,2528
106985,1149,53050,2522
106986,1149,53050,2523
106987,1149,53050,2524
106988,1149,53050,2530
106989,1149,53050,2521
106990,1149,53050,2525
106991,1149,46606,2605
106992,1149,46505,2603
106993,1149,46603,2604
106994,1149,46604,2607
106995,1149,46703,2601
106996,1149,46702,2606
106997,1149,46504,2602
106998,1149,38000,2109
106999,1149,50113,2116
107000,1149,32100,2101
107001,1149,40007,2306
107002,1149,43401,2301
107003,1149,43000,2313
107004,1149,53050,2527
107005,1149,53050,2520
107006,1150,30000,2125
107007,1150,50020,2112
107008,1150,50050,2120
107009,1150,50050,2114
107010,1150,30301,2110
107011,1150,50104,2113
107012,1150,50114,2104
107013,1150,50112,2111
107014,1150,50112,2116
107015,1150,32000,2109
107016,1150,32200,2100
107017,1150,32201,2103
107018,1150,32000,2107
107019,1150,44010,2357
107020,1150,41000,2314
107021,1150,41000,2312
107022,1150,41000,2310
107023,1150,45000,2306
107024,1150,40004,2308
107025,1150,43401,2300
107026,1150,43001,2313
107027,1150,46823,2757
107028,1150,46682,2756
107029,1150,49411,2190
107030,1150,46534,2759
107031,1150,46742,2753
107032,1150,46584,2754
107033,1150,46672,2755
107034,1150,46571,2758
107035,1150,45511,2760
107036,1150,46691,2763
107037,1150,46771,2750
107038,1150,46551,2761
107039,1150,46722,2762
107040,1150,46505,2606
107041,1150,46604,2605
107042,1150,46602,2607
107043,1150,46702,2604
107044,1150,46502,2602
107045,1150,46606,2601
107046,1150,46704,2603
107047,1150,50020,2106
107048,1150,50020,2101
107049,1150,30000,2117
107050,1150,45000,2305
107051,1150,40101,2301
107052,1150,43401,2302
107053,1151,38000,2127
107054,1151,50030,2110
107055,1151,50020,2113
107056,1151,50030,2100
107057,1151,38100,2111
107058,1151,50100,2107
107059,1151,50103,2108
107060,1151,50104,2103
107061,1151,50103,2114
107062,1151,32201,2101
107063,1151,32100,2109
107064,1151,32200,2104
107065,1151,32100,2106
107066,1151,44010,2360
107067,1151,41000,2313
107068,1151,41000,2301
107069,1151,41000,2300
107070,1151,45000,2305
107071,1151,40000,2302
107072,1151,43001,2314
107073,1151,43501,2307
107074,1151,46881,2757
107075,1151,46683,2756
107076,1151,49424,2190
107077,1151,46661,2760
107078,1151,46522,2754
107079,1151,46643,2762
107080,1151,46672,2753
107081,1151,45512,2755
107082,1151,46772,2750
107083,1151,46551,2759
107084,1151,46721,2758
107085,1151,46711,2763
107086,1151,46573,2761
107087,1151,46702,2602
107088,1151,46602,2607
107089,1151,46605,2601
107090,1151,46606,2604
107091,1151,46503,2606
107092,1151,46505,2605
107093,1151,46703,2603
107094,1151,49400,2713
107095,1151,50030,2116
107096,1151,38100,2120
107097,1151,32100,2117
107098,1151,43501,2306
107099,1151,40102,2312
107100,1151,43001,2308
107101,1152,38100,2122
107102,1152,50060,2109
107103,1152,50030,2116
107104,1152,50060,2117
107105,1152,38001,2111
107106,1152,50100,2106
107107,1152,50102,2112
107108,1152,50112,2108
107109,1152,50102,2103
107110,1152,34000,2120
107111,1152,34001,2104
107112,1152,34101,2114
107113,1152,34001,2110
107114,1152,43011,2351
107115,1152,41000,2307
107116,1152,41000,2310
107117,1152,41000,2313
107118,1152,45000,2306
107119,1152,40007,2312
107120,1152,43001,2302
107121,1152,43000,2308
107122,1152,46821,2757
107123,1152,46632,2756
107124,1152,49412,2190
107125,1152,46531,2760
107126,1152,46681,2759
107127,1152,46642,2758
107128,1152,46582,2763
107129,1152,46627,2762
107130,1152,46591,2753
107131,1152,46692,2761
107132,1152,46724,2750
107133,1152,46573,2754
107134,1152,46652,2755
107135,1152,46780,2541
107136,1152,46780,2540
107137,1152,46780,2542
107138,1152,46780,2547
107139,1152,46780,2544
107140,1152,46780,2545
107141,1152,46780,2548
107142,1152,46780,2549
107143,1152,46503,2607
107144,1152,46604,2606
107145,1152,46700,2604
107146,1152,46502,2603
107147,1152,46701,2601
107148,1152,46602,2605
107149,1152,46605,2602
107150,1152,49400,2714
107151,1152,50030,2101
107152,1152,50030,2113
107153,1152,50112,2107
107154,1152,40103,2314
107155,1152,43000,2300
107156,1152,43001,2305
107157,1153,30000,2123
107158,1153,50001,2107
107159,1153,50050,2103
107160,1153,50001,2101
107161,1153,30001,2111
107162,1153,50102,2100
107163,1153,50114,2116
107164,1153,50116,2109
107165,1153,50114,2106
107166,1153,34001,2117
107167,1153,34003,2108
107168,1153,34101,2110
107169,1153,34003,2104
107170,1153,43020,2352
107171,1153,41000,2308
107172,1153,41000,2306
107173,1153,41000,2312
107174,1153,45000,2300
107175,1153,40000,2307
107176,1153,43501,2313
107177,1153,40101,2310
107178,1153,46882,2757
107179,1153,46662,2756
107180,1153,49425,2190
107181,1153,46633,2750
107182,1153,46643,2758
107183,1153,46582,2753
107184,1153,46674,2762
107185,1153,46693,2754
107186,1153,46572,2759
107187,1153,46723,2761
107188,1153,46511,2763
107189,1153,45513,2755
107190,1153,46621,2760
107191,1153,46701,2606
107192,1153,46602,2602
107193,1153,46702,2604
107194,1153,46604,2605
107195,1153,46503,2607
107196,1153,46502,2601
107197,1153,46605,2603
107198,1153,49400,2715
107199,1153,50001,2112
107200,1153,34101,2113
107201,1153,34001,2114
107202,1153,40004,2305
107203,1153,40102,2301
107204,1153,43400,2314
107205,1154,30301,2125
107206,1154,50020,2109
107207,1154,50040,2104
107208,1154,50040,2112
107209,1154,30001,2114
107210,1154,50112,2116
107211,1154,50114,2117
107212,1154,50104,2103
107213,1154,50104,2106
107214,1154,32201,2110
107215,1154,32101,2101
107216,1154,32100,2107
107217,1154,32201,2113
107218,1154,43020,2357
107219,1154,41000,2301
107220,1154,41000,2306
107221,1154,41000,2313
107222,1154,45000,2308
107223,1154,40101,2300
107224,1154,43401,2302
107225,1154,43001,2314
107226,1154,46951,2757
107227,1154,46642,2756
107228,1154,49433,2190
107229,1154,46521,2755
107230,1154,46562,2762
107231,1154,46532,2761
107232,1154,46631,2758
107233,1154,46721,2750
107234,1154,46652,2760
107235,1154,46513,2763
107236,1154,46623,2753
107237,1154,46592,2759
107238,1154,46571,2754
107239,1154,45520,2569
107240,1154,45520,2570
107241,1154,45520,2561
107242,1154,45520,2565
107243,1154,45520,2562
107244,1154,45520,2567
107245,1154,45520,2563
107246,1154,45520,2568
107247,1154,46505,2602
107248,1154,46503,2604
107249,1154,46605,2606
107250,1154,46703,2607
107251,1154,46700,2605
107252,1154,46603,2601
107253,1154,46604,2603
107254,1154,49400,2714
107255,1154,30301,2100
107256,1154,50104,2120
107257,1154,50112,2111
107258,1154,40009,2305
107259,1154,40003,2312
107260,1154,40103,2310
107261,1155,30300,2127
107262,1155,50060,2117
107263,1155,50011,2110
107264,1155,50011,2116
107265,1155,30000,2107
107266,1155,50103,2103
107267,1155,50113,2106
107268,1155,50100,2108
107269,1155,50103,2101
107270,1155,32201,2120
107271,1155,32100,2111
107272,1155,32102,2104
107273,1155,32102,2113
107274,1155,43411,2360
107275,1155,41000,2305
107276,1155,41000,2301
107277,1155,41000,2300
107278,1155,45000,2306
107279,1155,40007,2302
107280,1155,40102,2312
107281,1155,43001,2307
107282,1155,46863,2757
107283,1155,46743,2756
107284,1155,49434,2190
107285,1155,46642,2755
107286,1155,46581,2762
107287,1155,46523,2753
107288,1155,46531,2759
107289,1155,46572,2750
107290,1155,46694,2763
107291,1155,46511,2760
107292,1155,46627,2761
107293,1155,46653,2758
107294,1155,46771,2754
107295,1155,53000,2529
107296,1155,53000,2520
107297,1155,53000,2526
107298,1155,53000,2521
107299,1155,53000,2525
107300,1155,53000,2528
107301,1155,53000,2527
107302,1155,53000,2530
107303,1155,46604,2601
107304,1155,46504,2604
107305,1155,46606,2603
107306,1155,46502,2607
107307,1155,46701,2605
107308,1155,46703,2606
107309,1155,46605,2602
107310,1155,49400,2712
107311,1155,50011,2109
107312,1155,50011,2100
107313,1155,30000,2114
107314,1155,37900,2313
107315,1155,40103,2314
107316,1155,40002,2308
107317,1155,53000,2524
107318,1155,53000,2522
107319,1156,38100,2124
107320,1156,50060,2107
107321,1156,50011,2117
107322,1156,50011,2103
107323,1156,38101,2100
107324,1156,50102,2116
107325,1156,50113,2106
107326,1156,50114,2101
107327,1156,50114,2113
107328,1156,32200,2104
107329,1156,32101,2112
107330,1156,32000,2108
107331,1156,32200,2114
107332,1156,43411,2356
107333,1156,41000,2310
107334,1156,41000,2312
107335,1156,41000,2305
107336,1156,45000,2307
107337,1156,40009,2302
107338,1156,40102,2314
107339,1156,43000,2300
107340,1156,46952,2757
107341,1156,46681,2756
107342,1156,49435,2190
107343,1156,46631,2754
107344,1156,46643,2759
107345,1156,46743,2755
107346,1156,46671,2762
107347,1156,46552,2750
107348,1156,45514,2760
107349,1156,46591,2761
107350,1156,46772,2753
107351,1156,46651,2758
107352,1156,46712,2763
107353,1156,46701,2601
107354,1156,46604,2602
107355,1156,46503,2604
107356,1156,46605,2605
107357,1156,46505,2606
107358,1156,46702,2607
107359,1156,46602,2603
107360,1156,49400,2712
107361,1156,50011,2110
107362,1156,50011,2109
107363,1156,50113,2111
107364,1156,40003,2313
107365,1156,40103,2308
107366,1156,43400,2301
107367,1157,38000,2128
107368,1157,50001,2111
107369,1157,50030,2112
107370,1157,50001,2104
107371,1157,38101,2110
107372,1157,50102,2109
107373,1157,50113,2107
107374,1157,50112,2120
107375,1157,50102,2108
107376,1157,34103,2103
107377,1157,34100,2100
107378,1157,34300,2106
107379,1157,34100,2116
107380,1157,45010,2362
107381,1157,41000,2301
107382,1157,41000,2313
107383,1157,41000,2310
107384,1157,45000,2305
107385,1157,40007,2300
107386,1157,43401,2306
107387,1157,40102,2307
107388,1157,46953,2757
107389,1157,46741,2756
107390,1157,49436,2190
107391,1157,46643,2761
107392,1157,46632,2758
107393,1157,46673,2759
107394,1157,46544,2763
107395,1157,46572,2755
107396,1157,46511,2762
107397,1157,46592,2753
107398,1157,46626,2750
107399,1157,46553,2754
107400,1157,46714,2760
107401,1157,46802,2606
107402,1157,46602,2607
107403,1157,46503,2603
107404,1157,46704,2605
107405,1157,46502,2601
107406,1157,46700,2604
107407,1157,46604,2602
107408,1157,49400,2711
107409,1157,38101,2113
107410,1157,50102,2117
107411,1157,34300,2101
107412,1157,45000,2302
107413,1157,43401,2314
107414,1157,43401,2308
107415,1158,38001,2125
107416,1158,50040,2112
107417,1158,50030,2107
107418,1158,50030,2103
107419,1158,38100,2120
107420,1158,50104,2110
107421,1158,50100,2104
107422,1158,50102,2109
107423,1158,50104,2117
107424,1158,32102,2100
107425,1158,32001,2116
107426,1158,32200,2106
107427,1158,32001,2113
107428,1158,45010,2357
107429,1158,41000,2300
107430,1158,41000,2306
107431,1158,41000,2312
107432,1158,45000,2313
107433,1158,40002,2314
107434,1158,40103,2301
107435,1158,43401,2305
107436,1158,46864,2757
107437,1158,46671,2756
107438,1158,49426,2190
107439,1158,46662,2760
107440,1158,46643,2754
107441,1158,46682,2761
107442,1158,46631,2750
107443,1158,46712,2753
107444,1158,46723,2762
107445,1158,46512,2759
107446,1158,46773,2755
107447,1158,46623,2758
107448,1158,45511,2763
107449,1158,46801,2607
107450,1158,46505,2604
107451,1158,46605,2606
107452,1158,46700,2601
107453,1158,46606,2605
107454,1158,46502,2602
107455,1158,46704,2603
107456,1158,50102,2101
107457,1158,50102,2114
107458,1158,32001,2111
107459,1158,37900,2302
107460,1158,45000,2308
107461,1158,43400,2310
107462,1159,38001,2125
107463,1159,50050,2116
107464,1159,50040,2112
107465,1159,50050,2104
107466,1159,38000,2106
107467,1159,50103,2117
107468,1159,50114,2103
107469,1159,50104,2107
107470,1159,50114,2120
107471,1159,34104,2114
107472,1159,34103,2111
107473,1159,34100,2100
107474,1159,34100,2113
107475,1159,43011,2357
107476,1159,41000,2310
107477,1159,41000,2302
107478,1159,41000,2306
107479,1159,45000,2313
107480,1159,40004,2301
107481,1159,40101,2314
107482,1159,43501,2308
107483,1159,46813,2757
107484,1159,46682,2756
107485,1159,49437,2190
107486,1159,46741,2761
107487,1159,46674,2758
107488,1159,46532,2753
107489,1159,46563,2762
107490,1159,46722,2763
107491,1159,46511,2750
107492,1159,46773,2760
107493,1159,46628,2754
107494,1159,46573,2755
107495,1159,46653,2759
107496,1159,53000,2520
107497,1159,53000,2527
107498,1159,53000,2524
107499,1159,53000,2521
107500,1159,53000,2522
107501,1159,53000,2530
107502,1159,53000,2528
107503,1159,53000,2529
107504,1159,46603,2602
107505,1159,46602,2604
107506,1159,46703,2605
107507,1159,46704,2607
107508,1159,46503,2606
107509,1159,46502,2601
107510,1159,46606,2603
107511,1159,50114,2109
107512,1159,50104,2110
107513,1159,34100,2101
107514,1159,37900,2300
107515,1159,40005,2305
107516,1159,40102,2312
107517,1159,53000,2525
107518,1159,53000,2526
107519,1160,30000,2122
107520,1160,50060,2104
107521,1160,50030,2101
107522,1160,30001,2116
107523,1160,50103,2117
107524,1160,50104,2113
107525,1160,50103,2110
107526,1160,34200,2112
107527,1160,34102,2108
107528,1160,34200,2114
107529,1160,44010,2351
107530,1160,41000,2310
107531,1160,41000,2308
107532,1160,41000,2314
107533,1160,40003,2300
107534,1160,43001,2305
107535,1160,40101,2307
107536,1160,46883,2757
107537,1160,46562,2756
107538,1160,49438,2190
107539,1160,46523,2763
107540,1160,46673,2755
107541,1160,46532,2750
107542,1160,46696,2762
107543,1160,46652,2761
107544,1160,46723,2760
107545,1160,45550,2587
107546,1160,45550,2588
107547,1160,45550,2589
107548,1160,45550,2584
107549,1160,45550,2590
107550,1160,45550,2583
107551,1160,45550,2582
107552,1160,45550,2586
107553,1160,46505,2602
107554,1160,46604,2606
107555,1160,46702,2605
107556,1160,46606,2607
107557,1160,30001,2109
107558,1160,50103,2111
107559,1160,37900,2312
107560,1160,45000,2313
107561,1161,38101,2122
107562,1161,50040,2112
107563,1161,50020,2111
107564,1161,38000,2104
107565,1161,50114,2113
107566,1161,50116,2108
107567,1161,50116,2116
107568,1161,34002,2110
107569,1161,34000,2117
107570,1161,34000,2109
107571,1161,41010,2351
107572,1161,41000,2314
107573,1161,41000,2310
107574,1161,41000,2300
107575,1161,40007,2313
107576,1161,40103,2312
107577,1161,43401,2308
107578,1161,46873,2757
107579,1161,46524,2756
107580,1161,49413,2190
107581,1161,46633,2762
107582,1161,46674,2750
107583,1161,46661,2761
107584,1161,46511,2755
107585,1161,46772,2763
107586,1161,46553,2760
107587,1161,46780,2553
107588,1161,46780,2543
107589,1161,46780,2542
107590,1161,46780,2549
107591,1161,46780,2547
107592,1161,46780,2550
107593,1161,46780,2548
107594,1161,46780,2546
107595,1161,46505,2602
107596,1161,46704,2607
107597,1161,46604,2606
107598,1161,46603,2605
107599,1161,50020,2114
107600,1161,34000,2101
107601,1161,37900,2305
107602,1161,45000,2307
107603,1162,30001,2122
107604,1162,50050,2111
107605,1162,50030,2114
107606,1162,30301,2110
107607,1162,50113,2104
107608,1162,50102,2112
107609,1162,50102,2108
107610,1162,32000,2117
107611,1162,32001,2109
107612,1162,32000,2116
107613,1162,43411,2351
107614,1162,41000,2308
107615,1162,41000,2314
107616,1162,41000,2312
107617,1162,40003,2310
107618,1162,43400,2305
107619,1162,40101,2313
107620,1162,46862,2757
107621,1162,46533,2756
107622,1162,49414,2190
107623,1162,46562,2760
107624,1162,46683,2761
107625,1162,46663,2763
107626,1162,46573,2762
107627,1162,46724,2755
107628,1162,46512,2750
107629,1162,46503,2602
107630,1162,46602,2605
107631,1162,46605,2607
107632,1162,46704,2606
107633,1162,50050,2101
107634,1162,30301,2113
107635,1162,37900,2307
107636,1162,40103,2300
107637,1163,38100,2125
107638,1163,50030,2110
107639,1163,50060,2104
107640,1163,38001,2113
107641,1163,50103,2101
107642,1163,50100,2111
107643,1163,50100,2109
107644,1163,34100,2114
107645,1163,34200,2100
107646,1163,34200,2117
107647,1163,43410,2357
107648,1163,41000,2308
107649,1163,41000,2305
107650,1163,41000,2314
107651,1163,40007,2310
107652,1163,40103,2313
107653,1163,43001,2300
107654,1163,46954,2757
107655,1163,46521,2756
107656,1163,49427,2190
107657,1163,46743,2760
107658,1163,46683,2763
107659,1163,46581,2750
107660,1163,46571,2762
107661,1163,45512,2761
107662,1163,46713,2755
107663,1163,46801,2607
107664,1163,46703,2602
107665,1163,46603,2605
107666,1163,46503,2606
107667,1163,49400,2718
107668,1163,50030,2116
107669,1163,50100,2112
107670,1163,45000,2301
107671,1163,43501,2312
107672,1164,38000,2127
107673,1164,50020,2117
107674,1164,50011,2108
107675,1164,38001,2116
107676,1164,50103,2110
107677,1164,50114,2104
107678,1164,50114,2113
107679,1164,32201,2109
107680,1164,32102,2101
107681,1164,32102,2111
107682,1164,41010,2360
107683,1164,41000,2305
107684,1164,41000,2301
107685,1164,41000,2313
107686,1164,40009,2307
107687,1164,43400,2300
107688,1164,40101,2312
107689,1164,46814,2757
107690,1164,46522,2756
107691,1164,49415,2190
107692,1164,46663,2760
107693,1164,46541,2750
107694,1164,46644,2762
107695,1164,46691,2761
107696,1164,46653,2763
107697,1164,46721,2755
107698,1164,46602,2606
107699,1164,46502,2602
107700,1164,46604,2607
107701,1164,46700,2605
107702,1164,38000,2100
107703,1164,50103,2114
107704,1164,45000,2314
107705,1164,43401,2308
107706,1165,38000,2121
107707,1165,50030,2113
107708,1165,50020,2103
107709,1165,38001,2114
107710,1165,50113,2100
107711,1165,50112,2116
107712,1165,50113,2109
107713,1165,32000,2108
107714,1165,32101,2120
107715,1165,43011,2350
107716,1165,41000,2305
107717,1165,41000,2308
107718,1165,41000,2313
107719,1165,40000,2302
107720,1165,43401,2301
107721,1165,40103,2307
107722,1165,46814,2757
107723,1165,46742,2756
107724,1165,49416,2190
107725,1165,46641,2762
107726,1165,46563,2754
107727,1165,46543,2750
107728,1165,46692,2763
107729,1165,46571,2755
107730,1165,46722,2753
107731,1165,46502,2607
107732,1165,46703,2601
107733,1165,46602,2605
107734,1165,46605,2602
107735,1165,50030,2104
107736,1165,50113,2117
107737,1165,37900,2314
107738,1165,43001,2312
107739,1166,30300,2125
107740,1166,50011,2116
107741,1166,50030,2109
107742,1166,30001,2114
107743,1166,50113,2117
107744,1166,50114,2104
107745,1166,50113,2101
107746,1166,34300,2113
107747,1166,34200,2100
107748,1166,43411,2357
107749,1166,41000,2313
107750,1166,41000,2302
107751,1166,41000,2300
107752,1166,40005,2308
107753,1166,40103,2305
107754,1166,43000,2301
107755,1166,46863,2757
107756,1166,46523,2756
107757,1166,49428,2190
107758,1166,46681,2754
107759,1166,46741,2755
107760,1166,46562,2753
107761,1166,46572,2762
107762,1166,46722,2750
107763,1166,46628,2763
107764,1166,45520,2563
107765,1166,45520,2562
107766,1166,45520,2569
107767,1166,45520,2564
107768,1166,45520,2561
107769,1166,45520,2568
107770,1166,45520,2570
107771,1166,45520,2574
107772,1166,46605,2607
107773,1166,46606,2605
107774,1166,46504,2602
107775,1166,46704,2601
107776,1166,34300,2120
107777,1166,34300,2103
107778,1166,45000,2312
107779,1166,43000,2314
107780,1167,30300,2123
107781,1167,50020,2116
107782,1167,50011,2104
107783,1167,30001,2117
107784,1167,50102,2114
107785,1167,50116,2108
107786,1167,50102,2100
107787,1167,34300,2103
107788,1167,34000,2113
107789,1167,45010,2352
107790,1167,41000,2314
107791,1167,41000,2300
107792,1167,41000,2312
107793,1167,40000,2305
107794,1167,43001,2307
107795,1167,40103,2308
107796,1167,46822,2757
107797,1167,46524,2756
107798,1167,49417,2190
107799,1167,46533,2753
107800,1167,46561,2754
107801,1167,46661,2755
107802,1167,46723,2763
107803,1167,46714,2750
107804,1167,46772,2762
107805,1167,53050,2530
107806,1167,53050,2521
107807,1167,53050,2534
107808,1167,53050,2520
107809,1167,53050,2529
107810,1167,53050,2526
107811,1167,53050,2528
107812,1167,53050,2524
107813,1167,46605,2601
107814,1167,46606,2605
107815,1167,46502,2607
107816,1167,46703,2602
107817,1167,50011,2109
107818,1167,50102,2101
107819,1167,37900,2313
107820,1167,45000,2301
107821,1167,53050,2522
107822,1167,53050,2523
107823,1168,30001,2122
107824,1168,50030,2108
107825,1168,50060,2114
107826,1168,30300,2103
107827,1168,50103,2113
107828,1168,50112,2117
107829,1168,50103,2116
107830,1168,34102,2120
107831,1168,34300,2109
107832,1168,43020,2351
107833,1168,41000,2307
107834,1168,41000,2312
107835,1168,41000,2313
107836,1168,40003,2314
107837,1168,43501,2300
107838,1168,40102,2302
107839,1168,46884,2757
107840,1168,46683,2756
107841,1168,49418,2190
107842,1168,46661,2763
107843,1168,46674,2755
107844,1168,46524,2753
107845,1168,46572,2754
107846,1168,46551,2750
107847,1168,45513,2762
107848,1168,46802,2601
107849,1168,46505,2602
107850,1168,46704,2605
107851,1168,46605,2607
107852,1168,50060,2104
107853,1168,30001,2101
107854,1168,37900,2308
107855,1168,45000,2305
107856,1169,38100,2126
107857,1169,50060,2120
107858,1169,50001,2104
107859,1169,38000,2101
107860,1169,50116,2116
107861,1169,50100,2113
107862,1169,50116,2103
107863,1169,34104,2117
107864,1169,34003,2114
107865,1169,43411,2358
107866,1169,41000,2301
107867,1169,41000,2302
107868,1169,41000,2307
107869,1169,40103,2314
107870,1169,43400,2305
107871,1169,40101,2312
107872,1169,46951,2757
107873,1169,46743,2756
107874,1169,49427,2190
107875,1169,46522,2755
107876,1169,46644,2750
107877,1169,46662,2762
107878,1169,46572,2763
107879,1169,46773,2753
107880,1169,46626,2754
107881,1169,46505,2602
107882,1169,46606,2607
107883,1169,46602,2601
107884,1169,46704,2605
107885,1169,49400,2716
107886,1169,38100,2109
107887,1169,34104,2100
107888,1169,45000,2300
107889,1169,40002,2313
107890,1170,38100,2124
107891,1170,50060,2107
107892,1170,50050,2117
107893,1170,38000,2101
107894,1170,50114,2110
107895,1170,50116,2106
107896,1170,50114,2103
107897,1170,32200,2111
107898,1170,32000,2100
107899,1170,32200,2112
107900,1170,45010,2356
107901,1170,41000,2301
107902,1170,41000,2300
107903,1170,41000,2313
107904,1170,40009,2314
107905,1170,43000,2302
107906,1170,46864,2757
107907,1170,46643,2756
107908,1170,49432,2190
107909,1170,46742,2320
107910,1170,46534,2322
107911,1170,46753,2316
107912,1170,46563,2315
107913,1170,46661,2318
107914,1170,46762,2309
107915,1170,46671,2750
107916,1170,46523,2759
107917,1170,46572,2758
107918,1170,46713,2753
107919,1170,46516,2761
107920,1170,46724,2760
107921,1170,46628,2755
107922,1170,46651,2754
107923,1170,46503,2602
107924,1170,46701,2606
107925,1170,46505,2604
107926,1170,46606,2607
107927,1170,46700,2601
107928,1170,46604,2603
107929,1170,41300,2321
107930,1170,43301,2317
107931,1170,43300,2319
107932,1170,50114,2116
107933,1170,32000,2104
107934,1170,43400,2305
107935,1170,40101,2310
107936,1171,38000,2124
107937,1171,50040,2100
107938,1171,50050,2116
107939,1171,38100,2111
107940,1171,50104,2106
107941,1171,50114,2103
107942,1171,50114,2110
107943,1171,32201,2112
107944,1171,32000,2107
107945,1171,32201,2101
107946,1171,43010,2356
107947,1171,41000,2313
107948,1171,41000,2301
107949,1171,41000,2302
107950,1171,40004,2314
107951,1171,40102,2300
107952,1171,46823,2757
107953,1171,46741,2756
107954,1171,49436,2190
107955,1171,46523,2319
107956,1171,46763,2317
107957,1171,46641,2322
107958,1171,46681,2315
107959,1171,46534,2318
107960,1171,46562,2316
107961,1171,46661,2760
107962,1171,46633,2758
107963,1171,45514,2754
107964,1171,46771,2761
107965,1171,46723,2750
107966,1171,46573,2753
107967,1171,46628,2759
107968,1171,46693,2755
107969,1171,45530,2524
107970,1171,45530,2531
107971,1171,45530,2525
107972,1171,45530,2523
107973,1171,45530,2528
107974,1171,45530,2532
107975,1171,45530,2521
107976,1171,45530,2522
107977,1171,46704,2602
107978,1171,46700,2606
107979,1171,46502,2607
107980,1171,46603,2601
107981,1171,46505,2604
107982,1171,46602,2603
107983,1171,41300,2321
107984,1171,43300,2309
107985,1171,43301,2320
107986,1171,50040,2117
107987,1171,32201,2104
107988,1171,37900,2305
107989,1171,45000,2310
107990,1172,30301,2129
107991,1172,50040,2112
107992,1172,50050,2103
107993,1172,30000,2110
107994,1172,50113,2106
107995,1172,50112,2117
107996,1172,50112,2101
107997,1172,32200,2100
107998,1172,32102,2107
107999,1172,32102,2116
108000,1172,43010,2364
108001,1172,41000,2305
108002,1172,41000,2310
108003,1172,41000,2306
108004,1172,40000,2300
108005,1172,40102,2313
108006,1172,46871,2757
108007,1172,46644,2756
108008,1172,49414,2190
108009,1172,46683,2322
108010,1172,46753,2319
108011,1172,46743,2317
108012,1172,46632,2315
108013,1172,46521,2309
108014,1172,46762,2320
108015,1172,46662,2761
108016,1172,46671,2758
108017,1172,46514,2760
108018,1172,46593,2759
108019,1172,46694,2753
108020,1172,46714,2754
108021,1172,46722,2755
108022,1172,46553,2750
108023,1172,53050,2528
108024,1172,53050,2523
108025,1172,53050,2532
108026,1172,53050,2521
108027,1172,53050,2522
108028,1172,53050,2524
108029,1172,53050,2525
108030,1172,53050,2527
108031,1172,46503,2602
108032,1172,46700,2607
108033,1172,46703,2601
108034,1172,46606,2604
108035,1172,46603,2606
108036,1172,46505,2603
108037,1172,41300,2321
108038,1172,43300,2316
108039,1172,43301,2318
108040,1172,50040,2120
108041,1172,32102,2104
108042,1172,37900,2302
108043,1172,45000,2301
108044,1172,53050,2531
108045,1172,53050,2520
108046,1173,30300,2124
108047,1173,50001,2103
108048,1173,50020,2106
108049,1173,30301,2107
108050,1173,50102,2101
108051,1173,50100,2111
108052,1173,50100,2116
108053,1173,34102,2112
108054,1173,34100,2104
108055,1173,34102,2110
108056,1173,43011,2356
108057,1173,41000,2310
108058,1173,41000,2305
108059,1173,41000,2300
108060,1173,40003,2302
108061,1173,40103,2313
108062,1173,46824,2757
108063,1173,46563,2756
108064,1173,49415,2190
108065,1173,46523,2320
108066,1173,46533,2315
108067,1173,46681,2322
108068,1173,46632,2316
108069,1173,46742,2309
108070,1173,46661,2317
108071,1173,46583,2753
108072,1173,46542,2760
108073,1173,46773,2750
108074,1173,46592,2761
108075,1173,46723,2755
108076,1173,46695,2759
108077,1173,46551,2758
108078,1173,46573,2754
108079,1173,46505,2604
108080,1173,46605,2607
108081,1173,46604,2603
108082,1173,46700,2606
108083,1173,46502,2601
108084,1173,46701,2602
108085,1173,41300,2321
108086,1173,43300,2318
108087,1173,43301,2319
108088,1173,49400,2717
108089,1173,50020,2100
108090,1173,30300,2117
108091,1173,37900,2314
108092,1173,45000,2301
108093,1174,38001,2129
108094,1174,50040,2101
108095,1174,50001,2112
108096,1174,38101,2103
108097,1174,50113,2116
108098,1174,50100,2106
108099,1174,50100,2117
108100,1174,32201,2107
108101,1174,32001,2110
108102,1174,32001,2104
108103,1174,43020,2364
108104,1174,41000,2306
108105,1174,41000,2305
108106,1174,41000,2302
108107,1174,40002,2301
108108,1174,43401,2310
108109,1174,46824,2757
108110,1174,46672,2756
108111,1174,49416,2190
108112,1174,46741,2317
108113,1174,46632,2319
108114,1174,46662,2322
108115,1174,46522,2315
108116,1174,46531,2318
108117,1174,46761,2316
108118,1174,46682,2759
108119,1174,46563,2760
108120,1174,46622,2755
108121,1174,46651,2750
108122,1174,46592,2758
108123,1174,46711,2761
108124,1174,46723,2753
108125,1174,46551,2754
108126,1174,46605,2607
108127,1174,46604,2604
108128,1174,46503,2601
108129,1174,46703,2603
108130,1174,46504,2606
108131,1174,46701,2602
108132,1174,41300,2321
108133,1174,43300,2320
108134,1174,43301,2309
108135,1174,38001,2120
108136,1174,32001,2100
108137,1174,37900,2313
108138,1174,40102,2300
108139,1175,52420,1107
108140,1175,52570,1110
108141,1175,52450,1108
108142,1175,52520,1109
108143,1175,53590,1141
108144,1175,53570,1142
108145,1175,53630,1143
108146,1175,53510,1144
108147,1175,49172,1114
108148,1175,48402,1115
108149,1175,49252,1116
108150,1175,53600,1145
108151,1175,53640,1146
108152,1175,53520,1147
108153,1175,53560,1148
108154,1175,49302,1111
108155,1175,49202,1112
108156,1175,48502,1113
108157,1175,46627,1164
108158,1175,46722,1157
108159,1175,46691,1165
108160,1175,46573,1160
108161,1175,46771,1163
108162,1175,46711,1158
108163,1175,45511,1161
108164,1175,46562,1156
108165,1175,46633,1159
108166,1175,46671,1162
108167,1175,46742,1155
108168,1175,51000,1151
108169,1175,51000,1153
108170,1175,46681,1103
108171,1175,53680,1135
108172,1175,53820,1136
108173,1175,53830,1137
108174,1175,53700,1138
108175,1175,53860,1139
108176,1175,53870,1140
108177,1175,49400,1171
108178,1175,51108,1150
108179,1175,51150,1152
108180,1175,46661,1166
108181,1176,52400,1107
108182,1176,52550,1110
108183,1176,52450,1108
108184,1176,52520,1109
108185,1176,53590,1141
108186,1176,53570,1142
108187,1176,53630,1143
108188,1176,53510,1144
108189,1176,49902,1114
108190,1176,49182,1115
108191,1176,49262,1116
108192,1176,53600,1145
108193,1176,53640,1146
108194,1176,53520,1147
108195,1176,53550,1148
108196,1176,49272,1111
108197,1176,49282,1112
108198,1176,49232,1113
108199,1176,46593,1157
108200,1176,46572,1165
108201,1176,46553,1158
108202,1176,46652,1160
108203,1176,46692,1164
108204,1176,46714,1163
108205,1176,45512,1155
108206,1176,46562,1162
108207,1176,46661,1159
108208,1176,46544,1161
108209,1176,46743,1156
108210,1176,51000,1153
108211,1176,51000,1152
108212,1176,51105,1151
108213,1176,46523,1103
108214,1176,53670,1135
108215,1176,53800,1136
108216,1176,53810,1137
108217,1176,53710,1138
108218,1176,53880,1139
108219,1176,53890,1140
108220,1176,45520,1202
108221,1176,45520,1201
108222,1176,45520,1200
108223,1176,51150,1150
108224,1176,46531,1166
108225,1177,52420,1107
108226,1177,52570,1110
108227,1177,52460,1108
108228,1177,52520,1109
108229,1177,53580,1141
108230,1177,53540,1142
108231,1177,53620,1143
108232,1177,53500,1144
108233,1177,49102,1114
108234,1177,49262,1115
108235,1177,49242,1116
108236,1177,53610,1145
108237,1177,53490,1146
108238,1177,53530,1147
108239,1177,53550,1148
108240,1177,49282,1111
108241,1177,49182,1112
108242,1177,49232,1113
108243,1177,46592,1164
108244,1177,46532,1158
108245,1177,46724,1155
108246,1177,46653,1160
108247,1177,46516,1163
108248,1177,46573,1157
108249,1177,45513,1159
108250,1177,46633,1165
108251,1177,46741,1162
108252,1177,46662,1156
108253,1177,46644,1161
108254,1177,51000,1153
108255,1177,51000,1152
108256,1177,46524,1103
108257,1177,53670,1135
108258,1177,53800,1136
108259,1177,53810,1137
108260,1177,53720,1138
108261,1177,53900,1139
108262,1177,53910,1140
108263,1177,51101,1151
108264,1177,51150,1150
108265,1177,46582,1166
108266,1178,52420,1107
108267,1178,52550,1110
108268,1178,52450,1108
108269,1178,52520,1109
108270,1178,53580,1141
108271,1178,53540,1142
108272,1178,53620,1143
108273,1178,53500,1144
108274,1178,49102,1114
108275,1178,49292,1115
108276,1178,49202,1116
108277,1178,53600,1145
108278,1178,53640,1146
108279,1178,53520,1147
108280,1178,53560,1148
108281,1178,49272,1111
108282,1178,49172,1112
108283,1178,49262,1113
108284,1178,46724,1163
108285,1178,46542,1157
108286,1178,46628,1164
108287,1178,45514,1158
108288,1178,46593,1165
108289,1178,46511,1160
108290,1178,46571,1156
108291,1178,46742,1162
108292,1178,46643,1155
108293,1178,46693,1159
108294,1178,46522,1161
108295,1178,51000,1150
108296,1178,51000,1152
108297,1178,46534,1103
108298,1178,53670,1135
108299,1178,53800,1136
108300,1178,53810,1137
108301,1178,53700,1138
108302,1178,53860,1139
108303,1178,53870,1140
108304,1178,53050,1200
108305,1178,53050,1202
108306,1178,53050,1201
108307,1178,51109,1153
108308,1178,51050,1151
108309,1178,46584,1166
108310,1179,52420,1107
108311,1179,52570,1110
108312,1179,52460,1108
108313,1179,52520,1109
108314,1179,53590,1141
108315,1179,53570,1142
108316,1179,53630,1143
108317,1179,53510,1144
108318,1179,49292,1114
108319,1179,49202,1115
108320,1179,49182,1116
108321,1179,53610,1145
108322,1179,53490,1146
108323,1179,53530,1147
108324,1179,53550,1148
108325,1179,49172,1111
108326,1179,49102,1112
108327,1179,48502,1113
108328,1179,46572,1156
108329,1179,46623,1164
108330,1179,46592,1158
108331,1179,46551,1165
108332,1179,46512,1160
108333,1179,46721,1161
108334,1179,46714,1162
108335,1179,46642,1163
108336,1179,46633,1155
108337,1179,46584,1157
108338,1179,46741,1159
108339,1179,51000,1150
108340,1179,51000,1152
108341,1179,51106,1151
108342,1179,46562,1103
108343,1179,53680,1135
108344,1179,53820,1136
108345,1179,53830,1137
108346,1179,53710,1138
108347,1179,53880,1139
108348,1179,53890,1140
108349,1179,53000,1200
108350,1179,53000,1201
108351,1179,53000,1202
108352,1179,51150,1153
108353,1179,53990,1211
108354,1179,46662,1166
108355,1180,52400,1107
108356,1180,52550,1110
108357,1180,52450,1108
108358,1180,52520,1109
108359,1180,53580,1141
108360,1180,53540,1142
108361,1180,53620,1143
108362,1180,53500,1144
108363,1180,49902,1114
108364,1180,49302,1115
108365,1180,49202,1116
108366,1180,53610,1145
108367,1180,53490,1146
108368,1180,53530,1147
108369,1180,53550,1148
108370,1180,47802,1111
108371,1180,49292,1112
108372,1180,49262,1113
108373,1180,45511,1160
108374,1180,46554,1155
108375,1180,46724,1162
108376,1180,46741,1158
108377,1180,46516,1164
108378,1180,46621,1157
108379,1180,46694,1159
108380,1180,46544,1161
108381,1180,46673,1165
108382,1180,46563,1156
108383,1180,46532,1163
108384,1180,51000,1151
108385,1180,51000,1152
108386,1180,51107,1150
108387,1180,46661,1103
108388,1180,53680,1135
108389,1180,53820,1136
108390,1180,53830,1137
108391,1180,53710,1138
108392,1180,53880,1139
108393,1180,53890,1140
108394,1180,45550,1200
108395,1180,45550,1202
108396,1180,45550,1201
108397,1180,51050,1153
108398,1180,53990,1213
108399,1180,46644,1166
108400,1181,52400,1107
108401,1181,52550,1110
108402,1181,52450,1108
108403,1181,52520,1109
108404,1181,53580,1141
108405,1181,53540,1142
108406,1181,53620,1143
108407,1181,53500,1144
108408,1181,49272,1114
108409,1181,49292,1115
108410,1181,48602,1116
108411,1181,53610,1145
108412,1181,53490,1146
108413,1181,53530,1147
108414,1181,53560,1148
108415,1181,49102,1111
108416,1181,49902,1112
108417,1181,49262,1113
108418,1181,46593,1164
108419,1181,45512,1157
108420,1181,46722,1160
108421,1181,46624,1165
108422,1181,46653,1163
108423,1181,46571,1158
108424,1181,46713,1155
108425,1181,46662,1159
108426,1181,46683,1162
108427,1181,46671,1156
108428,1181,46582,1161
108429,1181,51000,1153
108430,1181,51000,1150
108431,1181,51051,1152
108432,1181,46743,1103
108433,1181,53670,1135
108434,1181,53800,1136
108435,1181,53810,1137
108436,1181,53720,1138
108437,1181,53900,1139
108438,1181,53910,1140
108439,1181,49400,1175
108440,1181,51109,1151
108441,1181,53990,1213
108442,1181,46542,1166
108443,1182,52420,1107
108444,1182,52570,1110
108445,1182,52460,1108
108446,1182,52520,1109
108447,1182,53590,1141
108448,1182,53570,1142
108449,1182,53630,1143
108450,1182,53510,1144
108451,1182,49902,1114
108452,1182,49182,1115
108453,1182,49202,1116
108454,1182,53610,1145
108455,1182,53490,1146
108456,1182,53530,1147
108457,1182,53560,1148
108458,1182,48002,1111
108459,1182,49172,1112
108460,1182,49212,1113
108461,1182,46591,1165
108462,1182,46651,1160
108463,1182,46543,1157
108464,1182,46516,1158
108465,1182,46696,1164
108466,1182,46721,1163
108467,1182,46773,1155
108468,1182,46663,1159
108469,1182,46554,1156
108470,1182,46563,1162
108471,1182,46642,1161
108472,1182,51000,1153
108473,1182,51000,1152
108474,1182,51150,1151
108475,1182,46521,1103
108476,1182,53680,1135
108477,1182,53820,1136
108478,1182,53830,1137
108479,1182,53720,1138
108480,1182,53900,1139
108481,1182,53910,1140
108482,1182,51102,1150
108483,1182,46682,1166
108484,1183,52400,1107
108485,1183,52550,1110
108486,1183,52460,1108
108487,1183,52520,1109
108488,1183,53580,1141
108489,1183,53540,1142
108490,1183,53620,1143
108491,1183,53500,1144
108492,1183,49302,1114
108493,1183,49902,1115
108494,1183,48602,1116
108495,1183,53600,1145
108496,1183,53640,1146
108497,1183,53520,1147
108498,1183,53550,1148
108499,1183,48002,1111
108500,1183,49212,1112
108501,1183,48502,1113
108502,1183,46772,1162
108503,1183,46627,1165
108504,1183,46554,1159
108505,1183,46632,1158
108506,1183,46571,1160
108507,1183,46722,1163
108508,1183,46713,1161
108509,1183,46583,1155
108510,1183,46541,1157
108511,1183,46642,1164
108512,1183,46561,1156
108513,1183,51000,1152
108514,1183,51000,1153
108515,1183,51108,1150
108516,1183,46662,1103
108517,1183,53670,1135
108518,1183,53800,1136
108519,1183,53810,1137
108520,1183,53710,1138
108521,1183,53880,1139
108522,1183,53890,1140
108523,1183,51150,1151
108524,1183,46524,1166
108525,1184,52420,1107
108526,1184,52550,1110
108527,1184,52450,1108
108528,1184,52500,1109
108529,1184,53580,1141
108530,1184,53540,1142
108531,1184,53620,1143
108532,1184,53500,1144
108533,1184,49292,1114
108534,1184,49262,1115
108535,1184,49212,1116
108536,1184,53610,1145
108537,1184,53490,1146
108538,1184,53530,1147
108539,1184,53560,1148
108540,1184,49302,1111
108541,1184,48802,1112
108542,1184,48402,1113
108543,1184,46628,1162
108544,1184,46571,1159
108545,1184,46721,1155
108546,1184,46713,1158
108547,1184,46692,1163
108548,1184,45513,1160
108549,1184,46512,1156
108550,1184,46563,1161
108551,1184,46661,1165
108552,1184,46683,1164
108553,1184,46533,1157
108554,1184,51000,1153
108555,1184,51000,1151
108556,1184,46644,1103
108557,1184,53680,1135
108558,1184,53820,1136
108559,1184,53830,1137
108560,1184,53710,1138
108561,1184,53880,1139
108562,1184,53890,1140
108563,1184,49400,1172
108564,1184,51108,1152
108565,1184,51150,1150
108566,1184,53990,1210
108567,1184,46544,1166
108568,1185,52400,1107
108569,1185,52550,1110
108570,1185,52460,1108
108571,1185,52500,1109
108572,1185,53580,1141
108573,1185,53540,1142
108574,1185,53620,1143
108575,1185,53500,1144
108576,1185,49902,1114
108577,1185,49232,1115
108578,1185,48602,1116
108579,1185,53600,1145
108580,1185,53640,1146
108581,1185,53520,1147
108582,1185,53560,1148
108583,1185,49172,1111
108584,1185,47902,1112
108585,1185,48402,1113
108586,1185,46591,1157
108587,1185,46771,1164
108588,1185,46693,1155
108589,1185,45514,1158
108590,1185,46651,1163
108591,1185,46572,1160
108592,1185,46628,1165
108593,1185,46681,1156
108594,1185,46674,1159
108595,1185,46561,1162
108596,1185,46523,1161
108597,1185,51000,1152
108598,1185,51000,1150
108599,1185,46641,1103
108600,1185,53670,1135
108601,1185,53800,1136
108602,1185,53810,1137
108603,1185,53720,1138
108604,1185,53900,1139
108605,1185,53910,1140
108606,1185,51050,1153
108607,1185,51109,1151
108608,1185,53990,1211
108609,1185,46663,1166
108610,1186,52420,1107
108611,1186,52570,1110
108612,1186,52460,1108
108613,1186,52500,1109
108614,1186,53580,1141
108615,1186,53540,1142
108616,1186,53620,1143
108617,1186,53500,1144
108618,1186,49902,1114
108619,1186,49262,1115
108620,1186,48302,1116
108621,1186,53600,1145
108622,1186,53640,1146
108623,1186,53520,1147
108624,1186,53550,1148
108625,1186,49102,1111
108626,1186,49182,1112
108627,1186,48402,1113
108628,1186,46694,1165
108629,1186,46511,1162
108630,1186,46572,1159
108631,1186,46582,1158
108632,1186,46771,1156
108633,1186,46626,1155
108634,1186,46711,1163
108635,1186,46743,1161
108636,1186,46663,1164
108637,1186,46643,1160
108638,1186,46542,1157
108639,1186,51000,1150
108640,1186,51000,1153
108641,1186,46563,1103
108642,1186,53680,1135
108643,1186,53820,1136
108644,1186,53830,1137
108645,1186,53720,1138
108646,1186,53900,1139
108647,1186,53910,1140
108648,1186,45550,1201
108649,1186,45550,1202
108650,1186,45550,1200
108651,1186,51109,1151
108652,1186,51050,1152
108653,1186,53990,1211
108654,1186,46674,1166
108655,1187,52420,1107
108656,1187,52550,1110
108657,1187,52450,1108
108658,1187,52520,1109
108659,1187,53580,1141
108660,1187,53540,1142
108661,1187,53620,1143
108662,1187,53500,1144
108663,1187,49282,1114
108664,1187,49212,1115
108665,1187,48502,1116
108666,1187,53610,1145
108667,1187,53490,1146
108668,1187,53530,1147
108669,1187,53550,1148
108670,1187,49292,1111
108671,1187,49902,1112
108672,1187,48302,1113
108673,1187,45512,1157
108674,1187,46571,1155
108675,1187,46516,1160
108676,1187,46652,1158
108677,1187,46551,1164
108678,1187,46591,1163
108679,1187,46711,1159
108680,1187,46562,1156
108681,1187,46662,1165
108682,1187,46583,1161
108683,1187,46681,1162
108684,1187,51000,1151
108685,1187,51000,1153
108686,1187,51109,1152
108687,1187,46673,1103
108688,1187,53680,1135
108689,1187,53820,1136
108690,1187,53830,1137
108691,1187,53700,1138
108692,1187,53860,1139
108693,1187,53870,1140
108694,1187,53050,1201
108695,1187,53050,1200
108696,1187,53050,1202
108697,1187,51150,1150
108698,1187,53990,1213
108699,1187,46532,1166
108700,1188,52400,1107
108701,1188,52570,1110
108702,1188,52460,1108
108703,1188,52500,1109
108704,1188,53590,1141
108705,1188,53570,1142
108706,1188,53630,1143
108707,1188,53510,1144
108708,1188,49302,1114
108709,1188,49212,1115
108710,1188,48602,1116
108711,1188,53600,1145
108712,1188,53640,1146
108713,1188,53520,1147
108714,1188,53550,1148
108715,1188,49292,1111
108716,1188,48502,1112
108717,1188,49232,1113
108718,1188,46653,1158
108719,1188,45513,1159
108720,1188,46695,1162
108721,1188,46722,1155
108722,1188,46573,1165
108723,1188,46627,1164
108724,1188,46553,1161
108725,1188,46682,1156
108726,1188,46674,1160
108727,1188,46561,1163
108728,1188,46631,1157
108729,1188,51000,1151
108730,1188,51000,1152
108731,1188,51100,1150
108732,1188,51101,1153
108733,1188,46663,1103
108734,1188,53670,1135
108735,1188,53800,1136
108736,1188,53810,1137
108737,1188,53710,1138
108738,1188,53880,1139
108739,1188,53890,1140
108740,1188,49400,1175
108741,1188,45520,1202
108742,1188,45520,1201
108743,1188,45520,1200
108744,1188,53990,1212
108745,1188,46641,1166
108746,1189,52400,1107
108747,1189,52550,1110
108748,1189,52460,1108
108749,1189,52520,1109
108750,1189,53590,1141
108751,1189,53570,1142
108752,1189,53630,1143
108753,1189,53510,1144
108754,1189,49292,1114
108755,1189,48502,1115
108756,1189,48802,1116
108757,1189,53600,1145
108758,1189,53640,1146
108759,1189,53520,1147
108760,1189,53560,1148
108761,1189,49302,1111
108762,1189,49102,1112
108763,1189,49262,1113
108764,1189,45514,1156
108765,1189,46641,1158
108766,1189,46553,1164
108767,1189,46723,1160
108768,1189,46714,1165
108769,1189,46627,1157
108770,1189,46653,1159
108771,1189,46741,1162
108772,1189,46683,1155
108773,1189,46674,1163
108774,1189,46541,1161
108775,1189,51000,1151
108776,1189,51000,1152
108777,1189,51102,1150
108778,1189,51103,1153
108779,1189,46561,1103
108780,1189,53680,1135
108781,1189,53820,1136
108782,1189,53830,1137
108783,1189,53720,1138
108784,1189,53900,1139
108785,1189,53910,1140
108786,1189,46582,1166
108787,1190,52400,1107
108788,1190,52550,1110
108789,1190,52460,1108
108790,1190,52520,1109
108791,1190,53590,1141
108792,1190,53570,1142
108793,1190,53630,1143
108794,1190,53510,1144
108795,1190,49172,1114
108796,1190,48802,1115
108797,1190,48602,1116
108798,1190,53610,1145
108799,1190,53490,1146
108800,1190,53530,1147
108801,1190,53560,1148
108802,1190,49272,1111
108803,1190,49242,1112
108804,1190,48302,1113
108805,1190,46572,1158
108806,1190,46713,1164
108807,1190,46651,1165
108808,1190,46723,1156
108809,1190,46591,1160
108810,1190,46552,1162
108811,1190,46511,1155
108812,1190,46643,1163
108813,1190,46522,1159
108814,1190,46632,1157
108815,1190,46541,1161
108816,1190,51000,1152
108817,1190,51000,1150
108818,1190,51104,1151
108819,1190,46682,1103
108820,1190,53680,1135
108821,1190,53820,1136
108822,1190,53830,1137
108823,1190,53700,1138
108824,1190,53860,1139
108825,1190,53870,1140
108826,1190,49400,1176
108827,1190,51050,1153
108828,1190,53990,1211
108829,1190,46743,1166
108830,1191,52420,1107
108831,1191,52550,1110
108832,1191,52460,1108
108833,1191,52520,1109
108834,1191,53580,1141
108835,1191,53540,1142
108836,1191,53620,1143
108837,1191,53500,1144
108838,1191,49102,1114
108839,1191,48402,1115
108840,1191,49252,1116
108841,1191,53600,1145
108842,1191,53640,1146
108843,1191,53520,1147
108844,1191,53560,1148
108845,1191,49172,1111
108846,1191,49302,1112
108847,1191,49182,1113
108848,1191,46772,1163
108849,1191,46627,1160
108850,1191,46572,1155
108851,1191,46711,1157
108852,1191,46544,1158
108853,1191,45512,1164
108854,1191,46723,1159
108855,1191,46671,1161
108856,1191,46741,1165
108857,1191,46551,1156
108858,1191,46641,1162
108859,1191,51000,1150
108860,1191,51000,1152
108861,1191,51105,1153
108862,1191,46631,1103
108863,1191,53670,1135
108864,1191,53800,1136
108865,1191,53810,1137
108866,1191,53720,1138
108867,1191,53900,1139
108868,1191,53910,1140
108869,1191,51050,1151
108870,1191,46581,1166
108871,1192,52400,1107
108872,1192,52570,1110
108873,1192,52460,1108
108874,1192,52500,1109
108875,1192,53590,1141
108876,1192,53570,1142
108877,1192,53630,1143
108878,1192,53510,1144
108879,1192,49302,1114
108880,1192,49292,1115
108881,1192,49262,1116
108882,1192,53600,1145
108883,1192,53640,1146
108884,1192,53520,1147
108885,1192,53560,1148
108886,1192,49172,1111
108887,1192,48302,1112
108888,1192,49212,1113
108889,1192,46628,1163
108890,1192,46551,1164
108891,1192,46583,1158
108892,1192,46571,1165
108893,1192,46511,1157
108894,1192,45514,1160
108895,1192,46712,1159
108896,1192,46532,1155
108897,1192,46642,1162
108898,1192,46683,1156
108899,1192,46561,1161
108900,1192,51000,1150
108901,1192,51000,1153
108902,1192,51106,1151
108903,1192,46522,1103
108904,1192,53670,1135
108905,1192,53800,1136
108906,1192,53810,1137
108907,1192,53700,1138
108908,1192,53860,1139
108909,1192,53870,1140
108910,1192,45530,1202
108911,1192,45530,1200
108912,1192,45530,1201
108913,1192,51150,1152
108914,1192,53990,1210
108915,1192,46671,1166
108916,1193,52400,1107
108917,1193,52550,1110
108918,1193,52460,1108
108919,1193,52520,1109
108920,1193,53590,1141
108921,1193,53570,1142
108922,1193,53630,1143
108923,1193,53510,1144
108924,1193,49102,1114
108925,1193,49902,1115
108926,1193,48302,1116
108927,1193,53610,1145
108928,1193,53490,1146
108929,1193,53530,1147
108930,1193,53550,1148
108931,1193,48102,1111
108932,1193,49242,1112
108933,1193,49262,1113
108934,1193,46692,1160
108935,1193,46711,1162
108936,1193,46516,1165
108937,1193,46573,1164
108938,1193,46593,1158
108939,1193,46723,1155
108940,1193,46651,1159
108941,1193,46643,1157
108942,1193,46524,1163
108943,1193,46584,1161
108944,1193,46741,1156
108945,1193,51000,1150
108946,1193,51000,1153
108947,1193,51107,1151
108948,1193,46683,1103
108949,1193,53680,1135
108950,1193,53820,1136
108951,1193,53830,1137
108952,1193,53700,1138
108953,1193,53860,1139
108954,1193,53870,1140
108955,1193,49400,1174
108956,1193,51150,1152
108957,1193,53990,1212
108958,1193,46541,1166
108959,1194,52400,1107
108960,1194,52550,1110
108961,1194,52450,1108
108962,1194,52520,1109
108963,1194,53590,1141
108964,1194,53570,1142
108965,1194,53630,1143
108966,1194,53510,1144
108967,1194,49272,1114
108968,1194,49212,1115
108969,1194,49252,1116
108970,1194,53610,1145
108971,1194,53490,1146
108972,1194,53530,1147
108973,1194,53550,1148
108974,1194,47902,1111
108975,1194,48402,1112
108976,1194,49182,1113
108977,1194,46543,1158
108978,1194,46693,1161
108979,1194,46552,1165
108980,1194,46714,1160
108981,1194,46591,1164
108982,1194,46773,1159
108983,1194,46653,1156
108984,1194,46534,1157
108985,1194,46671,1155
108986,1194,46573,1163
108987,1194,46643,1162
108988,1194,51000,1151
108989,1194,51000,1153
108990,1194,51108,1150
108991,1194,46631,1103
108992,1194,53670,1135
108993,1194,53800,1136
108994,1194,53810,1137
108995,1194,53720,1138
108996,1194,53900,1139
108997,1194,53910,1140
108998,1194,51050,1152
108999,1194,46524,1166
109000,1195,38100,2124
109001,1195,50020,2117
109002,1195,50060,2106
109003,1195,38000,2108
109004,1195,50104,2116
109005,1195,50112,2113
109006,1195,50100,2109
109007,1195,50100,2110
109008,1195,32200,2107
109009,1195,32101,2111
109010,1195,32102,2114
109011,1195,43011,2356
109012,1195,41000,2310
109013,1195,41000,2302
109014,1195,41000,2307
109015,1195,40102,2312
109016,1195,40103,2308
109017,1195,46672,2762
109018,1195,46584,2753
109019,1195,46541,2754
109020,1195,46721,2759
109021,1195,46593,2760
109022,1195,46627,2758
109023,1195,46694,2761
109024,1195,46653,2763
109025,1195,46504,2607
109026,1195,46704,2606
109027,1195,46605,2604
109028,1195,46604,2603
109029,1195,46505,2605
109030,1195,46701,2601
109031,1195,49400,2711
109032,1195,50060,2103
109033,1195,38100,2112
109034,1195,37900,2313
109035,1195,40002,2314
109036,1196,30301,2123
109037,1196,50011,2103
109038,1196,50040,2109
109039,1196,30000,2106
109040,1196,50113,2108
109041,1196,50116,2113
109042,1196,50114,2107
109043,1196,50113,2112
109044,1196,32101,2110
109045,1196,32100,2116
109046,1196,32000,2117
109047,1196,43020,2352
109048,1196,41000,2312
109049,1196,41000,2314
109050,1196,41000,2307
109051,1196,40009,2313
109052,1196,43401,2310
109053,1196,46543,2760
109054,1196,46631,2759
109055,1196,46583,2763
109056,1196,46696,2762
109057,1196,46516,2754
109058,1196,46714,2753
109059,1196,46593,2761
109060,1196,46628,2758
109061,1196,46780,2541
109062,1196,46780,2548
109063,1196,46780,2556
109064,1196,46780,2550
109065,1196,46780,2545
109066,1196,46780,2547
109067,1196,46780,2549
109068,1196,46780,2555
109069,1196,46504,2601
109070,1196,46505,2606
109071,1196,46703,2605
109072,1196,46701,2607
109073,1196,46603,2603
109074,1196,46605,2604
109075,1196,30000,2114
109076,1196,50116,2111
109077,1196,40102,2306
109078,1196,43401,2308
109079,1197,38001,2127
109080,1197,50001,2117
109081,1197,50030,2116
109082,1197,38101,2114
109083,1197,50112,2107
109084,1197,50100,2111
109085,1197,50102,2109
109086,1197,50112,2103
109087,1197,34101,2113
109088,1197,34102,2120
109089,1197,34200,2110
109090,1197,43411,2360
109091,1197,41000,2314
109092,1197,41000,2308
109093,1197,41000,2306
109094,1197,40007,2312
109095,1197,40103,2302
109096,1197,46672,2754
109097,1197,46561,2760
109098,1197,46743,2753
109099,1197,46713,2759
109100,1197,46628,2762
109101,1197,46571,2761
109102,1197,46771,2758
109103,1197,46516,2763
109104,1197,46702,2601
109105,1197,46505,2606
109106,1197,46606,2604
109107,1197,46605,2605
109108,1197,46502,2607
109109,1197,46701,2603
109110,1197,38001,2106
109111,1197,50112,2108
109112,1197,37900,2307
109113,1197,40003,2313
109114,1198,38101,2125
109115,1198,50040,2109
109116,1198,50020,2106
109117,1198,38001,2112
109118,1198,50103,2110
109119,1198,50113,2114
109120,1198,50114,2113
109121,1198,50114,2103
109122,1198,32102,2117
109123,1198,32201,2120
109124,1198,32001,2107
109125,1198,45010,2357
109126,1198,41000,2314
109127,1198,41000,2308
109128,1198,41000,2306
109129,1198,40006,2302
109130,1198,40102,2312
109131,1198,46632,2761
109132,1198,46683,2762
109133,1198,46743,2758
109134,1198,46593,2753
109135,1198,46773,2763
109136,1198,46695,2760
109137,1198,46554,2759
109138,1198,46652,2754
109139,1198,46801,2607
109140,1198,46701,2606
109141,1198,46702,2604
109142,1198,46604,2601
109143,1198,46605,2603
109144,1198,46504,2605
109145,1198,38001,2116
109146,1198,50103,2111
109147,1198,37900,2313
109148,1198,45000,2310
109149,1199,38001,2123
109150,1199,50011,2111
109151,1199,50060,2112
109152,1199,38100,2109
109153,1199,50103,2108
109154,1199,50102,2113
109155,1199,50112,2110
109156,1199,50103,2116
109157,1199,34000,2117
109158,1199,34100,2107
109159,1199,34101,2114
109160,1199,43411,2352
109161,1199,41000,2306
109162,1199,41000,2314
109163,1199,41000,2307
109164,1199,40006,2308
109165,1199,43501,2313
109166,1199,46741,2753
109167,1199,46633,2762
109168,1199,46523,2754
109169,1199,46724,2763
109170,1199,46624,2758
109171,1199,46711,2760
109172,1199,46696,2761
109173,1199,46516,2759
109174,1199,53050,2530
109175,1199,53050,2529
109176,1199,53050,2525
109177,1199,53050,2521
109178,1199,53050,2527
109179,1199,53050,2535
109180,1199,53050,2528
109181,1199,53050,2536
109182,1199,46802,2601
109183,1199,46503,2607
109184,1199,46704,2604
109185,1199,46606,2605
109186,1199,46603,2606
109187,1199,46702,2603
109188,1199,38100,2103
109189,1199,50102,2106
109190,1199,40102,2310
109191,1199,43400,2312
